Phone Name,Brand,Year Released,OS,Chipset,Display Resolution,Display Size (inches),Display Type,Main Camera,Front Camera,Battery (mAh),Charging,RAM (GB),Storage (GB),NFC,5G,USB Type,Weight (g),Price (USD),Data Source
Samsung Galaxy S24 Ultra,Samsung,2024,Android 14,Snapdragon 8 Gen 3,3088x1440,6.8,LTPO AMOLED,200MP+12MP+50MP+10MP,12MP,5000,45W+15W wireless,12,256,Yes,Yes,USB-C 3.2,232,1299,Public specifications
Samsung Galaxy S24+,Samsung,2024,Android 14,Snapdragon 8 Gen 3,3088x1440,6.7,LTPO AMOLED,50MP+12MP+10MP,12MP,4900,45W+15W wireless,12,256,Yes,Yes,USB-C 3.2,196,999,Public specifications
Samsung Galaxy S24,Samsung,2024,Android 14,Snapdragon 8 Gen 3,2340x1080,6.2,AMOLED,50MP+12MP+10MP,12MP,4000,25W+15W wireless,8,128,Yes,Yes,USB-C 3.2,167,799,Public specifications
Samsung Galaxy S24 FE,Samsung,2024,Android 14,Exynos 2500,2340x1080,6.7,AMOLED,50MP+10MP+8MP,10MP,4700,25W+15W wireless,8,128,Yes,Yes,USB-C 3.2,213,649,Public specifications
Samsung Galaxy S23 Ultra,Samsung,2023,Android 13,Snapdragon 8 Gen 2,3088x1440,6.8,LTPO AMOLED,200MP+12MP+10MP+10MP,12MP,5000,45W+15W wireless,12,256,Yes,Yes,USB-C 3.2,234,1199,Public specifications
Samsung Galaxy S23+,Samsung,2023,Android 13,Snapdragon 8 Gen 2,2340x1080,6.6,AMOLED,50MP+12MP+10MP,12MP,4700,45W+15W wireless,8,256,Yes,Yes,USB-C 3.2,195,999,Public specifications
Samsung Galaxy S23,Samsung,2023,Android 13,Snapdragon 8 Gen 2,2340x1080,6.1,AMOLED,50MP+12MP+10MP,12MP,3900,25W+15W wireless,8,128,Yes,Yes,USB-C 3.2,168,799,Public specifications
Samsung Galaxy S23 FE,Samsung,2023,Android 13,Snapdragon 8 Gen 1,2340x1080,6.4,AMOLED,50MP+12MP+8MP,10MP,4500,25W+15W wireless,8,128,Yes,Yes,USB-C 3.2,177,599,Public specifications
Samsung Galaxy Z Fold 5,Samsung,2023,Android 13,Snapdragon 8 Gen 2,2176x1812,7.6,LTPO AMOLED,50MP+12MP+10MP,4MP,4400,25W+15W wireless,12,256,Yes,Yes,USB-C 3.2,253,1799,Public specifications
Samsung Galaxy Z Fold 4,Samsung,2022,Android 12,Snapdragon 8+ Gen 1,2176x1812,7.6,LTPO AMOLED,50MP+12MP+10MP,4MP,4400,25W+15W wireless,12,256,Yes,Yes,USB-C 3.2,263,1799,Public specifications
Samsung Galaxy Z Flip 5,Samsung,2023,Android 13,Snapdragon 8 Gen 2,2640x1080,6.7,LTPO AMOLED,12MP+12MP,10MP,3700,25W+15W wireless,8,256,Yes,Yes,USB-C 3.2,187,999,Public specifications
Samsung Galaxy Z Flip 4,Samsung,2022,Android 12,Snapdragon 8+ Gen 1,2640x1080,6.7,AMOLED,12MP+12MP,10MP,3700,25W+15W wireless,8,128,Yes,Yes,USB-C 3.2,187,999,Public specifications
Samsung Galaxy Z Flip 3,Samsung,2021,Android 11,Snapdragon 888,2640x1080,6.7,AMOLED,12MP+12MP,10MP,3300,15W+10W wireless,8,128,Yes,Yes,USB-C 3.2,183,999,Public specifications
Samsung Galaxy S22 Ultra,Samsung,2022,Android 12,Snapdragon 8 Gen 1,3088x1440,6.8,LTPO AMOLED,108MP+12MP+10MP+10MP,40MP,5000,45W+15W wireless,12,256,Yes,Yes,USB-C 3.2,229,1199,Public specifications
Samsung Galaxy S22+,Samsung,2022,Android 12,Snapdragon 8 Gen 1,2340x1080,6.6,AMOLED,50MP+12MP+10MP,10MP,4500,45W+15W wireless,8,128,Yes,Yes,USB-C 3.2,195,999,Public specifications
Samsung Galaxy S22,Samsung,2022,Android 12,Snapdragon 8 Gen 1,2340x1080,6.1,AMOLED,50MP+12MP+10MP,10MP,3700,25W+15W wireless,8,128,Yes,Yes,USB-C 3.2,167,799,Public specifications
Samsung Galaxy S21 Ultra,Samsung,2021,Android 11,Exynos 2100,3200x1440,6.8,LTPO AMOLED,108MP+12MP+10MP+10MP,40MP,5000,25W+15W wireless,12,128,Yes,Yes,USB-C 3.2,227,1199,Public specifications
Samsung Galaxy S21+,Samsung,2021,Android 11,Exynos 2100,2400x1080,6.7,AMOLED,12MP+64MP+12MP,10MP,4800,25W+15W wireless,8,128,Yes,Yes,USB-C 3.2,200,999,Public specifications
Samsung Galaxy S21,Samsung,2021,Android 11,Exynos 2100,2400x1080,6.2,AMOLED,12MP+64MP+12MP,10MP,4000,25W+15W wireless,8,128,Yes,Yes,USB-C 3.2,168,799,Public specifications
Samsung Galaxy S21 FE,Samsung,2022,Android 12,Snapdragon 888,2400x1080,6.4,AMOLED,12MP+12MP+8MP,32MP,4500,25W+15W wireless,6,128,Yes,Yes,USB-C 2.0,177,499,Public specifications
Samsung Galaxy A54,Samsung,2023,Android 13,Exynos 1380,2340x1080,6.4,AMOLED,50MP+12MP+5MP,32MP,5000,25W,8,128,Yes,Yes,USB-C 2.0,202,449,Public specifications
Samsung Galaxy A53,Samsung,2022,Android 12,Exynos 1280,2400x1080,6.5,AMOLED,64MP+12MP+5MP+5MP,32MP,5000,25W,8,128,Yes,Yes,USB-C 2.0,189,449,Public specifications
Samsung Galaxy A52s,Samsung,2021,Android 11,Snapdragon 778G,2400x1080,6.5,AMOLED,64MP+12MP+5MP+5MP,32MP,4500,25W,6,128,Yes,Yes,USB-C 2.0,189,399,Public specifications
Samsung Galaxy A34,Samsung,2023,Android 13,Dimensity 1080,2340x1080,6.6,AMOLED,48MP+8MP+5MP,13MP,5000,25W,8,128,Yes,Yes,USB-C 2.0,199,349,Public specifications
Samsung Galaxy A33,Samsung,2022,Android 12,Exynos 1280,2400x1080,6.4,AMOLED,48MP+8MP+5MP+5MP,13MP,5000,25W,6,128,Yes,Yes,USB-C 2.0,186,299,Public specifications
Samsung Galaxy A74,Samsung,2023,Android 13,Snapdragon 778G,2400x1080,6.7,AMOLED,108MP+12MP+5MP,32MP,5000,25W,8,256,Yes,Yes,USB-C 2.0,181,499,Public specifications
Samsung Galaxy A73,Samsung,2022,Android 12,Snapdragon 778G,2400x1080,6.7,AMOLED,108MP+12MP+5MP+5MP,32MP,5000,25W,8,128,Yes,Yes,USB-C 2.0,181,499,Public specifications
Samsung Galaxy A24,Samsung,2023,Android 13,Helio G99,2340x1080,6.5,AMOLED,50MP+5MP+2MP,13MP,5000,25W,8,128,No,No,USB-C 2.0,195,249,Public specifications
Samsung Galaxy A14,Samsung,2023,Android 13,Exynos 850,1600x720,6.6,PLS LCD,50MP+5MP+2MP,13MP,5000,15W,4,64,No,No,USB-C 2.0,201,199,Public specifications
Samsung Galaxy A14 5G,Samsung,2023,Android 13,Dimensity 700,1600x720,6.6,PLS LCD,50MP+2MP+2MP,13MP,5000,15W,4,64,Yes,Yes,USB-C 2.0,202,219,Public specifications
Samsung Galaxy A04s,Samsung,2022,Android 12,Exynos 850,1600x720,6.5,PLS LCD,50MP+5MP+2MP,13MP,5000,15W,3,32,No,No,USB-C 2.0,186,149,Public specifications
Samsung Galaxy M54,Samsung,2023,Android 13,Exynos 1380,2340x1080,6.7,AMOLED,108MP+8MP+2MP,32MP,6000,25W,8,128,Yes,Yes,USB-C 2.0,213,349,Public specifications
Samsung Galaxy M34,Samsung,2023,Android 13,Exynos 1280,2340x1080,6.5,AMOLED,50MP+8MP+2MP,13MP,6000,25W,8,128,Yes,Yes,USB-C 2.0,188,249,Public specifications
Samsung Galaxy F54,Samsung,2023,Android 13,Exynos 1380,2340x1080,6.7,AMOLED,108MP+8MP+2MP,32MP,6000,25W,8,128,Yes,Yes,USB-C 2.0,213,299,Public specifications
Samsung Galaxy XCover 6 Pro,Samsung,2022,Android 12,Snapdragon 778G,2408x1080,6.6,PLS LCD,50MP+8MP,13MP,4050,25W,6,128,Yes,Yes,USB-C 2.0,214,599,Public specifications
Samsung Galaxy Tab S9 Ultra,Samsung,2023,Android 13,Snapdragon 8 Gen 2,2960x1848,14.6,AMOLED,13MP+13MP,12MP+12MP,11200,45W,12,256,Yes,Yes,USB-C 3.2,732,1199,Public specifications
Samsung Galaxy S20 FE,Samsung,2020,Android 10,Snapdragon 865,2400x1080,6.5,AMOLED,12MP+12MP+8MP,32MP,4500,25W+15W wireless,6,128,Yes,Yes,USB-C 3.2,190,499,Public specifications
Samsung Galaxy Note 20 Ultra,Samsung,2020,Android 10,Exynos 990,3088x1440,6.9,LTPO AMOLED,108MP+12MP+12MP,10MP,4500,45W+15W wireless,12,256,Yes,Yes,USB-C 3.2,208,1299,Public specifications
Samsung Galaxy Note 20,Samsung,2020,Android 10,Exynos 990,2400x1080,6.7,AMOLED,64MP+12MP+12MP,10MP,4300,25W+15W wireless,8,256,Yes,Yes,USB-C 3.2,192,999,Public specifications
Samsung Galaxy A72,Samsung,2021,Android 11,Snapdragon 720G,2400x1080,6.7,AMOLED,64MP+12MP+8MP+5MP,32MP,5000,25W,8,256,No,No,USB-C 2.0,203,399,Public specifications
Apple iPhone 15 Pro Max,Apple,2023,iOS 17,Apple A17 Pro,2796x1290,6.7,LTPO OLED,48MP+12MP+12MP,12MP,4422,27W+15W MagSafe,8,256,Yes,Yes,USB-C 3.2,221,1199,Public specifications
Apple iPhone 15 Pro,Apple,2023,iOS 17,Apple A17 Pro,2556x1179,6.1,LTPO OLED,48MP+12MP+12MP,12MP,3274,27W+15W MagSafe,8,128,Yes,Yes,USB-C 3.2,187,999,Public specifications
Apple iPhone 15 Plus,Apple,2023,iOS 17,Apple A16,2778x1284,6.7,OLED,48MP+12MP,12MP,4383,20W+15W MagSafe,6,128,Yes,Yes,USB-C 2.0,201,899,Public specifications
Apple iPhone 15,Apple,2023,iOS 17,Apple A16,2556x1179,6.1,OLED,48MP+12MP,12MP,3279,20W+15W MagSafe,6,128,Yes,Yes,USB-C 2.0,171,799,Public specifications
Apple iPhone 14 Pro Max,Apple,2022,iOS 16,Apple A16,2796x1290,6.7,LTPO OLED,48MP+12MP+12MP,12MP,4323,27W+15W MagSafe,6,256,Yes,Yes,Lightning,240,1099,Public specifications
Apple iPhone 14 Pro,Apple,2022,iOS 16,Apple A16,2556x1179,6.1,LTPO OLED,48MP+12MP+12MP,12MP,3200,27W+15W MagSafe,6,128,Yes,Yes,Lightning,206,999,Public specifications
Apple iPhone 14 Plus,Apple,2022,iOS 16,Apple A15,2778x1284,6.7,OLED,12MP+12MP,12MP,4325,20W+15W MagSafe,6,128,Yes,Yes,Lightning,203,899,Public specifications
Apple iPhone 14,Apple,2022,iOS 16,Apple A15,2532x1170,6.1,OLED,12MP+12MP,12MP,3279,20W+15W MagSafe,6,128,Yes,Yes,Lightning,172,799,Public specifications
Apple iPhone 13 Pro Max,Apple,2021,iOS 15,Apple A15,2778x1284,6.7,LTPO OLED,12MP+12MP+12MP,12MP,4352,27W+15W MagSafe,6,128,Yes,Yes,Lightning,238,1099,Public specifications
Apple iPhone 13 Pro,Apple,2021,iOS 15,Apple A15,2532x1170,6.1,OLED,12MP+12MP+12MP,12MP,3095,27W+15W MagSafe,6,128,Yes,Yes,Lightning,203,999,Public specifications
Apple iPhone 13,Apple,2021,iOS 15,Apple A15,2532x1170,6.1,OLED,12MP+12MP,12MP,3227,20W+15W MagSafe,4,128,Yes,Yes,Lightning,173,799,Public specifications
Apple iPhone 13 Mini,Apple,2021,iOS 15,Apple A15,2340x1080,5.4,OLED,12MP+12MP,12MP,2438,20W+15W MagSafe,4,128,Yes,Yes,Lightning,140,699,Public specifications
Apple iPhone 12 Pro Max,Apple,2020,iOS 14,Apple A14,2778x1284,6.7,OLED,12MP+12MP+12MP,12MP,3687,20W+15W MagSafe,6,128,Yes,Yes,Lightning,226,1099,Public specifications
Apple iPhone 12 Pro,Apple,2020,iOS 14,Apple A14,2532x1170,6.1,OLED,12MP+12MP+12MP,12MP,2815,20W+15W MagSafe,6,128,Yes,Yes,Lightning,187,999,Public specifications
Apple iPhone 12,Apple,2020,iOS 14,Apple A14,2532x1170,6.1,OLED,12MP+12MP,12MP,2815,20W+15W MagSafe,4,64,Yes,Yes,Lightning,162,799,Public specifications
Apple iPhone 12 Mini,Apple,2020,iOS 14,Apple A14,2340x1080,5.4,OLED,12MP+12MP,12MP,2227,20W+15W MagSafe,4,64,Yes,Yes,Lightning,133,699,Public specifications
Apple iPhone 11 Pro Max,Apple,2019,iOS 13,Apple A13,2688x1242,6.5,OLED,12MP+12MP+12MP,12MP,3969,18W,4,64,Yes,No,Lightning,226,1099,Public specifications
Apple iPhone 11 Pro,Apple,2019,iOS 13,Apple A13,2436x1125,5.8,OLED,12MP+12MP+12MP,12MP,3046,18W,4,64,Yes,No,Lightning,188,999,Public specifications
Apple iPhone 11,Apple,2019,iOS 13,Apple A13,1792x828,6.1,IPS LCD,12MP+12MP,12MP,3110,18W,4,64,Yes,No,Lightning,194,699,Public specifications
Apple iPhone SE 3rd Gen,Apple,2022,iOS 15,Apple A15,1334x750,4.7,IPS LCD,12MP,7MP,2018,20W+7.5W Qi,4,64,Yes,Yes,Lightning,144,429,Public specifications
Apple iPhone SE 2nd Gen,Apple,2020,iOS 13,Apple A13,1334x750,4.7,IPS LCD,12MP,7MP,1821,18W+7.5W Qi,3,64,Yes,No,Lightning,148,399,Public specifications
Google Pixel 9 Pro XL,Google,2024,Android 14,Google Tensor G4,3120x1440,6.8,LTPO OLED,50MP+48MP+48MP,42MP,5060,37W+23W wireless,16,128,Yes,Yes,USB-C 3.2,221,1099,Public specifications
Google Pixel 9 Pro,Google,2024,Android 14,Google Tensor G4,2856x1280,6.3,LTPO OLED,50MP+48MP+48MP,42MP,4700,37W+23W wireless,16,128,Yes,Yes,USB-C 3.2,199,999,Public specifications
Google Pixel 9,Google,2024,Android 14,Google Tensor G4,2424x1080,6.3,OLED,50MP+48MP,10.5MP,4700,27W+15W wireless,12,128,Yes,Yes,USB-C 3.2,198,799,Public specifications
Google Pixel 8 Pro,Google,2023,Android 14,Google Tensor G3,2992x1344,6.7,LTPO OLED,50MP+48MP+48MP,10.5MP,5050,30W+23W wireless,12,128,Yes,Yes,USB-C 3.2,213,999,Public specifications
Google Pixel 8,Google,2023,Android 14,Google Tensor G3,2400x1080,6.2,OLED,50MP+12MP,10.5MP,4575,27W+18W wireless,8,128,Yes,Yes,USB-C 3.2,187,699,Public specifications
Google Pixel 8a,Google,2024,Android 14,Google Tensor G3,2392x1080,6.1,OLED,64MP+13MP,13MP,4492,18W+7.5W wireless,8,128,Yes,Yes,USB-C 3.2,188,499,Public specifications
Google Pixel 7 Pro,Google,2022,Android 13,Google Tensor G2,3120x1440,6.7,LTPO OLED,50MP+48MP+12MP,10.8MP,5000,30W+23W wireless,12,128,Yes,Yes,USB-C 3.2,212,899,Public specifications
Google Pixel 7,Google,2022,Android 13,Google Tensor G2,2400x1080,6.3,OLED,50MP+12MP,10.8MP,4355,23W+20W wireless,8,128,Yes,Yes,USB-C 3.2,197,599,Public specifications
Google Pixel 7a,Google,2023,Android 13,Google Tensor G2,2400x1080,6.1,OLED,64MP+13MP,13MP,4385,18W+7.5W wireless,8,128,Yes,Yes,USB-C 3.2,193,499,Public specifications
Google Pixel 6 Pro,Google,2021,Android 12,Google Tensor G1,3120x1440,6.7,LTPO OLED,50MP+48MP+12MP,11.1MP,5003,30W+23W wireless,12,128,Yes,Yes,USB-C 3.2,210,899,Public specifications
Google Pixel 6,Google,2021,Android 12,Google Tensor G1,2400x1080,6.4,OLED,50MP+12MP,8MP,4614,30W+21W wireless,8,128,Yes,Yes,USB-C 3.2,207,599,Public specifications
Google Pixel 6a,Google,2022,Android 12,Google Tensor G1,2400x1080,6.1,OLED,12.2MP+12MP,8MP,4410,18W,6,128,Yes,Yes,USB-C 3.2,178,449,Public specifications
Google Pixel 5,Google,2020,Android 11,Snapdragon 765G,2340x1080,6.0,OLED,12.2MP+16MP,8MP,4080,18W+12W wireless,8,128,Yes,Yes,USB-C 3.2,151,699,Public specifications
Google Pixel 5a,Google,2021,Android 11,Snapdragon 765G,2400x1080,6.34,OLED,12.2MP+16MP,8MP,4680,18W,6,128,Yes,Yes,USB-C 3.2,183,449,Public specifications
Google Pixel 4a 5G,Google,2020,Android 11,Snapdragon 765G,2340x1080,6.2,OLED,12.2MP+16MP,8MP,3885,18W,6,128,Yes,Yes,USB-C 3.2,168,499,Public specifications
Xiaomi 14 Ultra,Xiaomi,2024,Android 14,Snapdragon 8 Gen 3,3200x1440,6.73,LTPO AMOLED,50MP+50MP+50MP+50MP,32MP,5000,90W+80W wireless,16,512,Yes,Yes,USB-C 3.2,229,1399,Public specifications
Xiaomi 14 Pro,Xiaomi,2023,Android 14,Snapdragon 8 Gen 3,3200x1440,6.73,LTPO AMOLED,50MP+50MP+50MP,32MP,4880,120W+50W wireless,16,512,Yes,Yes,USB-C 3.2,229,999,Public specifications
Xiaomi 14,Xiaomi,2023,Android 14,Snapdragon 8 Gen 3,2670x1200,6.36,AMOLED,50MP+50MP+50MP,32MP,4610,90W+50W wireless,12,256,Yes,Yes,USB-C 3.2,193,799,Public specifications
Xiaomi 13 Ultra,Xiaomi,2023,Android 13,Snapdragon 8 Gen 2,3200x1440,6.73,LTPO AMOLED,50MP+50MP+10MP+48MP,32MP,5000,90W+50W wireless,12,256,Yes,Yes,USB-C 3.2,227,1199,Public specifications
Xiaomi 13 Pro,Xiaomi,2023,Android 13,Snapdragon 8 Gen 2,3200x1440,6.73,LTPO AMOLED,50MP+50MP+10MP,32MP,4820,120W+50W wireless,12,256,Yes,Yes,USB-C 3.2,229,899,Public specifications
Xiaomi 13,Xiaomi,2023,Android 13,Snapdragon 8 Gen 2,2400x1080,6.36,AMOLED,54MP+12MP+10MP,32MP,4500,67W+50W wireless,12,256,Yes,Yes,USB-C 3.2,185,699,Public specifications
Xiaomi 12 Pro,Xiaomi,2022,Android 12,Snapdragon 8 Gen 1,3200x1440,6.73,AMOLED,50MP+50MP+50MP,32MP,4600,120W+50W wireless,12,256,Yes,Yes,USB-C 3.1,204,799,Public specifications
Xiaomi 12,Xiaomi,2022,Android 12,Snapdragon 8 Gen 1,2400x1080,6.28,AMOLED,50MP+13MP+5MP,32MP,4500,67W+50W wireless,12,128,Yes,Yes,USB-C 3.1,180,699,Public specifications
Xiaomi 12T Pro,Xiaomi,2022,Android 12,Snapdragon 8+ Gen 1,2712x1220,6.67,AMOLED,200MP+8MP+2MP,20MP,5000,120W,12,256,Yes,Yes,USB-C 3.1,205,649,Public specifications
Xiaomi 12T,Xiaomi,2022,Android 12,Dimensity 8100 Ultra,2712x1220,6.67,AMOLED,108MP+8MP+2MP,20MP,5000,67W,8,128,Yes,Yes,USB-C 2.0,202,499,Public specifications
Xiaomi 11T Pro,Xiaomi,2021,Android 11,Snapdragon 888,2400x1080,6.67,AMOLED,108MP+8MP+5MP,16MP,5000,120W,8,128,Yes,Yes,USB-C 3.1,204,499,Public specifications
Xiaomi 11T,Xiaomi,2021,Android 11,Dimensity 1200 Ultra,2400x1080,6.67,AMOLED,108MP+8MP+5MP,16MP,5000,67W,8,128,Yes,Yes,USB-C 2.0,203,399,Public specifications
Xiaomi Redmi Note 13 Pro+,Xiaomi,2023,Android 13,Dimensity 7200 Ultra,2772x1240,6.67,AMOLED,200MP+8MP+2MP,16MP,5000,120W,12,256,Yes,Yes,USB-C 2.0,187,399,Public specifications
Xiaomi Redmi Note 13 Pro,Xiaomi,2023,Android 13,Dimensity 7200 Ultra,2712x1220,6.67,AMOLED,200MP+8MP+2MP,16MP,5100,67W,12,256,Yes,Yes,USB-C 2.0,187,349,Public specifications
Xiaomi Redmi Note 13,Xiaomi,2023,Android 13,Snapdragon 685,2400x1080,6.67,AMOLED,108MP+8MP+2MP,16MP,5000,33W,8,128,Yes,No,USB-C 2.0,174,249,Public specifications
Xiaomi Redmi Note 12 Pro+,Xiaomi,2022,Android 12,Dimensity 1080,2400x1080,6.67,AMOLED,200MP+8MP+2MP,16MP,5000,120W,8,256,Yes,Yes,USB-C 2.0,208,399,Public specifications
Xiaomi Redmi Note 12 Pro,Xiaomi,2022,Android 12,Dimensity 1080,2400x1080,6.67,AMOLED,50MP+8MP+2MP,16MP,5000,67W,8,128,Yes,Yes,USB-C 2.0,187,299,Public specifications
Xiaomi Redmi Note 12,Xiaomi,2022,Android 12,Snapdragon 4 Gen 1,2400x1080,6.67,AMOLED,50MP+8MP+2MP,13MP,5000,33W,4,128,No,Yes,USB-C 2.0,188,199,Public specifications
Xiaomi Redmi Note 11 Pro+,Xiaomi,2022,Android 11,Helio G96,2400x1080,6.67,AMOLED,108MP+8MP+2MP,16MP,5000,67W,8,128,Yes,No,USB-C 2.0,202,299,Public specifications
Xiaomi POCO X6 Pro,Xiaomi,2024,Android 14,Dimensity 8300 Ultra,2712x1220,6.67,AMOLED,64MP+8MP+2MP,16MP,5000,67W,12,256,Yes,Yes,USB-C 2.0,186,349,Public specifications
Xiaomi POCO X6,Xiaomi,2024,Android 14,Snapdragon 7s Gen 2,2712x1220,6.67,AMOLED,64MP+8MP+2MP,16MP,5100,67W,12,256,Yes,Yes,USB-C 2.0,181,299,Public specifications
Xiaomi POCO X5 Pro,Xiaomi,2023,Android 12,Snapdragon 778G,2400x1080,6.67,AMOLED,108MP+8MP+2MP,16MP,5000,67W,8,256,Yes,Yes,USB-C 2.0,181,299,Public specifications
Xiaomi POCO F5 Pro,Xiaomi,2023,Android 13,Snapdragon 8 Gen 2,3200x1440,6.67,LTPO AMOLED,64MP+8MP+2MP,16MP,5160,67W,12,256,Yes,Yes,USB-C 3.1,204,499,Public specifications
Xiaomi POCO F5,Xiaomi,2023,Android 13,Snapdragon 7+ Gen 2,2400x1080,6.67,AMOLED,64MP+8MP+2MP,16MP,5000,67W,12,256,Yes,Yes,USB-C 2.0,181,349,Public specifications
Xiaomi POCO F4 GT,Xiaomi,2022,Android 12,Snapdragon 8 Gen 1,2400x1080,6.67,AMOLED,64MP+8MP+2MP,20MP,4700,120W,12,256,Yes,Yes,USB-C 3.1,210,599,Public specifications
Xiaomi POCO M6 Pro,Xiaomi,2024,Android 14,Helio G99 Ultra,2712x1220,6.67,AMOLED,64MP+8MP+2MP,16MP,5000,67W,12,512,Yes,Yes,USB-C 2.0,179,249,Public specifications
Xiaomi Redmi 12,Xiaomi,2023,Android 13,Helio G88,2460x1080,6.79,IPS LCD,50MP+8MP+2MP,8MP,5000,18W,8,256,Yes,No,USB-C 2.0,198,149,Public specifications
OnePlus 12,OnePlus,2024,Android 14,Snapdragon 8 Gen 3,3168x1440,6.82,LTPO AMOLED,50MP+48MP+64MP,32MP,5400,100W+50W wireless,16,256,Yes,Yes,USB-C 3.1,220,799,Public specifications
OnePlus 12R,OnePlus,2024,Android 14,Snapdragon 8 Gen 1,2772x1240,6.78,AMOLED,50MP+8MP+2MP,16MP,5500,100W,16,256,Yes,Yes,USB-C 2.0,207,599,Public specifications
OnePlus 11,OnePlus,2023,Android 13,Snapdragon 8 Gen 2,3216x1440,6.7,LTPO AMOLED,50MP+48MP+32MP,16MP,5000,100W,16,256,Yes,Yes,USB-C 3.1,205,699,Public specifications
OnePlus 11R,OnePlus,2023,Android 13,Snapdragon 8+ Gen 1,2412x1080,6.74,AMOLED,50MP+8MP+2MP,16MP,5000,100W,16,256,Yes,Yes,USB-C 2.0,195,499,Public specifications
OnePlus Open,OnePlus,2023,Android 13,Snapdragon 8 Gen 2,2268x2440,7.82,LTPO AMOLED,48MP+48MP+64MP,20MP,4805,67W+15W wireless,16,512,Yes,Yes,USB-C 3.1,245,1699,Public specifications
OnePlus Nord 3,OnePlus,2023,Android 13,Dimensity 9000,2772x1240,6.74,AMOLED,50MP+8MP+2MP,16MP,5000,80W,16,256,Yes,Yes,USB-C 2.0,193,499,Public specifications
OnePlus Nord CE 3 Lite,OnePlus,2023,Android 13,Snapdragon 695,2388x1080,6.72,IPS LCD,108MP+2MP+2MP,16MP,5000,67W,8,128,Yes,Yes,USB-C 2.0,195,249,Public specifications
OnePlus Nord CE 3,OnePlus,2023,Android 13,Dimensity 7050,2412x1080,6.7,AMOLED,50MP+8MP+2MP,32MP,5000,80W,8,128,Yes,Yes,USB-C 2.0,186,299,Public specifications
OnePlus 10 Pro,OnePlus,2022,Android 12,Snapdragon 8 Gen 1,3216x1440,6.7,LTPO AMOLED,48MP+50MP+8MP,32MP,5000,80W+50W wireless,12,256,Yes,Yes,USB-C 3.1,200,899,Public specifications
OnePlus 10T,OnePlus,2022,Android 12,Snapdragon 8+ Gen 1,2412x1080,6.7,AMOLED,50MP+16MP+2MP,16MP,4800,150W,16,256,Yes,Yes,USB-C 2.0,204,699,Public specifications
OnePlus 9 Pro,OnePlus,2021,Android 11,Snapdragon 888,3216x1440,6.7,LTPO AMOLED,48MP+50MP+8MP+2MP,16MP,4500,65W+50W wireless,12,256,Yes,Yes,USB-C 3.1,197,969,Public specifications
OnePlus 9,OnePlus,2021,Android 11,Snapdragon 888,2400x1080,6.55,AMOLED,48MP+50MP+2MP,16MP,4500,65W+15W wireless,12,128,Yes,Yes,USB-C 3.1,183,729,Public specifications
OnePlus Nord 2T,OnePlus,2022,Android 12,Dimensity 1300,2400x1080,6.43,AMOLED,50MP+8MP+2MP,32MP,4500,80W,12,128,Yes,Yes,USB-C 2.0,190,399,Public specifications
Sony Xperia 1 VI,Sony,2024,Android 14,Snapdragon 8 Gen 3,2340x1080,6.5,OLED,52MP+12MP+12MP,12MP,5000,30W+15W wireless,12,256,Yes,Yes,USB-C 3.2,192,1299,Public specifications
Sony Xperia 1 V,Sony,2023,Android 13,Snapdragon 8 Gen 2,3840x1644,6.5,OLED,52MP+12MP+12MP,12MP,5000,30W+15W wireless,12,256,Yes,Yes,USB-C 3.2,187,1399,Public specifications
Sony Xperia 1 IV,Sony,2022,Android 12,Snapdragon 8 Gen 1,3840x1644,6.5,OLED,12MP+12MP+12MP,12MP,5000,30W+15W wireless,12,256,Yes,Yes,USB-C 3.2,185,1599,Public specifications
Sony Xperia 1 III,Sony,2021,Android 11,Snapdragon 888,3840x1644,6.5,OLED,12MP+12MP+12MP,8MP,4500,30W+15W wireless,12,256,Yes,Yes,USB-C 3.1,188,1299,Public specifications
Sony Xperia 5 V,Sony,2023,Android 13,Snapdragon 8 Gen 2,2520x1080,6.1,OLED,52MP+12MP,12MP,5000,30W+15W wireless,8,128,Yes,Yes,USB-C 3.2,182,999,Public specifications
Sony Xperia 5 IV,Sony,2022,Android 12,Snapdragon 8 Gen 1,2520x1080,6.1,OLED,12MP+12MP+12MP,12MP,5000,30W+15W wireless,8,128,Yes,Yes,USB-C 3.2,172,999,Public specifications
Sony Xperia 5 III,Sony,2021,Android 11,Snapdragon 888,2520x1080,6.1,OLED,12MP+12MP+12MP,8MP,4500,30W+15W wireless,8,128,Yes,Yes,USB-C 3.1,168,999,Public specifications
Sony Xperia 10 V,Sony,2023,Android 13,Snapdragon 695,2520x1080,6.1,OLED,48MP+8MP+12MP,8MP,5000,30W,6,128,Yes,Yes,USB-C 2.0,159,449,Public specifications
Sony Xperia 10 IV,Sony,2022,Android 12,Snapdragon 695,2520x1080,6.0,OLED,12MP+8MP+8MP,8MP,5000,30W,6,128,Yes,Yes,USB-C 3.1,161,499,Public specifications
Sony Xperia 10 III,Sony,2021,Android 11,Snapdragon 690,2520x1080,6.0,OLED,12MP+8MP+8MP,8MP,4500,30W,6,128,Yes,Yes,USB-C 3.1,169,499,Public specifications
Motorola Edge 50 Ultra,Motorola,2024,Android 14,Snapdragon 8s Gen 3,2712x1220,6.7,pOLED,50MP+64MP+10MP,50MP,4500,125W+50W wireless,16,512,Yes,Yes,USB-C 3.1,197,799,Public specifications
Motorola Edge 50 Pro,Motorola,2024,Android 14,Snapdragon 7 Gen 3,2712x1220,6.7,pOLED,50MP+13MP+10MP,50MP,4500,125W+15W wireless,12,256,Yes,Yes,USB-C 2.0,186,499,Public specifications
Motorola Edge 50,Motorola,2024,Android 14,Snapdragon 7s Gen 2,2400x1080,6.7,pOLED,50MP+13MP+10MP,32MP,5000,68W+15W wireless,12,256,Yes,Yes,USB-C 2.0,174,399,Public specifications
Motorola Edge 40 Pro,Motorola,2023,Android 13,Snapdragon 8 Gen 2,2400x1080,6.67,pOLED,50MP+50MP+12MP,60MP,4600,125W+15W wireless,12,256,Yes,Yes,USB-C 3.1,199,799,Public specifications
Motorola Edge 40,Motorola,2023,Android 13,Dimensity 8020,2400x1080,6.55,pOLED,50MP+13MP,32MP,4400,68W+15W wireless,8,256,Yes,Yes,USB-C 2.0,167,399,Public specifications
Motorola Razr 40 Ultra,Motorola,2023,Android 13,Snapdragon 8+ Gen 1,2640x1080,6.9,pOLED Foldable,12MP+13MP,32MP,3800,30W+5W wireless,8,256,Yes,Yes,USB-C 2.0,184,999,Public specifications
Motorola Razr 40,Motorola,2023,Android 13,Snapdragon 7 Gen 1,2640x1080,6.9,pOLED Foldable,64MP+13MP,32MP,4200,30W+5W wireless,8,256,Yes,Yes,USB-C 2.0,188,699,Public specifications
Motorola Moto G84,Motorola,2023,Android 13,Snapdragon 695,2400x1080,6.55,pOLED,50MP+8MP,16MP,5000,33W,12,256,Yes,Yes,USB-C 2.0,167,299,Public specifications
Motorola Moto G73,Motorola,2023,Android 13,Dimensity 930,2400x1080,6.5,pOLED,50MP+8MP,16MP,5000,30W,8,256,Yes,Yes,USB-C 2.0,166,249,Public specifications
Motorola Moto G54,Motorola,2023,Android 13,Dimensity 7020,2400x1080,6.5,IPS LCD,50MP+2MP,16MP,6000,33W,12,256,Yes,Yes,USB-C 2.0,193,199,Public specifications
Nothing Phone 2a Plus,Nothing,2024,Android 14,Dimensity 7350 Pro,2412x1080,6.7,AMOLED,50MP+50MP,32MP,5000,50W,12,256,Yes,Yes,USB-C 2.0,190,399,Public specifications
Nothing Phone 2a,Nothing,2024,Android 14,Dimensity 7200 Pro,2412x1080,6.7,AMOLED,50MP+50MP,32MP,5000,45W,12,256,Yes,Yes,USB-C 2.0,190,349,Public specifications
Nothing Phone 2,Nothing,2023,Android 13,Snapdragon 8+ Gen 1,2412x1080,6.7,AMOLED,50MP+50MP,32MP,4700,45W+15W wireless,12,256,Yes,Yes,USB-C 2.0,201,699,Public specifications
Nothing Phone 1,Nothing,2022,Android 12,Snapdragon 778G+,2400x1080,6.55,AMOLED,50MP+50MP,16MP,4500,33W+15W wireless,12,256,Yes,Yes,USB-C 2.0,193,399,Public specifications
Oppo Find X8 Pro,Oppo,2024,Android 15,Snapdragon 8 Elite,3168x1440,6.78,LTPO AMOLED,50MP+50MP+50MP+6MP,32MP,5910,100W+50W wireless,16,512,Yes,Yes,USB-C 3.2,218,1099,Public specifications
Oppo Find X7 Ultra,Oppo,2023,Android 14,Snapdragon 8 Gen 3,3168x1440,6.82,LTPO AMOLED,50MP+50MP+64MP+6MP,32MP,5000,100W+50W wireless,16,256,Yes,Yes,USB-C 3.2,222,1099,Public specifications
Oppo Find X7,Oppo,2023,Android 14,Dimensity 9300,3168x1440,6.74,LTPO AMOLED,50MP+48MP+64MP,32MP,5000,100W+50W wireless,16,256,Yes,Yes,USB-C 3.2,199,799,Public specifications
Oppo Find X6 Pro,Oppo,2023,Android 13,Snapdragon 8 Gen 2,3168x1440,6.82,LTPO AMOLED,50MP+50MP+48MP,32MP,5000,100W+50W wireless,12,256,Yes,Yes,USB-C 3.2,218,999,Public specifications
Oppo Find X5 Pro,Oppo,2022,Android 12,Snapdragon 8 Gen 1,3216x1440,6.7,LTPO AMOLED,50MP+50MP+13MP,32MP,5000,80W+50W wireless,12,256,Yes,Yes,USB-C 3.1,218,999,Public specifications
Oppo Reno 11 Pro,Oppo,2023,Android 14,Dimensity 8200,2772x1240,6.74,AMOLED,50MP+32MP+12MP,32MP,4600,80W,12,256,Yes,Yes,USB-C 2.0,185,499,Public specifications
Oppo Reno 10 Pro+,Oppo,2023,Android 13,Snapdragon 8+ Gen 1,2772x1240,6.74,AMOLED,50MP+32MP+6MP,32MP,4600,100W,12,256,Yes,Yes,USB-C 3.1,193,599,Public specifications
Oppo Reno 10,Oppo,2023,Android 13,Snapdragon 778G,2772x1240,6.74,AMOLED,64MP+32MP+8MP,32MP,5000,67W,8,256,Yes,Yes,USB-C 2.0,183,399,Public specifications
Oppo A98,Oppo,2023,Android 13,Snapdragon 695,2400x1080,6.72,IPS LCD,64MP+2MP+2MP,32MP,5000,67W,8,256,Yes,Yes,USB-C 2.0,192,299,Public specifications
Oppo A79,Oppo,2023,Android 13,Dimensity 6020,1612x720,6.72,IPS LCD,50MP+2MP,8MP,5000,33W,8,256,Yes,No,USB-C 2.0,193,249,Public specifications
Vivo X100 Ultra,Vivo,2024,Android 14,Snapdragon 8 Gen 3,3200x1440,6.82,LTPO AMOLED,50MP+50MP+200MP,32MP,5500,120W+60W wireless,16,512,Yes,Yes,USB-C 3.2,228,1099,Public specifications
Vivo X100 Pro,Vivo,2023,Android 14,Dimensity 9300,3200x1440,6.78,LTPO AMOLED,50MP+50MP+64MP,32MP,5400,120W+60W wireless,16,256,Yes,Yes,USB-C 3.2,225,999,Public specifications
Vivo X100,Vivo,2023,Android 14,Dimensity 9300,2800x1260,6.78,AMOLED,50MP+50MP+64MP,32MP,5000,120W+50W wireless,16,256,Yes,Yes,USB-C 3.2,218,799,Public specifications
Vivo X90 Pro,Vivo,2022,Android 13,Dimensity 9200,3200x1440,6.78,LTPO AMOLED,50MP+50MP+12MP,32MP,4870,120W+50W wireless,12,256,Yes,Yes,USB-C 3.2,215,799,Public specifications
Vivo V30 Pro,Vivo,2024,Android 14,Snapdragon 7 Gen 3,2800x1260,6.78,AMOLED,50MP+50MP+8MP,50MP,5000,80W+15W wireless,12,256,Yes,Yes,USB-C 2.0,186,499,Public specifications
Vivo V30,Vivo,2024,Android 14,Snapdragon 7 Gen 3,2800x1260,6.78,AMOLED,50MP+8MP+2MP,50MP,5000,80W+15W wireless,8,256,Yes,Yes,USB-C 2.0,186,399,Public specifications
Vivo Y100,Vivo,2023,Android 13,Snapdragon 4 Gen 1,2400x1080,6.67,AMOLED,64MP+2MP+2MP,16MP,4500,44W,8,128,No,Yes,USB-C 2.0,186,249,Public specifications
Realme GT 6,Realme,2024,Android 14,Snapdragon 8s Gen 3,2780x1264,6.78,LTPO AMOLED,50MP+50MP+8MP,32MP,5500,120W,16,512,Yes,Yes,USB-C 3.1,199,599,Public specifications
Realme GT 5 Pro,Realme,2023,Android 14,Snapdragon 8 Gen 3,3168x1440,6.78,LTPO AMOLED,50MP+50MP+8MP,32MP,5400,100W+50W wireless,16,256,Yes,Yes,USB-C 3.1,218,699,Public specifications
Realme GT 5,Realme,2023,Android 13,Snapdragon 8 Gen 2,2772x1240,6.74,AMOLED,50MP+8MP+2MP,16MP,5240,240W,16,1024,Yes,Yes,USB-C 3.1,199,599,Public specifications
Realme GT 2 Pro,Realme,2022,Android 12,Snapdragon 8 Gen 1,3216x1440,6.7,LTPO AMOLED,50MP+50MP+2MP,32MP,5000,65W,12,256,Yes,Yes,USB-C 3.1,199,599,Public specifications
Realme 12 Pro+,Realme,2024,Android 14,Snapdragon 7s Gen 2,2772x1240,6.7,AMOLED,50MP+64MP+8MP,32MP,5000,67W,12,256,Yes,Yes,USB-C 2.0,196,399,Public specifications
Realme 11 Pro+,Realme,2023,Android 13,Dimensity 7050,2412x1080,6.7,AMOLED,200MP+8MP+2MP,16MP,5000,100W,12,256,Yes,Yes,USB-C 2.0,182,349,Public specifications
Realme Narzo 60 Pro,Realme,2023,Android 13,Dimensity 7050,2412x1080,6.7,AMOLED,100MP+2MP+2MP,16MP,5000,67W,8,128,Yes,Yes,USB-C 2.0,182,299,Public specifications
Asus ROG Phone 8 Pro,Asus,2024,Android 14,Snapdragon 8 Gen 3,2400x1080,6.78,AMOLED,50MP+13MP+32MP,32MP,5500,65W+15W wireless,24,1024,Yes,Yes,USB-C 3.2,225,1099,Public specifications
Asus ROG Phone 8,Asus,2024,Android 14,Snapdragon 8 Gen 3,2400x1080,6.78,AMOLED,50MP+13MP+32MP,32MP,5500,65W+15W wireless,16,256,Yes,Yes,USB-C 3.2,225,899,Public specifications
Asus ROG Phone 7 Ultimate,Asus,2023,Android 13,Snapdragon 8 Gen 2,2448x1080,6.78,AMOLED,50MP+13MP+5MP,16MP,6000,65W+15W wireless,16,512,Yes,Yes,USB-C 3.2,247,1299,Public specifications
Asus ROG Phone 7 Pro,Asus,2023,Android 13,Snapdragon 8 Gen 2,2448x1080,6.78,AMOLED,50MP+13MP+5MP,16MP,6000,65W+15W wireless,16,512,Yes,Yes,USB-C 3.2,239,1099,Public specifications
Asus Zenfone 11 Ultra,Asus,2024,Android 14,Snapdragon 8 Gen 3,2400x1080,6.78,AMOLED,50MP+13MP+32MP,32MP,5500,65W+15W wireless,12,256,Yes,Yes,USB-C 3.2,224,999,Public specifications
Asus Zenfone 10,Asus,2023,Android 13,Snapdragon 8 Gen 2,2400x1080,5.92,AMOLED,50MP+13MP,32MP,4300,30W+15W wireless,8,128,Yes,Yes,USB-C 3.2,172,799,Public specifications
Honor Magic 6 Pro,Honor,2024,Android 14,Snapdragon 8 Gen 3,2800x1280,6.8,LTPO AMOLED,50MP+50MP+180MP,50MP,5600,80W+66W wireless,12,512,Yes,Yes,USB-C 3.2,229,999,Public specifications
Honor Magic 5 Pro,Honor,2023,Android 13,Snapdragon 8 Gen 2,2848x1312,6.81,LTPO AMOLED,54MP+50MP+50MP,12MP,5100,66W+50W wireless,12,256,Yes,Yes,USB-C 3.1,219,799,Public specifications
Honor 90 Pro,Honor,2023,Android 13,Snapdragon 8+ Gen 1,2848x1312,6.78,LTPO AMOLED,200MP+12MP+32MP,50MP,5000,90W+50W wireless,12,256,Yes,Yes,USB-C 3.1,194,599,Public specifications
Honor 90,Honor,2023,Android 13,Snapdragon 7 Gen 1,2664x1200,6.7,AMOLED,200MP+12MP+2MP,50MP,5000,66W,12,256,Yes,Yes,USB-C 2.0,183,499,Public specifications
Honor X9b,Honor,2024,Android 13,Snapdragon 6 Gen 1,2412x1080,6.78,AMOLED,108MP+5MP+2MP,16MP,5800,35W,12,256,Yes,Yes,USB-C 2.0,185,299,Public specifications
Huawei Pura 70 Pro+,Huawei,2024,HarmonyOS 4,Kirin 9010S,2844x1260,6.8,LTPO OLED,50MP+48MP+40MP,13MP,5500,100W+80W wireless,16,1024,Yes,No,USB-C 3.1,226,1299,Public specifications
Huawei Pura 70 Pro,Huawei,2024,HarmonyOS 4,Kirin 9010,2844x1260,6.8,LTPO OLED,50MP+48MP+40MP,13MP,5050,100W+80W wireless,12,512,Yes,No,USB-C 3.1,220,1099,Public specifications
Huawei Pura 70,Huawei,2024,HarmonyOS 4,Kirin 9010,2760x1256,6.6,OLED,50MP+12MP+12MP,13MP,4900,100W+50W wireless,12,256,Yes,No,USB-C 3.1,207,799,Public specifications
Huawei Mate 60 Pro+,Huawei,2023,HarmonyOS 4,Kirin 9000S,2720x1260,6.82,LTPO OLED,50MP+13MP+12MP,13MP,5000,88W+50W wireless,16,512,Yes,No,USB-C 3.1,226,1299,Public specifications
Huawei Mate 60 Pro,Huawei,2023,HarmonyOS 4,Kirin 9000S,2720x1260,6.82,LTPO OLED,50MP+13MP+12MP,13MP,5000,88W+50W wireless,12,256,Yes,No,USB-C 3.1,225,1099,Public specifications
Huawei P60 Pro,Huawei,2023,HarmonyOS 3.1,Snapdragon 8+ Gen 1,2700x1220,6.67,LTPO OLED,48MP+13MP+48MP,31MP,4815,88W+50W wireless,8,256,Yes,Yes,USB-C 3.1,200,899,Public specifications
Nokia G42,Nokia,2023,Android 13,Snapdragon 480+,1600x720,6.56,IPS LCD,50MP+2MP+2MP,8MP,5000,20W,6,128,Yes,Yes,USB-C 2.0,193,199,Public specifications
Nokia G22,Nokia,2023,Android 12,Unisoc T606,1600x720,6.52,IPS LCD,50MP+2MP+2MP,8MP,5050,20W,4,64,No,No,USB-C 2.0,195,149,Public specifications
Nokia XR21,Nokia,2023,Android 12,Snapdragon 695,2400x1080,6.49,IPS LCD,64MP+8MP+2MP,16MP,4800,33W,6,128,Yes,Yes,USB-C 2.0,240,599,Public specifications
Nokia X30,Nokia,2022,Android 12,Snapdragon 695,2400x1080,6.43,PureDisplay AMOLED,50MP+13MP,16MP,4200,33W,6,128,Yes,Yes,USB-C 2.0,185,499,Public specifications
Nokia G60,Nokia,2022,Android 12,Snapdragon 695,2400x1080,6.58,IPS LCD,50MP+5MP+2MP,8MP,4500,20W,6,128,Yes,Yes,USB-C 2.0,190,299,Public specifications
Nokia C32,Nokia,2023,Android 13,Unisoc T606,1600x720,6.52,IPS LCD,50MP+2MP+2MP,8MP,5050,10W,4,64,No,No,USB-C 2.0,194,119,Public specifications
Fairphone 5,Fairphone,2023,Android 13,Snapdragon 7s Gen 2,2770x1224,6.46,OLED,50MP+50MP,50MP,4200,30W,8,256,Yes,Yes,USB-C 2.0,214,699,Public specifications
Fairphone 4,Fairphone,2021,Android 11,Snapdragon 750G,2160x1080,6.3,IPS LCD,48MP+48MP,25MP,3905,20W,6,128,Yes,Yes,USB-C 2.0,225,579,Public specifications
TCL 50 XE,TCL,2024,Android 14,Dimensity 6300,2400x1080,6.56,AMOLED,108MP+2MP+2MP,8MP,5010,33W,8,128,No,Yes,USB-C 2.0,190,249,Public specifications
TCL 40 SE,TCL,2023,Android 13,Helio G37,1600x720,6.75,IPS LCD,50MP+2MP+2MP,8MP,5000,15W,4,64,No,No,USB-C 2.0,196,149,Public specifications
Samsung Galaxy A05s,Samsung,2023,Android,Samsung Snapdragon 680,2400x1080,6.5,AMOLED,50MP+5MP+2MP,13MP,5000,25W,4,64,No,Yes,USB-C 2.0,185,149,Public specifications
Samsung Galaxy A05,Samsung,2023,Android,Samsung Helio G85,2400x1080,6.5,AMOLED,50MP+5MP+2MP,13MP,5000,25W,4,64,No,Yes,USB-C 2.0,185,129,Public specifications
Samsung Galaxy M14 5G,Samsung,2023,Android,Samsung Exynos 1330,2400x1080,6.5,AMOLED,50MP+5MP+2MP,13MP,5000,25W,4,64,No,Yes,USB-C 2.0,185,179,Public specifications
Samsung Galaxy M33 5G,Samsung,2022,Android,Samsung Exynos 1280,2400x1080,6.5,AMOLED,50MP+5MP+2MP,13MP,5000,25W,6,128,No,Yes,USB-C 2.0,185,249,Public specifications
Samsung Galaxy M32,Samsung,2021,Android,Samsung Helio G80,2400x1080,6.5,AMOLED,50MP+5MP+2MP,13MP,5000,25W,6,128,No,Yes,USB-C 2.0,185,199,Public specifications
Samsung Galaxy A32,Samsung,2021,Android,Samsung Helio G80,2400x1080,6.5,AMOLED,50MP+5MP+2MP,13MP,5000,25W,6,128,No,Yes,USB-C 2.0,185,279,Public specifications
Samsung Galaxy A22,Samsung,2021,Android,Samsung Helio G80,2400x1080,6.5,AMOLED,50MP+5MP+2MP,13MP,5000,25W,4,128,No,Yes,USB-C 2.0,185,229,Public specifications
Samsung Galaxy A12,Samsung,2020,Android,Samsung Helio P35,2400x1080,6.5,AMOLED,50MP+5MP+2MP,13MP,5000,25W,4,128,No,Yes,USB-C 2.0,185,179,Public specifications
Samsung Galaxy A42 5G,Samsung,2020,Android,Samsung Snapdragon 750G,2400x1080,6.5,AMOLED,50MP+5MP+2MP,13MP,5000,25W,6,128,No,Yes,USB-C 2.0,185,399,Public specifications
Samsung Galaxy S20,Samsung,2020,Android,Samsung Exynos 990,2400x1080,6.5,AMOLED,50MP+5MP+2MP,13MP,5000,25W,8,128,No,Yes,USB-C 2.0,185,799,Public specifications
Samsung Galaxy S20+,Samsung,2020,Android,Samsung Exynos 990,2400x1080,6.5,AMOLED,50MP+5MP+2MP,13MP,5000,25W,12,128,No,Yes,USB-C 2.0,185,999,Public specifications
Samsung Galaxy S20 Ultra,Samsung,2020,Android,Samsung Exynos 990,2400x1080,6.5,AMOLED,50MP+5MP+2MP,13MP,5000,25W,12,128,No,Yes,USB-C 2.0,185,1299,Public specifications
Samsung Galaxy Note 10,Samsung,2019,Android,Samsung Exynos 9825,2400x1080,6.5,AMOLED,50MP+5MP+2MP,13MP,5000,25W,8,256,No,Yes,USB-C 2.0,185,949,Public specifications
Samsung Galaxy Note 10+,Samsung,2019,Android,Samsung Exynos 9825,2400x1080,6.5,AMOLED,50MP+5MP+2MP,13MP,5000,25W,12,256,No,Yes,USB-C 2.0,185,1099,Public specifications
Samsung Galaxy A51,Samsung,2019,Android,Samsung Exynos 9611,2400x1080,6.5,AMOLED,50MP+5MP+2MP,13MP,5000,25W,6,128,No,Yes,USB-C 2.0,185,399,Public specifications
Samsung Galaxy A71,Samsung,2020,Android,Samsung Snapdragon 730,2400x1080,6.5,AMOLED,50MP+5MP+2MP,13MP,5000,25W,8,128,No,Yes,USB-C 2.0,185,499,Public specifications
Samsung Galaxy F14 5G,Samsung,2023,Android,Samsung Exynos 1330,2400x1080,6.5,AMOLED,50MP+5MP+2MP,13MP,5000,25W,6,128,No,Yes,USB-C 2.0,185,199,Public specifications
Samsung Galaxy M53 5G,Samsung,2022,Android,Samsung Dimensity 900,2400x1080,6.5,AMOLED,50MP+5MP+2MP,13MP,5000,25W,8,128,No,Yes,USB-C 2.0,185,349,Public specifications
Samsung Galaxy A03s,Samsung,2021,Android,Samsung Helio P35,2400x1080,6.5,AMOLED,50MP+5MP+2MP,13MP,5000,25W,3,32,No,Yes,USB-C 2.0,185,149,Public specifications
Samsung Galaxy A23 5G,Samsung,2022,Android,Samsung Snapdragon 695,2400x1080,6.5,AMOLED,50MP+5MP+2MP,13MP,5000,25W,4,64,No,Yes,USB-C 2.0,185,219,Public specifications
Apple iPhone X,Apple,2017,iOS,Apple Apple A11,2436x1125,5.8,OLED,12MP,7MP,2716,18W,4,64,Yes,No,Lightning,174,999,Public specifications
Apple iPhone XS,Apple,2018,iOS,Apple Apple A12,2436x1125,5.8,OLED,12MP,7MP,2716,18W,4,64,Yes,No,Lightning,174,999,Public specifications
Apple iPhone XS Max,Apple,2018,iOS,Apple Apple A12,2436x1125,5.8,OLED,12MP,7MP,2716,18W,4,64,Yes,No,Lightning,174,1099,Public specifications
Apple iPhone XR,Apple,2018,iOS,Apple Apple A12,2436x1125,5.8,OLED,12MP,7MP,2716,18W,4,64,Yes,No,Lightning,174,749,Public specifications
Apple iPhone 8,Apple,2017,iOS,Apple Apple A11,2436x1125,5.8,OLED,12MP,7MP,2716,18W,4,64,Yes,No,Lightning,174,699,Public specifications
Apple iPhone 8 Plus,Apple,2017,iOS,Apple Apple A11,2436x1125,5.8,OLED,12MP,7MP,2716,18W,4,64,Yes,No,Lightning,174,799,Public specifications
Xiaomi Redmi 10,Xiaomi,2021,Android,Helio G88,2400x1080,6.67,AMOLED,64MP+8MP+5MP,16MP,5000,33W,4,128,Yes,No,USB-C 2.0,195,149,Public specifications
Xiaomi Redmi 9,Xiaomi,2020,Android,Helio G80,2400x1080,6.67,AMOLED,64MP+8MP+5MP,16MP,5000,33W,3,128,Yes,No,USB-C 2.0,195,149,Public specifications
Xiaomi Redmi 9C,Xiaomi,2020,Android,Helio G35,2400x1080,6.67,AMOLED,64MP+8MP+5MP,16MP,5000,33W,2,128,Yes,No,USB-C 2.0,195,99,Public specifications
Xiaomi POCO M3,Xiaomi,2020,Android,Snapdragon 662,2400x1080,6.67,AMOLED,64MP+8MP+5MP,16MP,5000,33W,4,128,Yes,No,USB-C 2.0,195,149,Public specifications
Xiaomi POCO M4 Pro,Xiaomi,2021,Android,Dimensity 810,2400x1080,6.67,AMOLED,64MP+8MP+5MP,16MP,5000,33W,6,128,Yes,No,USB-C 2.0,195,199,Public specifications
Xiaomi POCO M5,Xiaomi,2022,Android,Helio G99,2400x1080,6.67,AMOLED,64MP+8MP+5MP,16MP,5000,33W,4,128,Yes,No,USB-C 2.0,195,179,Public specifications
Xiaomi Redmi Note 10 Pro,Xiaomi,2021,Android,Snapdragon 732G,2400x1080,6.67,AMOLED,64MP+8MP+5MP,16MP,5000,33W,6,128,Yes,No,USB-C 2.0,195,279,Public specifications
Xiaomi Redmi Note 10,Xiaomi,2021,Android,Snapdragon 678,2400x1080,6.67,AMOLED,64MP+8MP+5MP,16MP,5000,33W,4,128,Yes,No,USB-C 2.0,195,199,Public specifications
Xiaomi Redmi Note 9,Xiaomi,2020,Android,Helio G85,2400x1080,6.67,AMOLED,64MP+8MP+5MP,16MP,5000,33W,4,128,Yes,No,USB-C 2.0,195,199,Public specifications
Xiaomi Redmi Note 9S,Xiaomi,2020,Android,Snapdragon 720G,2400x1080,6.67,AMOLED,64MP+8MP+5MP,16MP,5000,33W,6,128,Yes,No,USB-C 2.0,195,249,Public specifications
Xiaomi Redmi Note 9 Pro,Xiaomi,2020,Android,Snapdragon 720G,2400x1080,6.67,AMOLED,64MP+8MP+5MP,16MP,5000,33W,6,128,Yes,No,USB-C 2.0,195,279,Public specifications
Xiaomi Mi 11,Xiaomi,2020,Android,Snapdragon 888,2400x1080,6.67,AMOLED,64MP+8MP+5MP,16MP,5000,33W,8,128,Yes,No,USB-C 2.0,195,749,Public specifications
Xiaomi Mi 11 Ultra,Xiaomi,2021,Android,Snapdragon 888,2400x1080,6.67,AMOLED,64MP+8MP+5MP,16MP,5000,33W,12,128,Yes,No,USB-C 2.0,195,1199,Public specifications
Xiaomi Mi 10 Pro,Xiaomi,2020,Android,Snapdragon 865,2400x1080,6.67,AMOLED,64MP+8MP+5MP,16MP,5000,33W,12,128,Yes,No,USB-C 2.0,195,999,Public specifications
Xiaomi Mi 10,Xiaomi,2020,Android,Snapdragon 865,2400x1080,6.67,AMOLED,64MP+8MP+5MP,16MP,5000,33W,8,128,Yes,No,USB-C 2.0,195,799,Public specifications
Xiaomi POCO X3 Pro,Xiaomi,2021,Android,Snapdragon 860,2400x1080,6.67,AMOLED,64MP+8MP+5MP,16MP,5000,33W,6,128,Yes,No,USB-C 2.0,195,249,Public specifications
Xiaomi POCO X3 NFC,Xiaomi,2020,Android,Snapdragon 732G,2400x1080,6.67,AMOLED,64MP+8MP+5MP,16MP,5000,33W,6,128,Yes,No,USB-C 2.0,195,229,Public specifications
Xiaomi POCO X2,Xiaomi,2020,Android,Snapdragon 730G,2400x1080,6.67,AMOLED,64MP+8MP+5MP,16MP,5000,33W,6,128,Yes,No,USB-C 2.0,195,249,Public specifications
Xiaomi Redmi K50 Pro,Xiaomi,2022,Android,Dimensity 9000,2400x1080,6.67,AMOLED,64MP+8MP+5MP,16MP,5000,33W,8,128,Yes,No,USB-C 2.0,195,499,Public specifications
Xiaomi Redmi K60,Xiaomi,2022,Android,Snapdragon 8+ Gen 1,2400x1080,6.67,AMOLED,64MP+8MP+5MP,16MP,5000,33W,12,128,Yes,No,USB-C 2.0,195,499,Public specifications
Google Pixel 4,Google,2019,Android,Google Snapdragon 855,2280x1080,5.7,OLED,12MP,8MP,3080,18W,6,64,Yes,No,USB-C 3.1,148,799,Public specifications
Google Pixel 4 XL,Google,2019,Android,Google Snapdragon 855,2280x1080,5.7,OLED,12MP,8MP,3080,18W,6,64,Yes,No,USB-C 3.1,148,899,Public specifications
Google Pixel 4a,Google,2020,Android,Google Snapdragon 730G,2280x1080,5.7,OLED,12MP,8MP,3080,18W,6,64,Yes,No,USB-C 3.1,148,349,Public specifications
Google Pixel 3a,Google,2019,Android,Google Snapdragon 670,2280x1080,5.7,OLED,12MP,8MP,3080,18W,6,64,Yes,No,USB-C 3.1,148,399,Public specifications
Google Pixel 3,Google,2018,Android,Google Snapdragon 845,2280x1080,5.7,OLED,12MP,8MP,3080,18W,6,64,Yes,No,USB-C 3.1,148,799,Public specifications
OnePlus 8 Pro,OnePlus,2020,Android,OnePlus Snapdragon 865,2400x1080,6.5,AMOLED,48MP+8MP+2MP,16MP,4500,65W,12,128,Yes,Yes,USB-C 3.1,185,899,Public specifications
OnePlus 8,OnePlus,2020,Android,OnePlus Snapdragon 865,2400x1080,6.5,AMOLED,48MP+8MP+2MP,16MP,4500,65W,8,128,Yes,Yes,USB-C 3.1,185,699,Public specifications
OnePlus 8T,OnePlus,2020,Android,OnePlus Snapdragon 865,2400x1080,6.5,AMOLED,48MP+8MP+2MP,16MP,4500,65W,12,128,Yes,Yes,USB-C 3.1,185,749,Public specifications
OnePlus 7 Pro,OnePlus,2019,Android,OnePlus Snapdragon 855+,2400x1080,6.5,AMOLED,48MP+8MP+2MP,16MP,4500,65W,8,128,Yes,Yes,USB-C 3.1,185,669,Public specifications
OnePlus 7T,OnePlus,2019,Android,OnePlus Snapdragon 855+,2400x1080,6.5,AMOLED,48MP+8MP+2MP,16MP,4500,65W,8,128,Yes,Yes,USB-C 3.1,185,599,Public specifications
OnePlus Nord,OnePlus,2020,Android,OnePlus Snapdragon 765G,2400x1080,6.5,AMOLED,48MP+8MP+2MP,16MP,4500,65W,12,128,Yes,Yes,USB-C 3.1,185,399,Public specifications
OnePlus Nord 2,OnePlus,2021,Android,OnePlus Dimensity 1200,2400x1080,6.5,AMOLED,48MP+8MP+2MP,16MP,4500,65W,12,128,Yes,Yes,USB-C 3.1,185,399,Public specifications
OnePlus Nord CE,OnePlus,2021,Android,OnePlus Snapdragon 750G,2400x1080,6.5,AMOLED,48MP+8MP+2MP,16MP,4500,65W,6,128,Yes,Yes,USB-C 3.1,185,299,Public specifications
OnePlus Nord CE 2,OnePlus,2022,Android,OnePlus Dimensity 900,2400x1080,6.5,AMOLED,48MP+8MP+2MP,16MP,4500,65W,8,128,Yes,Yes,USB-C 3.1,185,299,Public specifications
OnePlus Nord N20,OnePlus,2022,Android,OnePlus Snapdragon 695,2400x1080,6.5,AMOLED,48MP+8MP+2MP,16MP,4500,65W,6,128,Yes,Yes,USB-C 3.1,185,279,Public specifications
Huawei P50 Pro,Huawei,2021,HarmonyOS,Huawei Kirin 9000,2340x1080,6.5,OLED,50MP+13MP+12MP,13MP,4200,66W,8,256,No,No,USB-C 2.0,195,1099,Public specifications
Huawei P40 Pro,Huawei,2020,HarmonyOS,Huawei Kirin 990 5G,2340x1080,6.5,OLED,50MP+13MP+12MP,13MP,4200,66W,8,256,No,No,USB-C 2.0,195,999,Public specifications
Huawei P40,Huawei,2020,HarmonyOS,Huawei Kirin 990 5G,2340x1080,6.5,OLED,50MP+13MP+12MP,13MP,4200,66W,8,256,No,No,USB-C 2.0,195,799,Public specifications
Huawei Mate 40 Pro,Huawei,2020,HarmonyOS,Huawei Kirin 9000,2340x1080,6.5,OLED,50MP+13MP+12MP,13MP,4200,66W,8,256,No,No,USB-C 2.0,195,1199,Public specifications
Huawei Mate 30 Pro,Huawei,2019,HarmonyOS,Huawei Kirin 990,2340x1080,6.5,OLED,50MP+13MP+12MP,13MP,4200,66W,8,256,No,No,USB-C 2.0,195,1099,Public specifications
Huawei P30 Pro,Huawei,2019,HarmonyOS,Huawei Kirin 980,2340x1080,6.5,OLED,50MP+13MP+12MP,13MP,4200,66W,8,256,No,No,USB-C 2.0,195,999,Public specifications
Huawei Nova 11 Pro,Huawei,2023,HarmonyOS,Huawei Snapdragon 778G,2340x1080,6.5,OLED,50MP+13MP+12MP,13MP,4200,66W,8,256,No,No,USB-C 2.0,195,549,Public specifications
Huawei Nova 9,Huawei,2021,HarmonyOS,Huawei Snapdragon 778G,2340x1080,6.5,OLED,50MP+13MP+12MP,13MP,4200,66W,8,256,No,No,USB-C 2.0,195,449,Public specifications
Sony Xperia Pro-I,Sony,2021,Android,Sony Snapdragon 888,2520x1080,6.1,OLED,12MP+12MP,8MP,4000,30W,8,128,Yes,No,USB-C 3.1,163,1799,Public specifications
Sony Xperia 1 II,Sony,2020,Android,Sony Snapdragon 865,2520x1080,6.1,OLED,12MP+12MP,8MP,4000,30W,8,128,Yes,No,USB-C 3.1,163,1199,Public specifications
Sony Xperia 5 II,Sony,2020,Android,Sony Snapdragon 865,2520x1080,6.1,OLED,12MP+12MP,8MP,4000,30W,8,128,Yes,No,USB-C 3.1,163,949,Public specifications
Sony Xperia 5 I,Sony,2019,Android,Sony Snapdragon 855,2520x1080,6.1,OLED,12MP+12MP,8MP,4000,30W,8,128,Yes,No,USB-C 3.1,163,699,Public specifications
Sony Xperia 10 II,Sony,2020,Android,Sony Snapdragon 665,2520x1080,6.1,OLED,12MP+12MP,8MP,4000,30W,8,128,Yes,No,USB-C 3.1,163,379,Public specifications
Sony Xperia L4,Sony,2020,Android,Sony Helio P22,2520x1080,6.1,OLED,12MP+12MP,8MP,4000,30W,8,128,Yes,No,USB-C 3.1,163,249,Public specifications
Motorola Moto G Power 2021,Motorola,2021,Android,Motorola Snapdragon 662,2400x1080,6.7,IPS LCD,64MP+8MP+2MP,16MP,5000,30W,6,128,No,No,USB-C 2.0,185,199,Public specifications
Motorola Moto G Stylus 2021,Motorola,2021,Android,Motorola Snapdragon 678,2400x1080,6.7,IPS LCD,64MP+8MP+2MP,16MP,5000,30W,6,128,No,No,USB-C 2.0,185,299,Public specifications
Motorola Moto G100,Motorola,2021,Android,Motorola Snapdragon 870,2400x1080,6.7,IPS LCD,64MP+8MP+2MP,16MP,5000,30W,6,128,No,No,USB-C 2.0,185,499,Public specifications
Motorola Moto G60,Motorola,2021,Android,Motorola Helio G85,2400x1080,6.7,IPS LCD,64MP+8MP+2MP,16MP,5000,30W,6,128,No,No,USB-C 2.0,185,249,Public specifications
Motorola Moto G50,Motorola,2021,Android,Motorola Snapdragon 480,2400x1080,6.7,IPS LCD,64MP+8MP+2MP,16MP,5000,30W,6,128,No,No,USB-C 2.0,185,219,Public specifications
Motorola Moto G30,Motorola,2021,Android,Motorola Snapdragon 662,2400x1080,6.7,IPS LCD,64MP+8MP+2MP,16MP,5000,30W,6,128,No,No,USB-C 2.0,185,179,Public specifications
Motorola Edge+,Motorola,2020,Android,Motorola Snapdragon 865+,2400x1080,6.7,IPS LCD,64MP+8MP+2MP,16MP,5000,30W,6,128,No,No,USB-C 2.0,185,999,Public specifications
Motorola Edge,Motorola,2020,Android,Motorola Snapdragon 765G,2400x1080,6.7,IPS LCD,64MP+8MP+2MP,16MP,5000,30W,6,128,No,No,USB-C 2.0,185,699,Public specifications
Motorola Moto G9 Plus,Motorola,2020,Android,Motorola Snapdragon 730G,2400x1080,6.7,IPS LCD,64MP+8MP+2MP,16MP,5000,30W,6,128,No,No,USB-C 2.0,185,299,Public specifications
Motorola Moto G8 Power,Motorola,2020,Android,Motorola Snapdragon 665,2400x1080,6.7,IPS LCD,64MP+8MP+2MP,16MP,5000,30W,6,128,No,No,USB-C 2.0,185,229,Public specifications
Oppo Find X3 Pro,Oppo,2021,Android,Snapdragon 888,2400x1080,6.5,AMOLED,64MP+8MP+5MP,16MP,4500,65W,12,128,Yes,No,USB-C 2.0,185,999,Public specifications
Oppo Find X3,Oppo,2021,Android,Snapdragon 870,2400x1080,6.5,AMOLED,64MP+8MP+5MP,16MP,4500,65W,8,128,Yes,No,USB-C 2.0,185,699,Public specifications
Oppo Find X2 Pro,Oppo,2020,Android,Snapdragon 865,2400x1080,6.5,AMOLED,64MP+8MP+5MP,16MP,4500,65W,12,128,Yes,No,USB-C 2.0,185,1199,Public specifications
Oppo Reno 6 Pro,Oppo,2021,Android,Dimensity 1200,2400x1080,6.5,AMOLED,64MP+8MP+5MP,16MP,4500,65W,12,128,Yes,No,USB-C 2.0,185,599,Public specifications
Oppo Reno 5 Pro,Oppo,2020,Android,Dimensity 1000+,2400x1080,6.5,AMOLED,64MP+8MP+5MP,16MP,4500,65W,12,128,Yes,No,USB-C 2.0,185,499,Public specifications
Oppo A94,Oppo,2021,Android,Helio P95,2400x1080,6.5,AMOLED,64MP+8MP+5MP,16MP,4500,65W,8,128,Yes,No,USB-C 2.0,185,399,Public specifications
Oppo A74,Oppo,2021,Android,Snapdragon 720G,2400x1080,6.5,AMOLED,64MP+8MP+5MP,16MP,4500,65W,6,128,Yes,No,USB-C 2.0,185,299,Public specifications
Oppo A54s,Oppo,2021,Android,Snapdragon 480,2400x1080,6.5,AMOLED,64MP+8MP+5MP,16MP,4500,65W,4,128,Yes,No,USB-C 2.0,185,229,Public specifications
Vivo X80,Vivo,2022,Android,Dimensity 9000,2400x1080,6.5,AMOLED,64MP+8MP+5MP,16MP,4500,65W,12,128,Yes,No,USB-C 2.0,185,699,Public specifications
Vivo X70 Pro+,Vivo,2021,Android,Snapdragon 888+,2400x1080,6.5,AMOLED,64MP+8MP+5MP,16MP,4500,65W,12,128,Yes,No,USB-C 2.0,185,799,Public specifications
Vivo X60 Pro+,Vivo,2021,Android,Snapdragon 888,2400x1080,6.5,AMOLED,64MP+8MP+5MP,16MP,4500,65W,12,128,Yes,No,USB-C 2.0,185,699,Public specifications
Vivo V25 Pro,Vivo,2022,Android,Dimensity 1300,2400x1080,6.5,AMOLED,64MP+8MP+5MP,16MP,4500,65W,12,128,Yes,No,USB-C 2.0,185,499,Public specifications
Vivo V21,Vivo,2021,Android,Dimensity 800U,2400x1080,6.5,AMOLED,64MP+8MP+5MP,16MP,4500,65W,8,128,Yes,No,USB-C 2.0,185,399,Public specifications
Vivo Y72 5G,Vivo,2021,Android,Dimensity 700,2400x1080,6.5,AMOLED,64MP+8MP+5MP,16MP,4500,65W,8,128,Yes,No,USB-C 2.0,185,299,Public specifications
Realme GT Neo 3,Realme,2022,Android,Dimensity 8100,2400x1080,6.5,AMOLED,64MP+8MP+5MP,16MP,4500,65W,8,128,Yes,No,USB-C 2.0,185,449,Public specifications
Realme GT Neo 2,Realme,2021,Android,Snapdragon 870,2400x1080,6.5,AMOLED,64MP+8MP+5MP,16MP,4500,65W,12,128,Yes,No,USB-C 2.0,185,399,Public specifications
Realme 9 Pro+,Realme,2022,Android,Dimensity 920,2400x1080,6.5,AMOLED,64MP+8MP+5MP,16MP,4500,65W,8,128,Yes,No,USB-C 2.0,185,349,Public specifications
Realme 8 Pro,Realme,2021,Android,Snapdragon 720G,2400x1080,6.5,AMOLED,64MP+8MP+5MP,16MP,4500,65W,8,128,Yes,No,USB-C 2.0,185,299,Public specifications
Realme 7 Pro,Realme,2020,Android,Snapdragon 720G,2400x1080,6.5,AMOLED,64MP+8MP+5MP,16MP,4500,65W,8,128,Yes,No,USB-C 2.0,185,279,Public specifications
Realme C25s,Realme,2021,Android,Helio G85,2400x1080,6.5,AMOLED,64MP+8MP+5MP,16MP,4500,65W,4,128,Yes,No,USB-C 2.0,185,179,Public specifications
Realme Narzo 50,Realme,2022,Android,Helio G96,2400x1080,6.5,AMOLED,64MP+8MP+5MP,16MP,4500,65W,6,128,Yes,No,USB-C 2.0,185,199,Public specifications
Honor Magic 4 Pro,Honor,2022,Android,Snapdragon 8 Gen 1,2400x1080,6.7,AMOLED,50MP+12MP+2MP,16MP,4500,65W,12,256,Yes,Yes,USB-C 3.1,190,899,Public specifications
Honor 70,Honor,2022,Android,Snapdragon 778G+,2400x1080,6.7,AMOLED,50MP+12MP+2MP,16MP,4500,65W,8,256,Yes,Yes,USB-C 3.1,190,499,Public specifications
Honor 60 Pro,Honor,2021,Android,Snapdragon 778G+,2400x1080,6.7,AMOLED,50MP+12MP+2MP,16MP,4500,65W,12,256,Yes,Yes,USB-C 3.1,190,549,Public specifications
Honor Magic3 Pro+,Honor,2021,Android,Snapdragon 888+,2400x1080,6.7,AMOLED,50MP+12MP+2MP,16MP,4500,65W,12,256,Yes,Yes,USB-C 3.1,190,1099,Public specifications
Honor X8,Honor,2022,Android,Snapdragon 680,2400x1080,6.7,AMOLED,50MP+12MP+2MP,16MP,4500,65W,6,256,Yes,Yes,USB-C 3.1,190,249,Public specifications
Asus ROG Phone 6 Pro,Asus,2022,Android,Snapdragon 8+ Gen 1,2400x1080,6.7,AMOLED,50MP+12MP+2MP,16MP,4500,65W,18,256,Yes,Yes,USB-C 3.1,190,1299,Public specifications
Asus ROG Phone 6,Asus,2022,Android,Snapdragon 8+ Gen 1,2400x1080,6.7,AMOLED,50MP+12MP+2MP,16MP,4500,65W,16,256,Yes,Yes,USB-C 3.1,190,1099,Public specifications
Asus ROG Phone 5 Pro,Asus,2021,Android,Snapdragon 888,2400x1080,6.7,AMOLED,50MP+12MP+2MP,16MP,4500,65W,16,256,Yes,Yes,USB-C 3.1,190,1099,Public specifications
Asus Zenfone 9,Asus,2022,Android,Snapdragon 8+ Gen 1,2400x1080,6.7,AMOLED,50MP+12MP+2MP,16MP,4500,65W,8,256,Yes,Yes,USB-C 3.1,190,699,Public specifications
Asus Zenfone 8,Asus,2021,Android,Snapdragon 888,2400x1080,6.7,AMOLED,50MP+12MP+2MP,16MP,4500,65W,8,256,Yes,Yes,USB-C 3.1,190,599,Public specifications
Nothing CMF Phone 1,Nothing,2024,Android,Dimensity 7300,2400x1080,6.7,AMOLED,50MP+12MP+2MP,16MP,4500,65W,6,256,Yes,Yes,USB-C 3.1,190,199,Public specifications
Nokia 8.3 5G,Nokia,2020,Android,Snapdragon 765G,2400x1080,6.5,IPS LCD,16MP+5MP,8MP,4470,10W,4,64,No,No,USB-C 2.0,189,549,Public specifications
Nokia 7.3,Nokia,2020,Android,Snapdragon 735,2400x1080,6.5,IPS LCD,16MP+5MP,8MP,4470,10W,4,64,No,No,USB-C 2.0,189,349,Public specifications
Nokia 6.3,Nokia,2021,Android,Snapdragon 460,2400x1080,6.5,IPS LCD,16MP+5MP,8MP,4470,10W,4,64,No,No,USB-C 2.0,189,229,Public specifications
Nokia 5.4,Nokia,2020,Android,Snapdragon 662,2400x1080,6.5,IPS LCD,16MP+5MP,8MP,4470,10W,4,64,No,No,USB-C 2.0,189,199,Public specifications
Nokia 3.4,Nokia,2020,Android,Snapdragon 460,2400x1080,6.5,IPS LCD,16MP+5MP,8MP,4470,10W,4,64,No,No,USB-C 2.0,189,159,Public specifications
Nokia 2.4,Nokia,2020,Android,Helio P22,2400x1080,6.5,IPS LCD,16MP+5MP,8MP,4470,10W,4,64,No,No,USB-C 2.0,189,139,Public specifications
Nokia G21,Nokia,2022,Android,Unisoc T606,2400x1080,6.5,IPS LCD,16MP+5MP,8MP,4470,10W,4,64,No,No,USB-C 2.0,189,169,Public specifications
Nokia G11,Nokia,2022,Android,Unisoc T606,2400x1080,6.5,IPS LCD,16MP+5MP,8MP,4470,10W,4,64,No,No,USB-C 2.0,189,149,Public specifications
Nokia C21,Nokia,2022,Android,Unisoc SC9863A,2400x1080,6.5,IPS LCD,16MP+5MP,8MP,4470,10W,4,64,No,No,USB-C 2.0,189,109,Public specifications
Nokia C01 Plus,Nokia,2021,Android,Unisoc SC9863A1,2400x1080,6.5,IPS LCD,16MP+5MP,8MP,4470,10W,4,64,No,No,USB-C 2.0,189,79,Public specifications
TCL 30 5G,TCL,2022,Android,Snapdragon 480+,2400x1080,6.5,IPS LCD,64MP+8MP+2MP,16MP,5000,30W,8,128,No,No,USB-C 2.0,215,249,Public specifications
TCL 20 Pro 5G,TCL,2021,Android,Snapdragon 750G,2400x1080,6.5,IPS LCD,64MP+8MP+2MP,16MP,5000,30W,8,128,No,No,USB-C 2.0,215,499,Public specifications
TCL 10 Pro,TCL,2020,Android,Snapdragon 675,2400x1080,6.5,IPS LCD,64MP+8MP+2MP,16MP,5000,30W,8,128,No,No,USB-C 2.0,215,449,Public specifications
Fairphone 3+,Fairphone,2020,Android,Snapdragon 632,2400x1080,6.5,IPS LCD,64MP+8MP+2MP,16MP,5000,30W,8,128,No,No,USB-C 2.0,215,479,Public specifications
Cat S53,Cat,2021,Android,Snapdragon 480,2400x1080,6.5,IPS LCD,64MP+8MP+2MP,16MP,5000,30W,8,128,No,No,USB-C 2.0,215,649,Public specifications
Blackview BL9000 Pro,Blackview,2024,Android,Dimensity 9300,2400x1080,6.5,IPS LCD,64MP+8MP+2MP,16MP,5000,30W,8,128,No,No,USB-C 2.0,215,699,Public specifications
Ulefone Armor 23 Ultra,Ulefone,2024,Android,Dimensity 9000+,2400x1080,6.5,IPS LCD,64MP+8MP+2MP,16MP,5000,30W,8,128,No,No,USB-C 2.0,215,799,Public specifications
Doogee S110,Doogee,2023,Android,Helio G99,2400x1080,6.5,IPS LCD,64MP+8MP+2MP,16MP,5000,30W,8,128,No,No,USB-C 2.0,215,399,Public specifications
Samsung Galaxy A50s,Samsung,2019,Android,Exynos 9611,2400x1080,6.4,AMOLED,48MP+8MP+5MP,25MP,4000,25W,6,64,No,No,USB-C 2.0,172,299,Public specifications
Samsung Galaxy A30s,Samsung,2019,Android,Exynos 7904,2400x1080,6.4,AMOLED,48MP+8MP+5MP,25MP,4000,25W,6,64,No,No,USB-C 2.0,172,229,Public specifications
Samsung Galaxy A20s,Samsung,2019,Android,Snapdragon 450,2400x1080,6.4,AMOLED,48MP+8MP+5MP,25MP,4000,25W,6,64,No,No,USB-C 2.0,172,179,Public specifications
Samsung Galaxy A10s,Samsung,2019,Android,Helio P22,2400x1080,6.4,AMOLED,48MP+8MP+5MP,25MP,4000,25W,6,64,No,No,USB-C 2.0,172,139,Public specifications
Samsung Galaxy M30s,Samsung,2019,Android,Exynos 9611,2400x1080,6.4,AMOLED,48MP+8MP+5MP,25MP,4000,25W,6,64,No,No,USB-C 2.0,172,199,Public specifications
Samsung Galaxy M21,Samsung,2020,Android,Exynos 9611,2400x1080,6.4,AMOLED,48MP+8MP+5MP,25MP,4000,25W,6,64,No,No,USB-C 2.0,172,179,Public specifications
Samsung Galaxy M31,Samsung,2020,Android,Exynos 9611,2400x1080,6.4,AMOLED,48MP+8MP+5MP,25MP,4000,25W,6,64,No,No,USB-C 2.0,172,199,Public specifications
Samsung Galaxy M51,Samsung,2020,Android,Snapdragon 730G,2400x1080,6.4,AMOLED,48MP+8MP+5MP,25MP,4000,25W,6,64,No,No,USB-C 2.0,172,349,Public specifications
Samsung Galaxy A31,Samsung,2020,Android,Helio P65,2400x1080,6.4,AMOLED,48MP+8MP+5MP,25MP,4000,25W,6,64,No,No,USB-C 2.0,172,229,Public specifications
Samsung Galaxy A21s,Samsung,2020,Android,Exynos 850,2400x1080,6.4,AMOLED,48MP+8MP+5MP,25MP,4000,25W,6,64,No,No,USB-C 2.0,172,159,Public specifications
Samsung Galaxy A11,Samsung,2020,Android,Snapdragon 450,2400x1080,6.4,AMOLED,48MP+8MP+5MP,25MP,4000,25W,6,64,No,No,USB-C 2.0,172,149,Public specifications
Samsung Galaxy A01,Samsung,2020,Android,Snapdragon 439,2400x1080,6.4,AMOLED,48MP+8MP+5MP,25MP,4000,25W,6,64,No,No,USB-C 2.0,172,99,Public specifications
Samsung Galaxy A50,Samsung,2019,Android,Exynos 9610,2400x1080,6.4,AMOLED,48MP+8MP+5MP,25MP,4000,25W,6,64,No,No,USB-C 2.0,172,249,Public specifications
Samsung Galaxy A30,Samsung,2019,Android,Exynos 7904,2400x1080,6.4,AMOLED,48MP+8MP+5MP,25MP,4000,25W,6,64,No,No,USB-C 2.0,172,199,Public specifications
Samsung Galaxy A70,Samsung,2019,Android,Snapdragon 675,2400x1080,6.4,AMOLED,48MP+8MP+5MP,25MP,4000,25W,6,64,No,No,USB-C 2.0,172,349,Public specifications
Samsung Galaxy A80,Samsung,2019,Android,Snapdragon 730G,2400x1080,6.4,AMOLED,48MP+8MP+5MP,25MP,4000,25W,6,64,No,No,USB-C 2.0,172,499,Public specifications
Samsung Galaxy A90 5G,Samsung,2019,Android,Snapdragon 855,2400x1080,6.4,AMOLED,48MP+8MP+5MP,25MP,4000,25W,6,64,No,No,USB-C 2.0,172,599,Public specifications
Samsung Galaxy M11,Samsung,2020,Android,Snapdragon 450,2400x1080,6.4,AMOLED,48MP+8MP+5MP,25MP,4000,25W,6,64,No,No,USB-C 2.0,172,129,Public specifications
Samsung Galaxy M01,Samsung,2020,Android,Snapdragon 439,2400x1080,6.4,AMOLED,48MP+8MP+5MP,25MP,4000,25W,6,64,No,No,USB-C 2.0,172,99,Public specifications
Samsung Galaxy A41,Samsung,2020,Android,Helio P65,2400x1080,6.4,AMOLED,48MP+8MP+5MP,25MP,4000,25W,6,64,No,No,USB-C 2.0,172,279,Public specifications
Apple iPhone 7,Apple,2016,iOS,Apple Apple A10,1792x828,6.1,IPS LCD,12MP,7MP,2815,5W,3,64,Yes,No,Lightning,162,449,Public specifications
Apple iPhone 7 Plus,Apple,2016,iOS,Apple Apple A10,1792x828,6.1,IPS LCD,12MP,7MP,2815,5W,3,64,Yes,No,Lightning,162,549,Public specifications
Apple iPhone 6s,Apple,2015,iOS,Apple Apple A9,1792x828,6.1,IPS LCD,12MP,7MP,2815,5W,3,64,Yes,No,Lightning,162,399,Public specifications
Apple iPhone 6s Plus,Apple,2015,iOS,Apple Apple A9,1792x828,6.1,IPS LCD,12MP,7MP,2815,5W,3,64,Yes,No,Lightning,162,499,Public specifications
Xiaomi Redmi 8,Xiaomi,2019,Android,Snapdragon 439,2400x1080,6.53,AMOLED,64MP+8MP+2MP,16MP,4500,33W,4,128,No,No,USB-C 2.0,192,129,Public specifications
Xiaomi Redmi 8A,Xiaomi,2019,Android,Snapdragon 439,2400x1080,6.53,AMOLED,64MP+8MP+2MP,16MP,4500,33W,2,128,No,No,USB-C 2.0,192,99,Public specifications
Xiaomi Redmi 7,Xiaomi,2019,Android,Snapdragon 632,2400x1080,6.53,AMOLED,64MP+8MP+2MP,16MP,4500,33W,3,128,No,No,USB-C 2.0,192,119,Public specifications
Xiaomi Redmi 6,Xiaomi,2018,Android,Helio P22,2400x1080,6.53,AMOLED,64MP+8MP+2MP,16MP,4500,33W,3,128,No,No,USB-C 2.0,192,99,Public specifications
Xiaomi Mi 9,Xiaomi,2019,Android,Snapdragon 855,2400x1080,6.53,AMOLED,64MP+8MP+2MP,16MP,4500,33W,6,128,No,No,USB-C 2.0,192,449,Public specifications
Xiaomi Mi 9T,Xiaomi,2019,Android,Snapdragon 730,2400x1080,6.53,AMOLED,64MP+8MP+2MP,16MP,4500,33W,6,128,No,No,USB-C 2.0,192,299,Public specifications
Xiaomi Mi 9T Pro,Xiaomi,2019,Android,Snapdragon 855,2400x1080,6.53,AMOLED,64MP+8MP+2MP,16MP,4500,33W,8,128,No,No,USB-C 2.0,192,399,Public specifications
Xiaomi Mi 10T,Xiaomi,2020,Android,Snapdragon 865,2400x1080,6.53,AMOLED,64MP+8MP+2MP,16MP,4500,33W,8,128,No,No,USB-C 2.0,192,499,Public specifications
Xiaomi Mi 10T Pro,Xiaomi,2020,Android,Snapdragon 865,2400x1080,6.53,AMOLED,64MP+8MP+2MP,16MP,4500,33W,8,128,No,No,USB-C 2.0,192,549,Public specifications
Xiaomi Mi 10T Lite,Xiaomi,2020,Android,Snapdragon 750G,2400x1080,6.53,AMOLED,64MP+8MP+2MP,16MP,4500,33W,6,128,No,No,USB-C 2.0,192,299,Public specifications
Xiaomi Redmi K30 Pro,Xiaomi,2020,Android,Snapdragon 865,2400x1080,6.53,AMOLED,64MP+8MP+2MP,16MP,4500,33W,8,128,No,No,USB-C 2.0,192,399,Public specifications
Xiaomi Redmi Note 8,Xiaomi,2019,Android,Snapdragon 665,2400x1080,6.53,AMOLED,64MP+8MP+2MP,16MP,4500,33W,4,128,No,No,USB-C 2.0,192,149,Public specifications
Xiaomi Redmi Note 8 Pro,Xiaomi,2019,Android,Helio G90T,2400x1080,6.53,AMOLED,64MP+8MP+2MP,16MP,4500,33W,6,128,No,No,USB-C 2.0,192,199,Public specifications
Xiaomi Redmi Note 7,Xiaomi,2019,Android,Snapdragon 660,2400x1080,6.53,AMOLED,64MP+8MP+2MP,16MP,4500,33W,4,128,No,No,USB-C 2.0,192,149,Public specifications
Xiaomi Redmi Note 7 Pro,Xiaomi,2019,Android,Snapdragon 675,2400x1080,6.53,AMOLED,64MP+8MP+2MP,16MP,4500,33W,6,128,No,No,USB-C 2.0,192,179,Public specifications
Xiaomi Redmi Note 6 Pro,Xiaomi,2018,Android,Snapdragon 636,2400x1080,6.53,AMOLED,64MP+8MP+2MP,16MP,4500,33W,4,128,No,No,USB-C 2.0,192,149,Public specifications
Xiaomi POCO C65,Xiaomi,2023,Android,Helio G85,2400x1080,6.53,AMOLED,64MP+8MP+2MP,16MP,4500,33W,8,128,No,No,USB-C 2.0,192,149,Public specifications
Xiaomi POCO C55,Xiaomi,2023,Android,Helio G85,2400x1080,6.53,AMOLED,64MP+8MP+2MP,16MP,4500,33W,6,128,No,No,USB-C 2.0,192,129,Public specifications
Xiaomi Redmi A2+,Xiaomi,2023,Android,Helio G36,2400x1080,6.53,AMOLED,64MP+8MP+2MP,16MP,4500,33W,3,128,No,No,USB-C 2.0,192,99,Public specifications
Xiaomi Redmi A1,Xiaomi,2022,Android,Helio A22,2400x1080,6.53,AMOLED,64MP+8MP+2MP,16MP,4500,33W,2,128,No,No,USB-C 2.0,192,79,Public specifications
Xiaomi Black Shark 5 Pro,Xiaomi,2022,Android,Snapdragon 8 Gen 1,2400x1080,6.53,AMOLED,64MP+8MP+2MP,16MP,4500,33W,12,128,No,No,USB-C 2.0,192,599,Public specifications
Xiaomi Black Shark 4,Xiaomi,2021,Android,Snapdragon 870,2400x1080,6.53,AMOLED,64MP+8MP+2MP,16MP,4500,33W,8,128,No,No,USB-C 2.0,192,399,Public specifications
Xiaomi 10C,Xiaomi,2023,Android,Snapdragon 685,2400x1080,6.53,AMOLED,64MP+8MP+2MP,16MP,4500,33W,6,128,No,No,USB-C 2.0,192,149,Public specifications
Xiaomi 11 Lite NE 5G,Xiaomi,2021,Android,Snapdragon 778G,2400x1080,6.53,AMOLED,64MP+8MP+2MP,16MP,4500,33W,6,128,No,No,USB-C 2.0,192,299,Public specifications
Xiaomi 11 Pro,Xiaomi,2021,Android,Snapdragon 888,2400x1080,6.53,AMOLED,64MP+8MP+2MP,16MP,4500,33W,12,128,No,No,USB-C 2.0,192,749,Public specifications
Google Pixel 2,Google,2017,Android,Google Snapdragon 835,2160x1080,6.0,OLED,12MP,8MP,2915,18W,4,64,Yes,No,USB-C 3.1,143,649,Public specifications
Google Pixel 2 XL,Google,2017,Android,Google Snapdragon 835,2160x1080,6.0,OLED,12MP,8MP,2915,18W,4,64,Yes,No,USB-C 3.1,143,749,Public specifications
Google Pixel 3a XL,Google,2019,Android,Google Snapdragon 670,2160x1080,6.0,OLED,12MP,8MP,2915,18W,4,64,Yes,No,USB-C 3.1,143,479,Public specifications
Google Pixel 4a 4G,Google,2020,Android,Google Snapdragon 730G,2160x1080,6.0,OLED,12MP,8MP,2915,18W,4,64,Yes,No,USB-C 3.1,143,349,Public specifications
OnePlus 6T,OnePlus,2018,Android,OnePlus Snapdragon 845,2400x1080,6.4,AMOLED,48MP+5MP+2MP,16MP,4000,30W,8,128,No,No,USB-C 2.0,185,549,Public specifications
OnePlus 6,OnePlus,2018,Android,OnePlus Snapdragon 845,2400x1080,6.4,AMOLED,48MP+5MP+2MP,16MP,4000,30W,8,128,No,No,USB-C 2.0,185,519,Public specifications
OnePlus 5T,OnePlus,2017,Android,OnePlus Snapdragon 835,2400x1080,6.4,AMOLED,48MP+5MP+2MP,16MP,4000,30W,8,128,No,No,USB-C 2.0,185,479,Public specifications
OnePlus 5,OnePlus,2017,Android,OnePlus Snapdragon 835,2400x1080,6.4,AMOLED,48MP+5MP+2MP,16MP,4000,30W,8,128,No,No,USB-C 2.0,185,479,Public specifications
OnePlus Nord N10 5G,OnePlus,2020,Android,OnePlus Snapdragon 690,2400x1080,6.4,AMOLED,48MP+5MP+2MP,16MP,4000,30W,6,128,No,No,USB-C 2.0,185,299,Public specifications
OnePlus Nord N100,OnePlus,2020,Android,OnePlus Snapdragon 460,2400x1080,6.4,AMOLED,48MP+5MP+2MP,16MP,4000,30W,4,128,No,No,USB-C 2.0,185,179,Public specifications
OnePlus 7,OnePlus,2019,Android,OnePlus Snapdragon 855,2400x1080,6.4,AMOLED,48MP+5MP+2MP,16MP,4000,30W,6,128,No,No,USB-C 2.0,185,549,Public specifications
OnePlus Nord CE 2 Lite,OnePlus,2022,Android,OnePlus Snapdragon 695,2400x1080,6.4,AMOLED,48MP+5MP+2MP,16MP,4000,30W,6,128,No,No,USB-C 2.0,185,249,Public specifications
Sony Xperia XZ3,Sony,2018,Android,Sony Snapdragon 845,2160x1080,5.7,OLED,19MP,13MP,3300,18W,4,64,Yes,No,USB-C 3.1,163,799,Public specifications
Sony Xperia XZ2,Sony,2018,Android,Sony Snapdragon 845,2160x1080,5.7,OLED,19MP,13MP,3300,18W,4,64,Yes,No,USB-C 3.1,163,699,Public specifications
Sony Xperia XZ1,Sony,2017,Android,Sony Snapdragon 835,2160x1080,5.7,OLED,19MP,13MP,3300,18W,4,64,Yes,No,USB-C 3.1,163,699,Public specifications
Sony Xperia XA2 Plus,Sony,2018,Android,Sony Snapdragon 630,2160x1080,5.7,OLED,19MP,13MP,3300,18W,4,64,Yes,No,USB-C 3.1,163,399,Public specifications
Sony Xperia L3,Sony,2019,Android,Sony Helio P22,2160x1080,5.7,OLED,19MP,13MP,3300,18W,4,64,Yes,No,USB-C 3.1,163,199,Public specifications
Sony Xperia 20,Sony,2019,Android,Sony Snapdragon 710,2160x1080,5.7,OLED,19MP,13MP,3300,18W,4,64,Yes,No,USB-C 3.1,163,399,Public specifications
Motorola Moto G7 Plus,Motorola,2019,Android,Motorola Snapdragon 636,2400x1080,6.4,IPS LCD,48MP+8MP+2MP,16MP,5000,20W,4,64,No,No,USB-C 2.0,185,299,Public specifications
Motorola Moto G7,Motorola,2019,Android,Motorola Snapdragon 632,2400x1080,6.4,IPS LCD,48MP+8MP+2MP,16MP,5000,20W,4,64,No,No,USB-C 2.0,185,249,Public specifications
Motorola Moto G6 Plus,Motorola,2018,Android,Motorola Snapdragon 630,2400x1080,6.4,IPS LCD,48MP+8MP+2MP,16MP,5000,20W,4,64,No,No,USB-C 2.0,185,249,Public specifications
Motorola Moto G6,Motorola,2018,Android,Motorola Snapdragon 450,2400x1080,6.4,IPS LCD,48MP+8MP+2MP,16MP,5000,20W,4,64,No,No,USB-C 2.0,185,199,Public specifications
Motorola One Vision,Motorola,2019,Android,Motorola Exynos 9609,2400x1080,6.4,IPS LCD,48MP+8MP+2MP,16MP,5000,20W,4,64,No,No,USB-C 2.0,185,299,Public specifications
Motorola One Action,Motorola,2019,Android,Motorola Exynos 9609,2400x1080,6.4,IPS LCD,48MP+8MP+2MP,16MP,5000,20W,4,64,No,No,USB-C 2.0,185,249,Public specifications
Motorola Moto E7,Motorola,2020,Android,Motorola Snapdragon 632,2400x1080,6.4,IPS LCD,48MP+8MP+2MP,16MP,5000,20W,4,64,No,No,USB-C 2.0,185,149,Public specifications
Motorola Moto E6s,Motorola,2019,Android,Motorola Helio P22,2400x1080,6.4,IPS LCD,48MP+8MP+2MP,16MP,5000,20W,4,64,No,No,USB-C 2.0,185,129,Public specifications
Motorola Moto G10,Motorola,2021,Android,Motorola Snapdragon 460,2400x1080,6.4,IPS LCD,48MP+8MP+2MP,16MP,5000,20W,4,64,No,No,USB-C 2.0,185,169,Public specifications
Motorola Moto G20,Motorola,2021,Android,Motorola Helio G85,2400x1080,6.4,IPS LCD,48MP+8MP+2MP,16MP,5000,20W,4,64,No,No,USB-C 2.0,185,179,Public specifications
Motorola Moto G40 Fusion,Motorola,2021,Android,Motorola Snapdragon 732G,2400x1080,6.4,IPS LCD,48MP+8MP+2MP,16MP,5000,20W,4,64,No,No,USB-C 2.0,185,249,Public specifications
Motorola Moto G60S,Motorola,2021,Android,Motorola Snapdragon 732G,2400x1080,6.4,IPS LCD,48MP+8MP+2MP,16MP,5000,20W,4,64,No,No,USB-C 2.0,185,279,Public specifications
Motorola Moto G71 5G,Motorola,2021,Android,Motorola Snapdragon 695,2400x1080,6.4,IPS LCD,48MP+8MP+2MP,16MP,5000,20W,4,64,No,No,USB-C 2.0,185,299,Public specifications
Motorola Moto G82,Motorola,2022,Android,Motorola Snapdragon 695,2400x1080,6.4,IPS LCD,48MP+8MP+2MP,16MP,5000,20W,4,64,No,No,USB-C 2.0,185,349,Public specifications
Nokia 9 PureView,Nokia,2019,Android,Nokia Snapdragon 845,2160x1080,5.8,IPS LCD,13MP,8MP,3060,10W,4,32,No,No,USB-C 2.0,160,699,Public specifications
Nokia 8 Sirocco,Nokia,2018,Android,Nokia Snapdragon 835,2160x1080,5.8,IPS LCD,13MP,8MP,3060,10W,4,32,No,No,USB-C 2.0,160,699,Public specifications
Nokia 7 Plus,Nokia,2018,Android,Nokia Snapdragon 660,2160x1080,5.8,IPS LCD,13MP,8MP,3060,10W,4,32,No,No,USB-C 2.0,160,399,Public specifications
Nokia 7.1,Nokia,2018,Android,Nokia Snapdragon 636,2160x1080,5.8,IPS LCD,13MP,8MP,3060,10W,4,32,No,No,USB-C 2.0,160,349,Public specifications
Nokia 6.1 Plus,Nokia,2018,Android,Nokia Snapdragon 636,2160x1080,5.8,IPS LCD,13MP,8MP,3060,10W,4,32,No,No,USB-C 2.0,160,299,Public specifications
Nokia 5.1 Plus,Nokia,2018,Android,Nokia Helio P60,2160x1080,5.8,IPS LCD,13MP,8MP,3060,10W,4,32,No,No,USB-C 2.0,160,199,Public specifications
Nokia 4.2,Nokia,2019,Android,Nokia Snapdragon 439,2160x1080,5.8,IPS LCD,13MP,8MP,3060,10W,4,32,No,No,USB-C 2.0,160,169,Public specifications
Nokia 3.2,Nokia,2019,Android,Nokia Snapdragon 429,2160x1080,5.8,IPS LCD,13MP,8MP,3060,10W,4,32,No,No,USB-C 2.0,160,139,Public specifications
Nokia 2.3,Nokia,2019,Android,Nokia Helio A22,2160x1080,5.8,IPS LCD,13MP,8MP,3060,10W,4,32,No,No,USB-C 2.0,160,129,Public specifications
Nokia 1 Plus,Nokia,2019,Android,Nokia Helio A22,2160x1080,5.8,IPS LCD,13MP,8MP,3060,10W,4,32,No,No,USB-C 2.0,160,99,Public specifications
Nokia 105 4G,Nokia,2021,Android,Nokia Unisoc SC9820E,2160x1080,5.8,IPS LCD,13MP,8MP,3060,10W,4,32,No,No,USB-C 2.0,160,29,Public specifications
Nokia 220 4G,Nokia,2021,Android,Nokia Unisoc SC9820E,2160x1080,5.8,IPS LCD,13MP,8MP,3060,10W,4,32,No,No,USB-C 2.0,160,39,Public specifications
Oppo Reno 8 Pro,Oppo,2022,Android,Dimensity 8100 Max,2400x1080,6.7,AMOLED,50MP+8MP+2MP,32MP,4500,80W,8,256,Yes,Yes,USB-C 2.0,183,599,Public specifications
Oppo Reno 8,Oppo,2022,Android,Dimensity 1300,2400x1080,6.43,AMOLED,50MP+2MP+2MP,32MP,4500,80W,8,128,Yes,Yes,USB-C 2.0,179,449,Public specifications
Oppo Reno 7 Pro,Oppo,2021,Android,Dimensity 1200 Max,2400x1080,6.5,AMOLED,50MP+16MP+2MP,32MP,4500,65W,12,256,Yes,Yes,USB-C 2.0,180,599,Public specifications
Oppo Reno 7,Oppo,2021,Android,Snapdragon 778G,2400x1080,6.43,AMOLED,64MP+8MP+2MP,32MP,4500,65W,8,128,Yes,Yes,USB-C 2.0,173,399,Public specifications
Oppo A57 5G,Oppo,2022,Android,Dimensity 810,1600x720,6.56,IPS LCD,13MP+2MP,8MP,5000,33W,4,64,No,Yes,USB-C 2.0,189,199,Public specifications
Oppo A96,Oppo,2022,Android,Snapdragon 680,2400x1080,6.59,IPS LCD,50MP+2MP,16MP,5000,33W,8,128,No,No,USB-C 2.0,191,279,Public specifications
Vivo X70,Vivo,2021,Android,Dimensity 1200,2400x1080,6.56,AMOLED,40MP+12MP+12MP,32MP,4400,44W,8,128,Yes,Yes,USB-C 2.0,179,499,Public specifications
Vivo X60 Pro,Vivo,2021,Android,Snapdragon 870,2376x1080,6.56,AMOLED,48MP+13MP+13MP,32MP,4200,33W,12,256,Yes,Yes,USB-C 3.1,177,699,Public specifications
Vivo V23 Pro,Vivo,2022,Android,Dimensity 920,2400x1080,6.56,AMOLED,108MP+8MP+2MP,50MP,4300,44W,12,256,Yes,Yes,USB-C 2.0,171,499,Public specifications
Vivo V21 5G,Vivo,2021,Android,Dimensity 800U,2400x1080,6.44,AMOLED,64MP+8MP+2MP,44MP,4000,33W,8,128,Yes,Yes,USB-C 2.0,176,349,Public specifications
Realme GT Neo 5,Realme,2023,Android,Snapdragon 8+ Gen 1,2772x1240,6.74,AMOLED,50MP+8MP+2MP,16MP,5000,240W,16,256,Yes,Yes,USB-C 3.1,199,549,Public specifications
Realme 10 Pro+,Realme,2022,Android,Dimensity 1080,2400x1080,6.7,AMOLED,108MP+8MP+2MP,16MP,5000,67W,12,256,Yes,Yes,USB-C 2.0,173,349,Public specifications
Realme 9 Pro,Realme,2022,Android,Snapdragon 695,2412x1080,6.6,IPS LCD,64MP+8MP+2MP,16MP,5000,33W,8,128,Yes,Yes,USB-C 2.0,183,299,Public specifications
Realme C55,Realme,2023,Android,Helio G88,2400x1080,6.72,IPS LCD,64MP+2MP,8MP,5000,33W,8,128,No,No,USB-C 2.0,188,179,Public specifications
Realme C35,Realme,2022,Android,Unisoc T616,1080x2408,6.6,IPS LCD,50MP+2MP+0.3MP,8MP,5000,18W,4,64,No,No,USB-C 2.0,189,149,Public specifications
Asus ROG Phone 5 Ultimate,Asus,2021,Android,Snapdragon 888,2448x1080,6.78,AMOLED,64MP+13MP+5MP,24MP,6000,65W,18,512,Yes,Yes,USB-C 3.1,238,1299,Public specifications
Asus ROG Phone 5s,Asus,2021,Android,Snapdragon 888+,2448x1080,6.78,AMOLED,64MP+13MP+5MP,24MP,6000,65W,18,512,Yes,Yes,USB-C 3.1,238,999,Public specifications
Asus ROG Phone 3,Asus,2020,Android,Snapdragon 865+,2340x1080,6.59,AMOLED,64MP+13MP+5MP,24MP,6000,30W,16,512,No,No,USB-C 3.1,240,899,Public specifications
Asus Zenfone 8 Flip,Asus,2021,Android,Snapdragon 888,2400x1080,6.67,AMOLED,64MP+12MP+8MP,64MP flip,5000,30W+15W wireless,8,256,Yes,Yes,USB-C 3.1,230,799,Public specifications
Asus Zenfone 7 Pro,Asus,2020,Android,Snapdragon 865+,2400x1080,6.67,AMOLED,64MP+12MP+8MP,64MP flip,5000,30W,8,256,Yes,Yes,USB-C 3.1,230,899,Public specifications
Honor Magic 3 Pro,Honor,2021,Android,Snapdragon 888,2772x1344,6.76,LTPO OLED,50MP+64MP+13MP+2MP,13MP,4600,66W+50W wireless,8,256,Yes,Yes,USB-C 3.1,213,799,Public specifications
Honor Magic 2,Honor,2018,Android,Kirin 980,2340x1080,6.39,AMOLED,16MP+24MP+16MP,16MP,3500,40W,6,128,Yes,No,USB-C 3.1,188,499,Public specifications
Honor 50,Honor,2021,Android,Snapdragon 778G,2376x1080,6.57,AMOLED,108MP+8MP+2MP+2MP,32MP,4300,66W,8,256,Yes,Yes,USB-C 3.1,175,499,Public specifications
Honor View 30 Pro,Honor,2020,Android,Kirin 990 5G,2400x1080,6.57,OLED,40MP+8MP+8MP,32MP,4100,40W,8,256,Yes,Yes,USB-C 2.0,206,599,Public specifications
Honor 20 Pro,Honor,2019,Android,Kirin 980,2340x1080,6.26,AMOLED,48MP+16MP+8MP+2MP,32MP,4000,22.5W,8,256,Yes,No,USB-C 2.0,182,499,Public specifications
Fairphone 5 5G,Fairphone,2023,Android,Snapdragon 7s Gen 2,2770x1224,6.46,OLED,50MP+50MP,50MP,4200,30W,8,256,Yes,Yes,USB-C 2.0,214,699,Public specifications
Fairphone 4 5G,Fairphone,2021,Android,Snapdragon 750G,2160x1080,6.3,IPS LCD,48MP+48MP,25MP,3905,20W,6,128,Yes,Yes,USB-C 2.0,225,579,Public specifications
Fairphone 3,Fairphone,2019,Android,Snapdragon 632,2160x1080,5.65,IPS LCD,12MP,8MP,3040,18W,4,64,Yes,No,USB-C 2.0,189,450,Public specifications
Tecno Spark 20 Pro,Tecno,2024,Android,Helio G99,2400x1080,6.67,AMOLED,108MP+2MP,32MP,5000,33W,8,128,No,No,USB-C 2.0,192,179,Public specifications
Tecno Camon 20 Pro,Tecno,2023,Android,Helio G85,2400x1080,6.67,AMOLED,64MP+2MP,32MP,5000,33W,8,256,No,No,USB-C 2.0,188,249,Public specifications
Itel P40,Itel,2022,Android,Helio A25,1600x720,6.5,IPS LCD,13MP+0.3MP,5MP,6000,10W,3,64,No,No,USB-C 2.0,200,99,Public specifications
Infinix Zero 30 5G,Infinix,2023,Android,Dimensity 8020,2400x1080,6.78,AMOLED,108MP+2MP+2MP,50MP,5000,68W,8,256,Yes,Yes,USB-C 2.0,185,299,Public specifications
Infinix Hot 30,Infinix,2023,Android,Helio G88,1600x720,6.78,IPS LCD,50MP+2MP,8MP,5000,18W,8,128,No,No,USB-C 2.0,204,149,Public specifications
ZTE Axon 40 Ultra,ZTE,2022,Android,Snapdragon 8 Gen 1,2480x1116,6.8,AMOLED,64MP+50MP+65MP,Under-screen,5000,65W+10W wireless,12,256,Yes,Yes,USB-C 3.1,204,799,Public specifications
ZTE Blade V40 Pro,ZTE,2022,Android,Dimensity 920,2400x1080,6.67,AMOLED,64MP+8MP+2MP,16MP,4400,33W,8,128,Yes,Yes,USB-C 2.0,185,299,Public specifications
Meizu 20 Pro,Meizu,2023,Android,Snapdragon 8 Gen 2,3200x1440,6.79,LTPO AMOLED,50MP+12MP+10MP,32MP,5000,80W+50W wireless,12,256,Yes,Yes,USB-C 3.1,206,799,Public specifications
Sharp Aquos R8 Pro,Sharp,2023,Android,Snapdragon 8 Gen 2,2730x1260,6.6,LTPO IGZO OLED,52MP+25MP,12MP,5000,30W+15W wireless,12,256,Yes,Yes,USB-C 3.2,187,899,Public specifications
HTC U23 Pro,HTC,2023,Android,Snapdragon 7 Gen 1,2400x1080,6.76,AMOLED,108MP+8MP+2MP+2MP,32MP,4600,65W,12,256,Yes,Yes,USB-C 3.1,205,599,Public specifications
HTC Desire 22 Pro,HTC,2022,Android,Snapdragon 695,2520x1080,6.6,AMOLED,64MP+13MP+5MP,32MP,4520,30W,8,128,Yes,Yes,USB-C 2.0,175,399,Public specifications
Nubia Z50 Ultra,Nubia,2023,Android,Snapdragon 8 Gen 2,2480x1116,6.8,AMOLED,35MP+50MP+64MP,Under-screen,5000,80W,12,256,Yes,Yes,USB-C 3.1,215,699,Public specifications
Black Shark 5 Pro,Black Shark,2022,Android,Snapdragon 8 Gen 1,2400x1080,6.67,AMOLED,108MP+8MP+2MP,16MP,4600,120W,12,256,Yes,Yes,USB-C 3.1,218,699,Public specifications
iQOO 11 Pro,iQOO,2022,Android,Snapdragon 8 Gen 2,3200x1440,6.7,LTPO AMOLED,50MP+50MP+14MP,16MP,5000,200W+50W wireless,12,256,Yes,Yes,USB-C 3.1,210,799,Public specifications
iQOO Neo 9 Pro,iQOO,2023,Android,Snapdragon 8 Gen 2,2772x1240,6.78,AMOLED,50MP+8MP+2MP,16MP,5160,120W,12,256,Yes,Yes,USB-C 3.1,190,499,Public specifications
X9 95 5G,Honor,2023,Android 11,Snapdragon 720G,2400x1080,6.5,IPS LCD,50MP+8MP+2MP,13MP,5000,44W,4,128,Yes,Yes,USB-C 2.0,197,229,Public specifications
Galaxy A1 28 Lite,Samsung,2020,Android 11,Dimensity 920,2412x1080,6.7,AMOLED,64MP+8MP+2MP,13MP,5000,25W,4,128,Yes,Yes,USB-C 2.0,198,229,Public specifications
Nova 6 98 Pro,Huawei,2019,Android 10,Helio G90T,2400x1080,6.67,IPS LCD,48MP+5MP+2MP,8MP,5000,25W,8,128,Yes,Yes,USB-C 2.0,175,299,Public specifications
Reno 11 45 SE,Oppo,2019,Android 13,Dimensity 8300,2400x1080,6.67,AMOLED,64MP+12MP+5MP,16MP,4800,65W,8,128,Yes,Yes,USB-C 2.0,210,399,Public specifications
Moto G50 47 SE,Motorola,2019,Android 13,Snapdragon 720G,2340x1080,6.67,IPS LCD,64MP+8MP+2MP,13MP,5000,44W,8,128,Yes,Yes,USB-C 2.0,184,299,Public specifications
Fairphone 5 36 Neo,Fairphone,2021,Android 13,Exynos 1280,2712x1220,6.74,AMOLED,64MP+8MP+2MP,20MP,4500,100W,8,256,Yes,Yes,USB-C 2.0,179,499,Public specifications
Magic 4 69 Lite,Honor,2020,Android 13,Apple A16,3200x1440,6.1,LTPO AMOLED,50MP+50MP+64MP,32MP,5050,30W+23W wireless,16,256,Yes,Yes,USB-C 3.2,237,1099,Public specifications
Galaxy A3 35+,Samsung,2024,Android 12,Snapdragon 720G,2412x1080,6.7,AMOLED,64MP+2MP+2MP,8MP,5000,25W,6,64,Yes,Yes,USB-C 2.0,199,199,Public specifications
OnePlus 10 32 Plus,OnePlus,2020,Android 13,Google Tensor G3,3168x1440,6.2,AMOLED,50MP+50MP+64MP,12MP,4610,90W+50W wireless,16,256,Yes,Yes,USB-C 3.2,217,1099,Public specifications
GT 6 15 Pro,Realme,2023,Android 13,Apple A16,3168x1440,6.8,AMOLED,50MP+50MP+64MP,12MP,5000,45W+15W wireless,16,512,Yes,Yes,USB-C 3.2,214,1199,Public specifications
Narzo 60 2s,Realme,2021,Android 13,Helio G90T,2400x1080,6.74,AMOLED,64MP+2MP+2MP,13MP,5100,67W,8,256,Yes,Yes,USB-C 2.0,177,349,Public specifications
Moto G53 59,Motorola,2019,Android 11,Helio G90T,2340x1080,6.72,IPS LCD,48MP+5MP+2MP,13MP,5100,67W,8,128,Yes,Yes,USB-C 2.0,210,299,Public specifications
Moto G10 78 Lite,Motorola,2023,Android 12,Helio G80,1600x720,6.5,PLS LCD,8MP+2MP,5MP,5000,18W,3,32,No,No,USB-C 2.0,185,79,Public specifications
GT 6 47 5G,Realme,2022,Android 13,Apple A14,3088x1440,5.92,LTPO AMOLED,50MP+50MP+50MP,12MP,5000,45W+15W wireless,12,256,Yes,Yes,USB-C 3.2,237,799,Public specifications
iPhone 11 17s,Apple,2024,iOS 16,Kirin 9010,2556x1179,6.82,OLED,200MP+12MP+10MP+10MP,32MP,4610,90W+50W wireless,12,512,Yes,Yes,USB-C 2.0,229,999,Public specifications
Pixel 4 52s,Google,2021,Android 12,Dimensity 9200,3200x1440,6.1,LTPO AMOLED,108MP+12MP+10MP+10MP,12MP,5050,30W+23W wireless,12,512,Yes,Yes,USB-C 3.2,186,999,Public specifications
P30 Lite 76 Lite,Huawei,2021,Android 10,Snapdragon 695,2400x1080,6.5,AMOLED,64MP+2MP+2MP,13MP,5000,25W,6,128,Yes,Yes,USB-C 2.0,174,249,Public specifications
GT Neo 3 86 Neo,Realme,2022,Android 13,Snapdragon 870,2412x1080,6.5,AMOLED,64MP+8MP+2MP,12MP,4800,65W,12,512,Yes,Yes,USB-C 2.0,201,699,Public specifications
Pixel 9 85 Max,Google,2022,Android 14,Dimensity 9200,3200x1440,6.1,LTPO AMOLED,50MP+50MP+64MP,50MP,4422,27W+15W MagSafe,12,256,Yes,Yes,USB-C 3.2,231,799,Public specifications
Nokia G4 25 Lite,Nokia,2020,Android 11,Dimensity 920,2400x1080,6.7,IPS LCD,50MP+8MP+2MP,16MP,5000,25W,8,256,Yes,Yes,USB-C 2.0,174,349,Public specifications
V30 84 Plus,Vivo,2022,Android 12,Snapdragon 888+,2400x1080,6.67,AMOLED,50MP+8MP+2MP,32MP,4700,67W,12,512,Yes,Yes,USB-C 2.0,188,699,Public specifications
Fairphone 4 22 Max,Fairphone,2024,Android 12,Snapdragon 7 Gen 3,2400x1080,6.74,pOLED,108MP+8MP+2MP,16MP,4500,100W,12,512,Yes,Yes,USB-C 2.0,210,699,Public specifications
Zenfone 10 25 5G,Asus,2023,Android 13,Apple A15,3088x1440,6.1,LTPO AMOLED,50MP+48MP+48MP,16MP,5400,100W+50W wireless,12,256,Yes,Yes,USB-C 3.2,215,799,Public specifications
GT Neo 3 66+,Realme,2019,Android 12,Snapdragon 888+,2772x1240,6.67,AMOLED,50MP+8MP+2MP,12MP,4600,80W,8,256,Yes,Yes,USB-C 2.0,211,499,Public specifications
Xperia 10 54s,Sony,2024,Android 12,Helio G99,2412x1080,6.74,AMOLED,108MP+2MP+2MP,8MP,4500,33W,8,128,Yes,Yes,USB-C 2.0,190,299,Public specifications
Xperia L 17s,Sony,2022,Android 13,Helio G96,2340x1080,6.5,AMOLED,50MP+2MP+2MP,8MP,5100,67W,6,128,Yes,Yes,USB-C 2.0,209,249,Public specifications
Nova 11 69 Lite,Huawei,2021,HarmonyOS 3,Dimensity 1200,2712x1220,6.6,AMOLED,64MP+8MP+2MP,20MP,4600,80W,8,256,Yes,Yes,USB-C 2.0,185,499,Public specifications
V23 84 Plus,Vivo,2021,Android 14,Snapdragon 7 Gen 3,2400x1080,6.5,Super AMOLED,50MP+50MP+8MP,12MP,4500,100W,8,128,Yes,Yes,USB-C 2.0,182,399,Public specifications
Meizu 21 35 5G,Meizu,2022,Android 13,Exynos 1380,2772x1240,6.7,AMOLED,64MP+12MP+5MP,20MP,4700,67W,12,256,Yes,Yes,USB-C 2.0,191,599,Public specifications
U23 Pro 82 Max,HTC,2021,Android 12,Snapdragon 888+,2712x1220,6.74,AMOLED,50MP+8MP+2MP,16MP,4500,100W,8,256,Yes,Yes,USB-C 2.0,185,499,Public specifications
Blade V40 91 Max,ZTE,2019,Android 13,Dimensity 920,2400x1080,6.72,AMOLED,64MP+8MP+2MP,13MP,5000,44W,8,128,Yes,Yes,USB-C 2.0,193,299,Public specifications
P30 Lite 56 Pro,Huawei,2020,Android 10,Snapdragon 695,2340x1080,6.74,AMOLED,48MP+5MP+2MP,13MP,4500,33W,8,128,Yes,Yes,USB-C 2.0,176,299,Public specifications
Nokia 5 80 Pro,Nokia,2019,Android 11,Snapdragon 632,1612x720,6.6,IPS LCD,8MP+2MP,5MP,6000,10W,4,64,No,No,USB-C 2.0,176,129,Public specifications
Blade V40 86 Lite,ZTE,2020,Android 12,Snapdragon 750G,2400x1080,6.7,IPS LCD,50MP+8MP+5MP,13MP,5000,18W,6,128,Yes,Yes,USB-C 2.0,182,249,Public specifications
Smart 6 40 Lite,Infinix,2019,Android 11,Helio P65,1600x720,6.56,IPS LCD,50MP+2MP+2MP,5MP,4900,10W,4,128,No,No,USB-C 2.0,182,149,Public specifications
Nokia 3 52s,Nokia,2023,Android 12,Snapdragon 439,1560x720,6.52,IPS LCD,50MP+2MP,8MP,5000,15W,4,128,No,No,USB-C 2.0,181,149,Public specifications
Galaxy A1 56 Ultra,Samsung,2023,Android 13,Helio G90T,2340x1080,6.7,AMOLED,50MP+2MP+2MP,13MP,4600,30W,6,128,Yes,Yes,USB-C 2.0,182,249,Public specifications
Edge 50 1 Plus,Motorola,2024,Android 14,Apple A15,2796x1290,6.7,LTPO OLED,50MP+50MP+64MP,12MP,5400,100W+50W wireless,8,256,Yes,Yes,USB-C 3.2,239,699,Public specifications
Redmi K50 65 5G,Xiaomi,2020,Android 12,Helio G96,2400x1080,6.72,IPS LCD,48MP+5MP+2MP,16MP,5000,44W,8,256,Yes,Yes,USB-C 2.0,182,349,Public specifications
Oppo A1 87 Pro,Oppo,2021,Android 11,Unisoc T616,1560x720,6.56,IPS LCD,50MP+2MP,5MP,5000,18W,4,64,No,No,USB-C 2.0,178,99,Public specifications
X80 57 Neo,Vivo,2023,Android 14,Apple A15,2556x1179,6.7,OLED,108MP+12MP+10MP+10MP,16MP,4900,45W+15W wireless,12,256,Yes,Yes,USB-C 3.2,227,799,Public specifications
Play 5 12 Lite,Honor,2020,Android 12,Helio G96,2340x1080,6.5,AMOLED,50MP+8MP+2MP,16MP,5000,25W,6,128,Yes,Yes,USB-C 2.0,200,249,Public specifications
90 Pro 54s,Honor,2020,Android 13,Exynos 1380,2772x1240,6.5,AMOLED,64MP+12MP+5MP,16MP,5000,67W,12,512,Yes,Yes,USB-C 2.0,175,699,Public specifications
U23 Pro 29 Pro,HTC,2019,Android 13,Snapdragon 888,2400x1080,6.5,Super AMOLED,50MP+32MP+12MP,16MP,4600,80W,6,128,Yes,Yes,USB-C 2.0,204,349,Public specifications
Redmi A1 97 Neo,Xiaomi,2020,Android 12,Unisoc T616,1600x720,6.6,IPS LCD,13MP+2MP+2MP,5MP,6000,10W,3,32,No,No,USB-C 2.0,195,79,Public specifications
V23 82 5G,Vivo,2024,Android 12,Snapdragon 888,2412x1080,6.4,AMOLED,50MP+12MP+10MP,32MP,4500,100W,12,512,Yes,Yes,USB-C 2.0,193,699,Public specifications
Xperia L 41 Plus,Sony,2020,Android 13,Snapdragon 690,2400x1080,6.74,IPS LCD,50MP+8MP+2MP,16MP,5000,18W,8,128,Yes,Yes,USB-C 2.0,174,299,Public specifications
Oppo A3 70 Neo,Oppo,2019,Android 11,Snapdragon 680,1600x720,6.72,IPS LCD,13MP+5MP,5MP,4900,10W,3,32,No,No,USB-C 2.0,201,79,Public specifications
Reno 8 46 5G,Oppo,2023,Android 12,Snapdragon 888,2400x1080,6.78,pOLED,50MP+50MP+8MP,16MP,4800,65W,6,128,Yes,Yes,USB-C 2.0,189,349,Public specifications
GT 6 56 Neo,Realme,2020,Android 14,Snapdragon 8 Gen 3,3200x1440,6.8,LTPO AMOLED,50MP+48MP+12MP,16MP,4610,90W+50W wireless,12,512,Yes,Yes,USB-C 3.2,224,999,Public specifications
C55 76 SE,Realme,2019,Android 11,Unisoc T606,1600x720,6.52,IPS LCD,13MP+2MP,5MP,5000,10W,6,64,No,No,USB-C 2.0,181,169,Public specifications
Reno 9 59 Ultra,Oppo,2019,Android 12,Dimensity 8200,2400x1080,6.67,pOLED,108MP+8MP+2MP,16MP,4500,100W,8,128,Yes,Yes,USB-C 2.0,209,399,Public specifications
Galaxy F0 84+,Samsung,2019,Android 11,Snapdragon 450,1600x720,6.75,IPS LCD,13MP+2MP,8MP,5000,10W,4,64,No,No,USB-C 2.0,204,129,Public specifications
OnePlus 11 61s,OnePlus,2023,Android 13,Snapdragon 8+ Gen 1,2556x1179,6.2,OLED,50MP+50MP+50MP,50MP,4700,120W+50W wireless,16,256,Yes,Yes,USB-C 3.2,223,1099,Public specifications
Blade A7 21 5G,ZTE,2024,Android 11,Snapdragon 690,2412x1080,6.7,AMOLED,64MP+8MP+2MP,8MP,4600,30W,6,64,Yes,Yes,USB-C 2.0,182,199,Public specifications
iPhone 11 14 5G,Apple,2023,iOS 16,Snapdragon 8+ Gen 1,2556x1179,6.1,OLED,50MP+48MP+48MP,32MP,4610,90W+50W wireless,16,256,Yes,Yes,USB-C 2.0,226,1099,Public specifications
Nokia G4 63+,Nokia,2020,Android 12,Dimensity 7050,2340x1080,6.7,AMOLED,64MP+2MP+2MP,16MP,5000,44W,8,128,Yes,Yes,USB-C 2.0,203,299,Public specifications
Phone 2a 60 Max,Nothing,2019,Android 14,Snapdragon 888+,2400x1080,6.78,Super AMOLED,50MP+32MP+12MP,20MP,4500,100W,8,256,Yes,Yes,USB-C 2.0,192,499,Public specifications
Meizu 20 97 Neo,Meizu,2021,Android 13,Exynos 1380,2412x1080,6.67,AMOLED,64MP+12MP+5MP,16MP,4500,100W,8,128,Yes,Yes,USB-C 2.0,186,399,Public specifications
GT 6 34 Ultra,Realme,2019,Android 14,Google Tensor G3,2556x1179,6.2,OLED,48MP+12MP+12MP,12MP,4422,27W+15W MagSafe,8,256,Yes,Yes,USB-C 3.2,200,699,Public specifications
Axon 40 72 Lite,ZTE,2021,Android 13,Google Tensor G2,2400x1080,6.4,pOLED,64MP+12MP+5MP,16MP,5000,67W,8,128,Yes,Yes,USB-C 2.0,189,399,Public specifications
Reno 6 85 SE,Oppo,2023,Android 12,Dimensity 7200,2400x1080,6.74,IPS LCD,108MP+2MP+2MP,13MP,4500,33W,6,64,Yes,Yes,USB-C 2.0,191,199,Public specifications
Nokia 3 35 5G,Nokia,2023,Android 11,Helio A22,1612x720,6.72,IPS LCD,13MP+2MP,5MP,5050,18W,4,64,No,No,USB-C 2.0,209,99,Public specifications
Nord N2 95 Neo,OnePlus,2020,Android 11,Snapdragon 750G,2340x1080,6.5,IPS LCD,108MP+2MP+2MP,13MP,4600,30W,8,256,Yes,Yes,USB-C 2.0,188,349,Public specifications
Xperia 5 39,Sony,2022,Android 13,Apple A17 Pro,2796x1290,5.92,LTPO OLED,50MP+48MP+48MP,12MP,4700,120W+50W wireless,12,512,Yes,Yes,USB-C 3.2,191,999,Public specifications
Fairphone 5 61 Neo,Fairphone,2019,Android 13,Dimensity 1300,2712x1220,6.4,AMOLED,64MP+8MP+2MP,16MP,4500,100W,12,512,Yes,Yes,USB-C 2.0,200,699,Public specifications
GT 6 20 Pro,Realme,2023,Android 13,Google Tensor G4,3088x1440,6.82,LTPO AMOLED,50MP+50MP+50MP,12MP,4610,90W+50W wireless,8,256,Yes,Yes,USB-C 3.2,199,699,Public specifications
iQOO Z9 57 5G,iQOO,2023,Android 13,Snapdragon 888+,2412x1080,6.4,AMOLED,50MP+12MP+10MP,20MP,4800,65W,6,128,Yes,Yes,USB-C 2.0,181,349,Public specifications
iQOO 12 34s,iQOO,2022,Android 13,Snapdragon 8 Gen 1,2992x1344,6.1,LTPO AMOLED,50MP+50MP+50MP,10.5MP,5000,45W+15W wireless,12,512,Yes,Yes,USB-C 3.2,213,999,Public specifications
TCL 30 38,TCL,2024,Android 13,Snapdragon 720G,2340x1080,6.5,AMOLED,64MP+2MP+2MP,8MP,5000,44W,6,64,Yes,Yes,USB-C 2.0,184,199,Public specifications
Razr 40 55+,Motorola,2020,Android 13,Apple A14,3168x1440,6.1,AMOLED,200MP+12MP+10MP+10MP,32MP,4900,45W+15W wireless,12,256,Yes,Yes,USB-C 3.2,235,799,Public specifications
Moto E13 73 5G,Motorola,2023,Android 12,Snapdragon 662,1600x720,6.56,IPS LCD,48MP+2MP,8MP,4500,10W,6,64,No,No,USB-C 2.0,199,169,Public specifications
GT 5 77,Realme,2020,Android 13,Exynos 2100,3168x1440,6.1,AMOLED,50MP+48MP+12MP,12MP,4700,120W+50W wireless,12,256,Yes,Yes,USB-C 3.2,228,799,Public specifications
Pova 5 98s,Tecno,2023,Android 12,Snapdragon 7s Gen 2,2340x1080,6.7,AMOLED,108MP+2MP+2MP,13MP,5100,67W,8,128,Yes,Yes,USB-C 2.0,198,299,Public specifications
Moto G Stylus 82 Neo,Motorola,2019,Android 13,Snapdragon 7 Gen 1,2400x1080,6.74,pOLED,108MP+8MP+2MP,16MP,4500,100W,12,256,Yes,Yes,USB-C 2.0,185,599,Public specifications
Nokia 7 37s,Nokia,2021,Android 12,Dimensity 7050,2412x1080,6.67,AMOLED,64MP+8MP+2MP,16MP,5000,33W,8,256,Yes,Yes,USB-C 2.0,177,349,Public specifications
iQOO Z9 1s,iQOO,2021,Android 14,Snapdragon 888+,2412x1080,6.7,AMOLED,50MP+12MP+10MP,16MP,4600,80W,8,256,Yes,Yes,USB-C 2.0,214,499,Public specifications
iQOO 11 98,iQOO,2019,Android 14,Apple A15,2796x1290,6.1,LTPO OLED,200MP+12MP+10MP+10MP,32MP,5000,100W,16,512,Yes,Yes,USB-C 3.2,225,1199,Public specifications
Magic 6 40 Plus,Honor,2019,Android 13,Snapdragon 8 Gen 3,2556x1179,6.8,OLED,50MP+50MP+64MP,12MP,5050,30W+23W wireless,12,256,Yes,Yes,USB-C 3.2,226,799,Public specifications
Camon 20 92 5G,Tecno,2020,Android 13,Dimensity 920,2340x1080,6.7,IPS LCD,48MP+5MP+2MP,16MP,5100,67W,6,64,Yes,Yes,USB-C 2.0,199,199,Public specifications
Mate 60 25 SE,Huawei,2019,HarmonyOS 3,Apple A17 Pro,3088x1440,6.7,LTPO AMOLED,48MP+12MP+12MP,50MP,5400,100W+50W wireless,8,256,Yes,Yes,USB-C 3.2,203,699,Public specifications
Axon 40 20 Neo,ZTE,2022,Android 13,Dimensity 1200,2400x1080,6.67,pOLED,108MP+8MP+2MP,20MP,4800,65W,6,128,Yes,Yes,USB-C 2.0,195,349,Public specifications
Fairphone 5 74 Max,Fairphone,2022,Android 12,Snapdragon 870,2400x1080,6.74,pOLED,50MP+8MP+2MP,20MP,5000,80W,12,512,Yes,Yes,USB-C 2.0,199,699,Public specifications
ROG Phone 7 5 Pro,Asus,2020,Android 14,Dimensity 9300,3088x1440,5.92,LTPO AMOLED,108MP+12MP+10MP+10MP,12MP,5000,100W,12,256,Yes,Yes,USB-C 3.2,211,799,Public specifications
Fairphone 5 61 5G,Fairphone,2021,Android 12,Dimensity 8200,2412x1080,6.78,AMOLED,64MP+12MP+5MP,16MP,5000,80W,8,128,Yes,Yes,USB-C 2.0,209,399,Public specifications
Reno 9 92 Neo,Oppo,2024,Android 14,Snapdragon 888+,2412x1080,6.74,AMOLED,50MP+8MP+2MP,12MP,4600,80W,8,256,Yes,Yes,USB-C 2.0,193,499,Public specifications
Xperia Pro 56+,Sony,2021,Android 13,Snapdragon 8+ Gen 1,3200x1440,6.1,LTPO AMOLED,200MP+12MP+10MP+10MP,16MP,4700,120W+50W wireless,12,256,Yes,Yes,USB-C 3.2,235,799,Public specifications
Galaxy F0 48 Max,Samsung,2020,Android 12,Helio G80,1612x720,6.75,IPS LCD,13MP+2MP+2MP,5MP,5000,18W,2,32,No,No,USB-C 2.0,175,59,Public specifications
Nord N3 49 SE,OnePlus,2024,Android 13,Helio G96,2400x1080,6.7,IPS LCD,50MP+2MP+2MP,13MP,5000,25W,8,128,Yes,Yes,USB-C 2.0,186,299,Public specifications
Y76 2 Neo,Vivo,2023,Android 13,Snapdragon 750G,2340x1080,6.67,IPS LCD,108MP+2MP+2MP,16MP,5000,33W,6,64,Yes,Yes,USB-C 2.0,189,199,Public specifications
Play 6 33 Neo,Honor,2020,Android 13,Snapdragon 7s Gen 2,2340x1080,6.5,AMOLED,50MP+8MP+2MP,16MP,5100,67W,6,64,Yes,Yes,USB-C 2.0,194,199,Public specifications
Nova 8 90 5G,Huawei,2024,HarmonyOS 2,Snapdragon 7 Gen 3,2400x1080,6.78,Super AMOLED,50MP+12MP+10MP,20MP,4600,80W,6,128,Yes,Yes,USB-C 2.0,178,349,Public specifications
Magic 4 37 Lite,Honor,2019,Android 14,Dimensity 9200,2992x1344,5.92,LTPO AMOLED,50MP+50MP+50MP,12MP,4700,120W+50W wireless,12,512,Yes,Yes,USB-C 3.2,242,999,Public specifications
X9 57,Honor,2024,Android 12,Helio G99,2340x1080,6.67,AMOLED,64MP+2MP+2MP,16MP,5000,33W,8,256,Yes,Yes,USB-C 2.0,196,349,Public specifications
Nord N2 70 Ultra,OnePlus,2024,Android 11,Dimensity 920,2412x1080,6.67,AMOLED,48MP+5MP+2MP,16MP,4500,33W,6,64,Yes,Yes,USB-C 2.0,191,199,Public specifications
Zero 30 10 Pro,Infinix,2019,Android 13,Snapdragon 4 Gen 1,2400x1080,6.67,IPS LCD,50MP+8MP+5MP,16MP,5100,67W,4,128,Yes,Yes,USB-C 2.0,195,229,Public specifications
Galaxy Z Flip 16 Neo,Samsung,2024,Android 14,Dimensity 9200,3168x1440,6.1,AMOLED,48MP+12MP+12MP,12MP,4610,90W+50W wireless,16,256,Yes,Yes,USB-C 3.2,199,1099,Public specifications
Y55 72 Ultra,Vivo,2021,Android 12,Snapdragon 632,1560x720,6.72,IPS LCD,13MP+5MP,8MP,4500,10W,6,64,No,No,USB-C 2.0,206,169,Public specifications
Oppo A5 6,Oppo,2022,Android 10,Helio A22,2400x1080,6.52,IPS LCD,13MP+2MP,8MP,5000,10W,3,32,No,No,USB-C 2.0,194,79,Public specifications
Find X5 54s,Oppo,2022,Android 13,Snapdragon 8+ Gen 1,3200x1440,6.2,LTPO AMOLED,50MP+50MP+64MP,32MP,4422,27W+15W MagSafe,16,256,Yes,Yes,USB-C 3.2,213,1099,Public specifications
Xperia L 88 Ultra,Sony,2019,Android 12,Dimensity 920,2340x1080,6.6,IPS LCD,48MP+5MP+2MP,13MP,5000,18W,8,256,Yes,Yes,USB-C 2.0,199,349,Public specifications
Black Shark 5 83s,Xiaomi,2019,Android 13,Snapdragon 8 Gen 3,3088x1440,6.2,LTPO AMOLED,50MP+48MP+12MP,10.5MP,4900,45W+15W wireless,8,256,Yes,Yes,USB-C 3.2,238,699,Public specifications
iQOO 12 30 Ultra,iQOO,2021,Android 13,Apple A17 Pro,2556x1179,6.82,OLED,50MP+48MP+48MP,32MP,4900,45W+15W wireless,12,512,Yes,Yes,USB-C 3.2,236,999,Public specifications
Nord N3 4 Pro,OnePlus,2020,Android 13,Snapdragon 695,2340x1080,6.5,AMOLED,50MP+8MP+5MP,16MP,4600,30W,8,256,Yes,Yes,USB-C 2.0,186,349,Public specifications
Galaxy M0 68+,Samsung,2023,Android 13,Exynos 850,1600x720,6.65,IPS LCD,48MP+2MP,5MP,6000,10W,4,128,No,No,USB-C 2.0,171,149,Public specifications
V25 6s,Vivo,2022,Android 14,Dimensity 1200,2712x1220,6.78,AMOLED,50MP+12MP+10MP,16MP,4600,80W,12,512,Yes,Yes,USB-C 2.0,202,699,Public specifications
ROG Phone 6 92 Neo,Asus,2021,Android 13,Snapdragon 7 Gen 1,2400x1080,6.5,AMOLED,108MP+8MP+2MP,12MP,4700,67W,8,128,Yes,Yes,USB-C 2.0,214,399,Public specifications
Play 5 92 Ultra,Honor,2022,Android 13,Dimensity 7050,2412x1080,6.72,AMOLED,108MP+2MP+2MP,8MP,5000,18W,4,128,Yes,Yes,USB-C 2.0,176,229,Public specifications
iQOO Z5 84s,iQOO,2022,Android 11,Snapdragon 4 Gen 1,2412x1080,6.6,AMOLED,64MP+2MP+2MP,16MP,5000,18W,6,64,Yes,Yes,USB-C 2.0,191,199,Public specifications
Smart 6 54+,Infinix,2022,Android 11,Helio G37,2400x1080,6.72,IPS LCD,50MP+2MP,8MP,5050,18W,4,64,No,No,USB-C 2.0,169,129,Public specifications
Xiaomi 14 56+,Xiaomi,2021,Android 13,Dimensity 9200,2992x1344,6.8,LTPO AMOLED,50MP+48MP+48MP,12MP,5400,100W+50W wireless,12,256,Yes,Yes,USB-C 3.2,240,799,Public specifications
Zenfone 10 37 SE,Asus,2022,Android 13,Google Tensor G4,2796x1290,5.92,LTPO OLED,50MP+12MP+12MP,12MP,5050,30W+23W wireless,12,512,Yes,Yes,USB-C 3.2,199,999,Public specifications
Spark 10 72 Ultra,Tecno,2023,Android 11,Helio G85,1600x720,6.75,PLS LCD,13MP+2MP+2MP,5MP,6000,10W,6,64,No,No,USB-C 2.0,204,169,Public specifications
90 Pro 85 5G,Honor,2020,Android 14,Snapdragon 7 Gen 3,2772x1240,6.4,AMOLED,108MP+8MP+2MP,20MP,4500,100W,12,256,Yes,Yes,USB-C 2.0,184,599,Public specifications
P40 Lite 19s,Huawei,2022,HarmonyOS 3,Snapdragon 7 Gen 3,2400x1080,6.67,AMOLED,64MP+12MP+5MP,12MP,4700,67W,12,512,Yes,Yes,USB-C 2.0,196,699,Public specifications
Nord CE 3 93 Ultra,OnePlus,2023,Android 13,Snapdragon 888,2412x1080,6.5,AMOLED,50MP+32MP+12MP,16MP,4600,80W,8,256,Yes,Yes,USB-C 2.0,178,499,Public specifications
ROG Phone 6 57s,Asus,2023,Android 13,Dimensity 8100,2400x1080,6.5,pOLED,50MP+32MP+12MP,16MP,5000,67W,12,256,Yes,Yes,USB-C 2.0,182,599,Public specifications
Nokia C2 37s,Nokia,2023,Android 10,Unisoc T606,1560x720,6.6,IPS LCD,48MP+2MP,8MP,5000,15W,4,64,No,No,USB-C 2.0,168,129,Public specifications
Galaxy Z Fold 28 Pro,Samsung,2022,Android 13,Google Tensor G3,2796x1290,5.92,LTPO OLED,50MP+48MP+12MP,12MP,4422,27W+15W MagSafe,16,512,Yes,Yes,USB-C 3.2,196,1199,Public specifications
POCO M4 65 Plus,Xiaomi,2024,Android 11,Snapdragon 439,1600x720,6.75,IPS LCD,8MP+2MP,8MP,5000,15W,6,64,No,No,USB-C 2.0,167,169,Public specifications
X100 10 Ultra,Vivo,2022,Android 14,Exynos 2100,2556x1179,6.1,OLED,50MP+50MP+64MP,16MP,4610,90W+50W wireless,16,256,Yes,Yes,USB-C 3.2,186,1099,Public specifications
Nokia XR 89 Ultra,Nokia,2022,Android 13,Snapdragon 7 Gen 1,2400x1080,6.7,pOLED,50MP+50MP+8MP,16MP,4700,67W,12,512,Yes,Yes,USB-C 2.0,208,699,Public specifications
Mi 11 96 Ultra,Xiaomi,2020,Android 14,Apple A14,2796x1290,6.82,LTPO OLED,200MP+12MP+10MP+10MP,12MP,5000,45W+15W wireless,8,256,Yes,Yes,USB-C 3.2,242,699,Public specifications
iQOO Neo 8 94s,iQOO,2020,Android 13,Snapdragon 888+,2772x1240,6.5,AMOLED,64MP+8MP+2MP,16MP,4700,67W,12,256,Yes,Yes,USB-C 2.0,213,599,Public specifications
OnePlus Open 23s,OnePlus,2022,Android 13,Kirin 9010,3200x1440,6.2,LTPO AMOLED,108MP+12MP+10MP+10MP,16MP,5400,100W+50W wireless,16,256,Yes,Yes,USB-C 3.2,189,1099,Public specifications
Y15 39 5G,Vivo,2019,Android 12,Unisoc T616,1600x720,6.6,IPS LCD,50MP+2MP,8MP,5050,18W,6,64,No,No,USB-C 2.0,168,169,Public specifications
Find X6 83+,Oppo,2022,Android 13,Exynos 2200,3200x1440,6.82,LTPO AMOLED,50MP+48MP+48MP,50MP,5050,30W+23W wireless,16,256,Yes,Yes,USB-C 3.2,217,1099,Public specifications
OnePlus 12 14 Ultra,OnePlus,2023,Android 14,Snapdragon 8 Gen 1,2556x1179,6.8,OLED,200MP+12MP+10MP+10MP,12MP,5050,30W+23W wireless,16,512,Yes,Yes,USB-C 3.2,218,1199,Public specifications
90 48 5G,Honor,2024,Android 13,Dimensity 8100,2400x1080,6.4,pOLED,50MP+50MP+8MP,20MP,5000,80W,6,128,Yes,Yes,USB-C 2.0,196,349,Public specifications
iPhone 13 72s,Apple,2023,iOS 17,Exynos 2200,2796x1290,6.1,LTPO OLED,48MP+12MP+12MP,16MP,4900,45W+15W wireless,16,256,Yes,Yes,USB-C 2.0,227,1099,Public specifications
OnePlus 10 84s,OnePlus,2024,Android 14,Exynos 2200,2992x1344,6.2,LTPO AMOLED,50MP+12MP+12MP,32MP,4610,90W+50W wireless,16,256,Yes,Yes,USB-C 3.2,229,1099,Public specifications
Pova 5 83s,Tecno,2020,Android 12,Dimensity 7050,2412x1080,6.6,AMOLED,48MP+5MP+2MP,13MP,4500,33W,8,256,Yes,Yes,USB-C 2.0,191,349,Public specifications
iQOO Z9 29 Pro,iQOO,2024,Android 12,Snapdragon 778G,2400x1080,6.78,AMOLED,108MP+8MP+2MP,16MP,4800,65W,6,128,Yes,Yes,USB-C 2.0,208,349,Public specifications
Galaxy M3 99 SE,Samsung,2023,Android 12,Snapdragon 732G,2412x1080,6.74,AMOLED,50MP+2MP+2MP,16MP,5000,25W,8,128,Yes,Yes,USB-C 2.0,180,299,Public specifications
Axon 40 53 Ultra,ZTE,2024,Android 12,Exynos 1280,2400x1080,6.78,Super AMOLED,64MP+8MP+2MP,16MP,4800,65W,12,256,Yes,Yes,USB-C 2.0,203,599,Public specifications
Xperia Pro 40 Neo,Sony,2023,Android 13,Apple A15,2796x1290,6.82,LTPO OLED,108MP+12MP+10MP+10MP,50MP,4700,120W+50W wireless,16,512,Yes,Yes,USB-C 3.2,211,1199,Public specifications
OnePlus Nord 2 18 5G,OnePlus,2023,Android 14,Snapdragon 7 Gen 3,2400x1080,6.74,Super AMOLED,50MP+12MP+10MP,20MP,4800,65W,8,128,Yes,Yes,USB-C 2.0,182,399,Public specifications
Moto G84 35 Neo,Motorola,2021,Android 11,Dimensity 920,2400x1080,6.7,IPS LCD,50MP+8MP+5MP,16MP,5000,33W,8,128,Yes,Yes,USB-C 2.0,171,299,Public specifications
Oppo A5 65 Ultra,Oppo,2019,Android 11,Helio P65,2400x1080,6.56,IPS LCD,13MP+2MP,8MP,5000,10W,4,64,No,No,USB-C 2.0,210,99,Public specifications
Phone 2a 18,Nothing,2023,Android 13,Dimensity 8300,2400x1080,6.67,pOLED,64MP+12MP+5MP,32MP,4600,65W,12,512,Yes,Yes,USB-C 2.0,175,699,Public specifications
U23 Pro 33 Lite,HTC,2021,Android 12,Snapdragon 888+,2772x1240,6.4,AMOLED,50MP+32MP+12MP,12MP,4800,65W,12,512,Yes,Yes,USB-C 2.0,190,699,Public specifications
Moto E40 31 Max,Motorola,2023,Android 10,Unisoc T606,1560x720,6.65,IPS LCD,48MP+2MP,8MP,5000,15W,6,64,No,No,USB-C 2.0,166,169,Public specifications
Play 5 31 Pro,Honor,2022,Android 13,Snapdragon 750G,2400x1080,6.72,IPS LCD,64MP+8MP+2MP,13MP,4500,33W,8,128,Yes,Yes,USB-C 2.0,181,299,Public specifications
ROG Phone 8 9 Plus,Asus,2024,Android 14,Snapdragon 8 Gen 3,3200x1440,6.7,LTPO AMOLED,108MP+12MP+10MP+10MP,12MP,4610,90W+50W wireless,16,256,Yes,Yes,USB-C 3.2,186,1099,Public specifications
Nokia G2 31s,Nokia,2023,Android 11,Unisoc T606,1600x720,6.56,IPS LCD,8MP+2MP,8MP,5000,10W,4,64,No,No,USB-C 2.0,186,99,Public specifications
Smart 7 60 Neo,Infinix,2022,Android 12,Unisoc T606,1612x720,6.75,IPS LCD,8MP+2MP,5MP,5000,15W,2,32,No,No,USB-C 2.0,167,59,Public specifications
Moto G73 26,Motorola,2021,Android 11,Dimensity 7200,2340x1080,6.7,AMOLED,108MP+2MP+2MP,16MP,5100,67W,4,128,Yes,Yes,USB-C 2.0,172,229,Public specifications
iQOO 12 46,iQOO,2022,Android 14,Dimensity 9300,2796x1290,5.92,LTPO OLED,50MP+12MP+12MP,32MP,4610,90W+50W wireless,16,512,Yes,Yes,USB-C 3.2,242,1199,Public specifications
Reno 9 64 Neo,Oppo,2022,Android 12,Dimensity 8200,2412x1080,6.4,AMOLED,108MP+8MP+2MP,16MP,5000,80W,12,512,Yes,Yes,USB-C 2.0,213,699,Public specifications
Smart 7 38 Ultra,Infinix,2024,Android 12,Helio G85,1600x720,6.65,IPS LCD,50MP+2MP,8MP,5050,18W,6,64,No,No,USB-C 2.0,192,169,Public specifications
Nord CE 2 58,OnePlus,2024,Android 13,Google Tensor G2,2712x1220,6.4,AMOLED,50MP+32MP+12MP,16MP,4500,100W,8,128,Yes,Yes,USB-C 2.0,215,399,Public specifications
Oppo A9 96s,Oppo,2020,Android 13,Snapdragon 732G,2400x1080,6.5,AMOLED,50MP+8MP+2MP,13MP,5000,44W,6,64,Yes,Yes,USB-C 2.0,174,199,Public specifications
Xperia L 50 SE,Sony,2019,Android 13,Snapdragon 695,2412x1080,6.7,AMOLED,50MP+8MP+2MP,16MP,4500,33W,8,256,Yes,Yes,USB-C 2.0,206,349,Public specifications
Redmi A2 51 Ultra,Xiaomi,2022,Android 12,Unisoc T606,1600x720,6.52,PLS LCD,13MP+5MP,8MP,5000,15W,2,32,No,No,USB-C 2.0,198,59,Public specifications
Reno 11 34 Neo,Oppo,2019,Android 13,Snapdragon 870,2412x1080,6.5,AMOLED,108MP+8MP+2MP,16MP,4700,67W,8,128,Yes,Yes,USB-C 2.0,203,399,Public specifications
Nord N1 88 Ultra,OnePlus,2021,Android 11,Helio G96,2340x1080,6.67,AMOLED,64MP+2MP+2MP,13MP,4600,30W,4,128,Yes,Yes,USB-C 2.0,180,229,Public specifications
TCL 10 82 Pro,TCL,2020,Android 12,Snapdragon 450,1600x720,6.75,PLS LCD,13MP+2MP+2MP,5MP,5000,15W,4,64,No,No,USB-C 2.0,180,129,Public specifications
iQOO Z6 47 Plus,iQOO,2019,Android 11,Helio G99,2340x1080,6.5,AMOLED,50MP+2MP+2MP,13MP,5000,25W,4,128,Yes,Yes,USB-C 2.0,189,229,Public specifications
Oppo A7 53 Max,Oppo,2022,Android 13,Snapdragon 7s Gen 2,2412x1080,6.7,AMOLED,64MP+8MP+2MP,16MP,4500,33W,6,128,Yes,Yes,USB-C 2.0,203,249,Public specifications
Nokia G1 82 SE,Nokia,2020,Android 12,Helio G80,1612x720,6.65,IPS LCD,48MP+2MP,8MP,6000,10W,4,64,No,No,USB-C 2.0,184,99,Public specifications
OnePlus Nord 2 91 Lite,OnePlus,2023,Android 13,Dimensity 8200,2412x1080,6.74,AMOLED,108MP+8MP+2MP,16MP,4500,100W,8,256,Yes,Yes,USB-C 2.0,192,499,Public specifications
POCO C5 65s,Xiaomi,2024,Android 10,Helio G80,1560x720,6.65,IPS LCD,13MP+2MP+2MP,5MP,5000,10W,2,32,No,No,USB-C 2.0,203,59,Public specifications
Nokia G4 11,Nokia,2023,Android 11,Helio G96,2412x1080,6.7,AMOLED,48MP+5MP+2MP,16MP,5100,67W,4,128,Yes,Yes,USB-C 2.0,210,229,Public specifications
Galaxy F5 70 5G,Samsung,2022,Android 14,Exynos 1280,2712x1220,6.6,AMOLED,50MP+12MP+10MP,32MP,4600,65W,12,512,Yes,Yes,USB-C 2.0,179,699,Public specifications
TCL 50 57 Max,TCL,2024,Android 12,Dimensity 1080,2400x1080,6.67,IPS LCD,50MP+8MP+2MP,8MP,4600,30W,8,128,Yes,Yes,USB-C 2.0,190,299,Public specifications
Axon 40 17 Ultra,ZTE,2021,Android 13,Dimensity 1200,2412x1080,6.4,AMOLED,50MP+8MP+2MP,20MP,4700,67W,12,512,Yes,Yes,USB-C 2.0,203,699,Public specifications
Xperia 10 7 5G,Sony,2023,Android 12,Dimensity 7050,2412x1080,6.67,AMOLED,50MP+2MP+2MP,16MP,5100,67W,8,128,Yes,Yes,USB-C 2.0,190,299,Public specifications
Pixel 8 66 Neo,Google,2022,Android 11,Kirin 9010,2796x1290,6.82,LTPO OLED,108MP+12MP+10MP+10MP,12MP,5000,45W+15W wireless,16,512,Yes,Yes,USB-C 3.2,200,1199,Public specifications
Pixel 4a 7,Google,2019,Android 12,Snapdragon 750G,2400x1080,6.5,IPS LCD,108MP+2MP+2MP,16MP,4500,33W,4,128,Yes,Yes,USB-C 2.0,197,229,Public specifications
POCO C5 98 Max,Xiaomi,2021,Android 12,Helio G37,1600x720,6.52,IPS LCD,48MP+2MP,8MP,5000,18W,3,32,No,No,USB-C 2.0,200,79,Public specifications
Moto G84 65 Neo,Motorola,2020,Android 12,Snapdragon 4 Gen 1,2412x1080,6.5,AMOLED,48MP+5MP+2MP,13MP,5000,44W,4,128,Yes,Yes,USB-C 2.0,176,229,Public specifications
Oppo A9 72 Ultra,Oppo,2019,Android 12,Snapdragon 4 Gen 1,2400x1080,6.72,IPS LCD,50MP+8MP+2MP,13MP,4600,30W,6,64,Yes,Yes,USB-C 2.0,172,199,Public specifications
Galaxy A2 43 Neo,Samsung,2023,Android 13,Dimensity 920,2400x1080,6.67,IPS LCD,50MP+8MP+2MP,13MP,4600,30W,8,128,Yes,Yes,USB-C 2.0,190,299,Public specifications
Nord CE 2 95 5G,OnePlus,2023,Android 14,Exynos 1380,2712x1220,6.74,AMOLED,50MP+32MP+12MP,12MP,4800,65W,12,512,Yes,Yes,USB-C 2.0,194,699,Public specifications
Y55 43s,Vivo,2024,Android 11,Helio G85,2400x1080,6.75,IPS LCD,13MP+2MP+2MP,8MP,6000,10W,2,32,No,No,USB-C 2.0,205,59,Public specifications
Galaxy F5 84 SE,Samsung,2023,Android 13,Exynos 1380,2772x1240,6.5,AMOLED,64MP+12MP+5MP,16MP,4800,65W,12,512,Yes,Yes,USB-C 2.0,215,699,Public specifications
Axon 40 88 Lite,ZTE,2021,Android 12,Snapdragon 7 Gen 3,2412x1080,6.67,AMOLED,64MP+12MP+5MP,16MP,4700,67W,8,128,Yes,Yes,USB-C 2.0,201,399,Public specifications
OnePlus 9 53 Plus,OnePlus,2023,Android 13,Kirin 9010,3168x1440,6.2,AMOLED,50MP+48MP+48MP,16MP,4900,45W+15W wireless,8,256,Yes,Yes,USB-C 3.2,205,699,Public specifications
Zenfone 10 41 Pro,Asus,2022,Android 14,Kirin 9000S,2556x1179,6.82,OLED,50MP+48MP+12MP,12MP,5400,100W+50W wireless,16,256,Yes,Yes,USB-C 3.2,197,1099,Public specifications
Xperia L 29 5G,Sony,2022,Android 13,Snapdragon 4 Gen 1,2340x1080,6.67,AMOLED,64MP+2MP+2MP,16MP,5000,44W,6,64,Yes,Yes,USB-C 2.0,192,199,Public specifications
P60 16 SE,Huawei,2024,HarmonyOS 3,Exynos 2200,3200x1440,6.7,LTPO AMOLED,50MP+48MP+12MP,10.5MP,4700,120W+50W wireless,12,256,Yes,Yes,USB-C 3.2,190,799,Public specifications
Nokia C2 33 Neo,Nokia,2020,Android 12,Helio P65,1612x720,6.56,IPS LCD,8MP+2MP,8MP,5000,18W,2,32,No,No,USB-C 2.0,171,59,Public specifications
90 7s,Honor,2021,Android 12,Dimensity 1200,2772x1240,6.67,AMOLED,64MP+12MP+5MP,32MP,4600,80W,8,128,Yes,Yes,USB-C 2.0,205,399,Public specifications
Xiaomi Civi 1 Plus,Xiaomi,2021,Android 12,Snapdragon 778G,2400x1080,6.78,pOLED,64MP+12MP+5MP,16MP,5000,67W,8,256,Yes,Yes,USB-C 2.0,195,499,Public specifications
Moto G50 99+,Motorola,2022,Android 11,Helio G96,2412x1080,6.6,AMOLED,50MP+8MP+2MP,13MP,5000,44W,6,128,Yes,Yes,USB-C 2.0,181,249,Public specifications
Galaxy M1 24 5G,Samsung,2021,Android 12,Snapdragon 695,2400x1080,6.67,AMOLED,48MP+5MP+2MP,13MP,4600,30W,6,128,Yes,Yes,USB-C 2.0,199,249,Public specifications
CMF Phone 18 Plus,Nothing,2022,Android 14,Dimensity 1300,2712x1220,6.74,AMOLED,64MP+8MP+2MP,16MP,4500,100W,8,256,Yes,Yes,USB-C 2.0,191,499,Public specifications
TCL 20 95 Ultra,TCL,2024,Android 10,Snapdragon 450,1600x720,6.75,PLS LCD,13MP+2MP+2MP,5MP,5000,10W,3,32,No,No,USB-C 2.0,190,79,Public specifications
Smart 6 42+,Infinix,2020,Android 12,Snapdragon 680,1600x720,6.56,IPS LCD,13MP+2MP,5MP,5000,10W,6,64,No,No,USB-C 2.0,165,169,Public specifications
Edge 40 58 5G,Motorola,2024,Android 13,Dimensity 9300,2796x1290,6.1,LTPO OLED,50MP+48MP+48MP,32MP,5400,100W+50W wireless,12,512,Yes,Yes,USB-C 3.2,192,999,Public specifications
Y76 52s,Vivo,2021,Android 11,Dimensity 920,2340x1080,6.74,IPS LCD,50MP+8MP+5MP,8MP,5000,44W,6,128,Yes,Yes,USB-C 2.0,193,249,Public specifications
90 18 Neo,Honor,2023,Android 12,Snapdragon 778G,2400x1080,6.74,pOLED,64MP+12MP+5MP,12MP,4500,100W,12,512,Yes,Yes,USB-C 2.0,205,699,Public specifications
iQOO 12 88 SE,iQOO,2019,Android 13,Snapdragon 8 Gen 1,2556x1179,6.82,OLED,108MP+12MP+10MP+10MP,12MP,5400,100W+50W wireless,12,256,Yes,Yes,USB-C 3.2,188,799,Public specifications
Pova 5 74 Plus,Tecno,2020,Android 12,Snapdragon 732G,2400x1080,6.74,IPS LCD,48MP+5MP+2MP,13MP,5000,18W,6,128,Yes,Yes,USB-C 2.0,207,249,Public specifications
GT 6 8 Neo,Realme,2024,Android 14,Apple A17 Pro,2556x1179,6.8,OLED,50MP+50MP+64MP,50MP,4422,27W+15W MagSafe,8,256,Yes,Yes,USB-C 3.2,236,699,Public specifications
Moto G10 51 5G,Motorola,2022,Android 10,Snapdragon 439,1600x720,6.5,IPS LCD,50MP+2MP+2MP,5MP,5000,18W,4,64,No,No,USB-C 2.0,187,99,Public specifications
TCL 50 8+,TCL,2024,Android 14,Dimensity 1080,2400x1080,6.74,AMOLED,48MP+5MP+2MP,16MP,5000,25W,8,128,Yes,Yes,USB-C 2.0,196,299,Public specifications
Find X5 49 Max,Oppo,2023,Android 14,Snapdragon 8 Gen 1,3168x1440,6.2,AMOLED,200MP+12MP+10MP+10MP,16MP,5400,100W+50W wireless,12,256,Yes,Yes,USB-C 3.2,210,799,Public specifications
8 Pro 29,Realme,2023,Android 13,Snapdragon 4 Gen 1,2400x1080,6.7,AMOLED,48MP+5MP+2MP,16MP,5000,44W,4,128,Yes,Yes,USB-C 2.0,194,229,Public specifications
Smart 7 59 Ultra,Infinix,2023,Android 10,Helio G80,1600x720,6.6,PLS LCD,13MP+5MP,8MP,5000,15W,2,32,No,No,USB-C 2.0,166,59,Public specifications
Xperia 10 13 SE,Sony,2022,Android 12,Snapdragon 695,2400x1080,6.7,IPS LCD,108MP+2MP+2MP,13MP,5000,25W,6,128,Yes,Yes,USB-C 2.0,184,249,Public specifications
C35 18 Plus,Realme,2024,Android 10,Helio A22,1612x720,6.75,IPS LCD,8MP+2MP,8MP,5000,18W,3,32,No,No,USB-C 2.0,185,79,Public specifications
Xperia L 85 Plus,Sony,2024,Android 12,Snapdragon 720G,2400x1080,6.72,IPS LCD,48MP+5MP+2MP,8MP,5000,33W,4,128,Yes,Yes,USB-C 2.0,181,229,Public specifications
Play 6 64,Honor,2024,Android 13,Dimensity 7200,2340x1080,6.67,IPS LCD,64MP+2MP+2MP,16MP,5100,67W,4,128,Yes,Yes,USB-C 2.0,196,229,Public specifications
Oppo A5 49 Pro,Oppo,2024,Android 11,Snapdragon 450,1560x720,6.56,IPS LCD,48MP+2MP,5MP,6000,10W,4,64,No,No,USB-C 2.0,174,129,Public specifications
Note 30 72 Max,Infinix,2020,Android 12,Dimensity 7050,2412x1080,6.67,AMOLED,108MP+2MP+2MP,16MP,5000,18W,8,128,Yes,Yes,USB-C 2.0,191,299,Public specifications
Phone 2 48+,Nothing,2024,Android 14,Dimensity 1200,2400x1080,6.67,Super AMOLED,50MP+50MP+8MP,32MP,4600,80W,12,256,Yes,Yes,USB-C 2.0,213,599,Public specifications
Magic 6 25 SE,Honor,2020,Android 13,Apple A15,3200x1440,6.2,LTPO AMOLED,50MP+50MP+50MP,32MP,4700,120W+50W wireless,12,256,Yes,Yes,USB-C 3.2,232,799,Public specifications
Redmi K50 32 SE,Xiaomi,2022,Android 12,Helio G90T,2400x1080,6.67,IPS LCD,50MP+2MP+2MP,16MP,4600,30W,8,256,Yes,Yes,USB-C 2.0,199,349,Public specifications
C11 40 5G,Realme,2021,Android 11,Helio G37,1560x720,6.6,IPS LCD,48MP+2MP,5MP,5000,15W,2,32,No,No,USB-C 2.0,178,59,Public specifications
Find X6 6 SE,Oppo,2023,Android 14,Apple A14,3168x1440,6.82,AMOLED,200MP+12MP+10MP+10MP,12MP,4700,120W+50W wireless,8,256,Yes,Yes,USB-C 3.2,231,699,Public specifications
Oppo A3 26 Ultra,Oppo,2024,Android 10,Helio P65,2400x1080,6.72,IPS LCD,13MP+2MP+2MP,5MP,4900,10W,3,32,No,No,USB-C 2.0,186,79,Public specifications
Edge 40 59 Pro,Motorola,2024,Android 14,Dimensity 9200,2992x1344,6.82,LTPO AMOLED,200MP+12MP+10MP+10MP,16MP,5000,100W,12,512,Yes,Yes,USB-C 3.2,188,999,Public specifications
9 Pro 86,Realme,2024,Android 11,Snapdragon 4 Gen 1,2400x1080,6.5,AMOLED,50MP+2MP+2MP,16MP,5100,67W,8,128,Yes,Yes,USB-C 2.0,179,299,Public specifications
Galaxy Z Fold 59 Ultra,Samsung,2023,Android 14,Snapdragon 8 Gen 2,2556x1179,6.1,OLED,108MP+12MP+10MP+10MP,16MP,5000,100W,12,256,Yes,Yes,USB-C 3.2,220,799,Public specifications
Oppo A5 68 5G,Oppo,2019,Android 10,Snapdragon 480,1600x720,6.5,PLS LCD,13MP+2MP,5MP,6000,10W,4,64,No,No,USB-C 2.0,198,129,Public specifications
OnePlus 11 80 Plus,OnePlus,2022,Android 13,Google Tensor G3,2796x1290,6.8,LTPO OLED,48MP+12MP+12MP,50MP,5000,45W+15W wireless,16,256,Yes,Yes,USB-C 3.2,221,1099,Public specifications
Xperia 10 88+,Sony,2022,Android 13,Helio G96,2340x1080,6.7,IPS LCD,50MP+8MP+5MP,13MP,5000,33W,6,64,Yes,Yes,USB-C 2.0,205,199,Public specifications
Y55 2 Pro,Vivo,2019,Android 12,Helio G85,2400x1080,6.65,IPS LCD,8MP+2MP,5MP,4500,10W,4,128,No,No,USB-C 2.0,198,149,Public specifications
Galaxy A2 89 SE,Samsung,2023,Android 11,Dimensity 1080,2340x1080,6.72,AMOLED,64MP+8MP+2MP,13MP,5000,44W,8,256,Yes,Yes,USB-C 2.0,172,349,Public specifications
Nord CE 27 SE,OnePlus,2023,Android 11,Snapdragon 732G,2340x1080,6.6,IPS LCD,50MP+8MP+5MP,16MP,5000,33W,8,256,Yes,Yes,USB-C 2.0,185,349,Public specifications
P40 Lite 50 Pro,Huawei,2019,HarmonyOS 2,Snapdragon 888,2400x1080,6.4,Super AMOLED,64MP+12MP+5MP,16MP,4800,65W,12,256,Yes,Yes,USB-C 2.0,202,599,Public specifications
Xperia 1 78 SE,Sony,2020,Android 14,Exynos 2200,2796x1290,6.8,LTPO OLED,50MP+48MP+48MP,16MP,4700,120W+50W wireless,16,512,Yes,Yes,USB-C 3.2,207,1199,Public specifications
P50 24s,Huawei,2020,HarmonyOS 3,Exynos 2200,3088x1440,6.7,LTPO AMOLED,48MP+12MP+12MP,10.5MP,5000,45W+15W wireless,12,256,Yes,Yes,USB-C 3.2,209,799,Public specifications
TCL 10 95 Max,TCL,2021,Android 10,Helio G37,1600x720,6.6,PLS LCD,13MP+2MP,8MP,5000,15W,4,128,No,No,USB-C 2.0,182,149,Public specifications
Redmi Note 12 24 Max,Xiaomi,2019,Android 12,Dimensity 1300,2412x1080,6.4,AMOLED,50MP+32MP+12MP,12MP,5000,67W,8,128,Yes,Yes,USB-C 2.0,197,399,Public specifications
Pura 70 77 Ultra,Huawei,2023,HarmonyOS 2,Exynos 2200,3088x1440,5.92,LTPO AMOLED,48MP+12MP+12MP,50MP,4610,90W+50W wireless,12,256,Yes,Yes,USB-C 3.2,242,799,Public specifications
Xperia 10 22 Pro,Sony,2022,Android 13,Snapdragon 750G,2340x1080,6.6,AMOLED,48MP+5MP+2MP,16MP,5000,25W,6,128,Yes,Yes,USB-C 2.0,187,249,Public specifications
Oppo A3 10 Ultra,Oppo,2022,Android 11,Helio A22,1612x720,6.52,IPS LCD,50MP+2MP+2MP,5MP,5000,18W,3,32,No,No,USB-C 2.0,171,79,Public specifications
POCO C5 51 Ultra,Xiaomi,2024,Android 10,Snapdragon 439,1560x720,6.6,IPS LCD,48MP+2MP,8MP,4900,10W,4,128,No,No,USB-C 2.0,203,149,Public specifications
POCO C5 78 Lite,Xiaomi,2024,Android 12,Snapdragon 662,1600x720,6.72,PLS LCD,13MP+5MP,5MP,5050,18W,4,128,No,No,USB-C 2.0,205,149,Public specifications
GT 2 42 Max,Realme,2020,Android 13,Google Tensor G3,3200x1440,6.82,LTPO AMOLED,50MP+48MP+12MP,12MP,5050,30W+23W wireless,8,256,Yes,Yes,USB-C 3.2,228,699,Public specifications
iQOO 10 60 Lite,iQOO,2022,Android 14,Dimensity 1300,2712x1220,6.74,AMOLED,50MP+50MP+8MP,16MP,4600,65W,12,512,Yes,Yes,USB-C 2.0,183,699,Public specifications
X7 33s,Honor,2022,Android 11,Snapdragon 732G,2340x1080,6.72,IPS LCD,50MP+2MP+2MP,16MP,5000,33W,6,64,Yes,Yes,USB-C 2.0,207,199,Public specifications
Oppo A7 5 Ultra,Oppo,2024,Android 13,Helio G90T,2412x1080,6.74,AMOLED,108MP+2MP+2MP,13MP,5000,33W,8,128,Yes,Yes,USB-C 2.0,192,299,Public specifications
OnePlus Nord 3 83s,OnePlus,2019,Android 14,Exynos 1280,2400x1080,6.4,pOLED,50MP+50MP+8MP,20MP,4600,65W,12,512,Yes,Yes,USB-C 2.0,181,699,Public specifications
Edge 50 58 Ultra,Motorola,2021,Android 13,Exynos 2200,3200x1440,6.1,LTPO AMOLED,200MP+12MP+10MP+10MP,32MP,4422,27W+15W MagSafe,16,512,Yes,Yes,USB-C 3.2,211,1199,Public specifications
Xiaomi 14 45 5G,Xiaomi,2019,Android 13,Dimensity 9300,3200x1440,6.8,LTPO AMOLED,50MP+50MP+50MP,12MP,5000,100W,16,256,Yes,Yes,USB-C 3.2,213,1099,Public specifications
Axon 40 9 5G,ZTE,2019,Android 13,Snapdragon 7 Gen 3,2400x1080,6.74,Super AMOLED,50MP+8MP+2MP,16MP,4600,65W,12,256,Yes,Yes,USB-C 2.0,185,599,Public specifications
Blade V50 23 Plus,ZTE,2024,Android 13,Snapdragon 732G,2340x1080,6.7,AMOLED,108MP+2MP+2MP,16MP,5000,18W,8,128,Yes,Yes,USB-C 2.0,181,299,Public specifications
Nord N1 4 SE,OnePlus,2020,Android 12,Snapdragon 720G,2400x1080,6.74,IPS LCD,108MP+2MP+2MP,16MP,5000,18W,6,128,Yes,Yes,USB-C 2.0,183,249,Public specifications
Edge 30 69 Pro,Motorola,2022,Android 12,Dimensity 8200,2712x1220,6.74,AMOLED,64MP+8MP+2MP,16MP,4600,80W,12,256,Yes,Yes,USB-C 2.0,208,599,Public specifications
X7 50 SE,Honor,2020,Android 13,Dimensity 7050,2412x1080,6.72,AMOLED,64MP+8MP+2MP,8MP,4500,33W,6,64,Yes,Yes,USB-C 2.0,189,199,Public specifications
90 Pro 18 Ultra,Honor,2020,Android 14,Snapdragon 7 Gen 1,2772x1240,6.74,AMOLED,108MP+8MP+2MP,16MP,4700,67W,12,256,Yes,Yes,USB-C 2.0,207,599,Public specifications
Reno 8 18 SE,Oppo,2024,Android 14,Dimensity 8100,2400x1080,6.74,pOLED,64MP+8MP+2MP,16MP,5000,80W,6,128,Yes,Yes,USB-C 2.0,186,349,Public specifications
Mate 60 37 Pro,Huawei,2022,HarmonyOS 3,Apple A16,2796x1290,6.1,LTPO OLED,108MP+12MP+10MP+10MP,12MP,4422,27W+15W MagSafe,16,256,Yes,Yes,USB-C 3.2,193,1099,Public specifications
Pixel 6 53s,Google,2019,Android 11,Kirin 9010,3200x1440,6.82,LTPO AMOLED,108MP+12MP+10MP+10MP,50MP,4900,45W+15W wireless,12,256,Yes,Yes,USB-C 3.2,235,799,Public specifications
iQOO 12 5 5G,iQOO,2022,Android 14,Apple A14,2556x1179,5.92,OLED,48MP+12MP+12MP,10.5MP,5000,100W,8,256,Yes,Yes,USB-C 3.2,220,699,Public specifications
GT Neo 5 15 5G,Realme,2024,Android 14,Snapdragon 888,2412x1080,6.78,AMOLED,50MP+50MP+8MP,20MP,4800,65W,8,128,Yes,Yes,USB-C 2.0,203,399,Public specifications
C35 14s,Realme,2019,Android 11,Snapdragon 450,1612x720,6.56,IPS LCD,50MP+2MP,8MP,4900,10W,4,128,No,No,USB-C 2.0,193,149,Public specifications
Fairphone 5 27 SE,Fairphone,2023,Android 12,Google Tensor G2,2712x1220,6.5,AMOLED,50MP+50MP+8MP,12MP,5000,80W,12,512,Yes,Yes,USB-C 2.0,183,699,Public specifications
iQOO Z7 8 SE,iQOO,2024,Android 11,Dimensity 7200,2412x1080,6.67,AMOLED,48MP+5MP+2MP,13MP,4600,30W,8,128,Yes,Yes,USB-C 2.0,188,299,Public specifications
Moto G52 66s,Motorola,2020,Android 12,Snapdragon 7s Gen 2,2400x1080,6.74,AMOLED,50MP+8MP+2MP,16MP,5000,33W,8,256,Yes,Yes,USB-C 2.0,178,349,Public specifications
Xperia 10 32s,Sony,2022,Android 13,Dimensity 7050,2400x1080,6.74,IPS LCD,50MP+8MP+2MP,13MP,5000,44W,8,256,Yes,Yes,USB-C 2.0,194,349,Public specifications
V30 99+,Vivo,2022,Android 14,Dimensity 8100,2412x1080,6.67,AMOLED,64MP+12MP+5MP,20MP,5000,80W,12,256,Yes,Yes,USB-C 2.0,195,599,Public specifications
Nova 7 94 Neo,Huawei,2022,Android 10,Helio G96,2340x1080,6.72,IPS LCD,64MP+2MP+2MP,8MP,5100,67W,6,128,Yes,Yes,USB-C 2.0,183,249,Public specifications
X90 35 Ultra,Vivo,2019,Android 14,Google Tensor G4,2796x1290,5.92,LTPO OLED,200MP+12MP+10MP+10MP,12MP,5000,100W,16,256,Yes,Yes,USB-C 3.2,187,1099,Public specifications
Xiaomi Civi 3+,Xiaomi,2024,Android 13,Snapdragon 888+,2772x1240,6.5,AMOLED,50MP+12MP+10MP,16MP,4600,80W,12,512,Yes,Yes,USB-C 2.0,183,699,Public specifications
Meizu 20 36+,Meizu,2022,Android 13,Exynos 1280,2712x1220,6.4,AMOLED,108MP+8MP+2MP,16MP,4500,100W,8,256,Yes,Yes,USB-C 2.0,215,499,Public specifications
Moto G10 97 Lite,Motorola,2019,Android 12,Snapdragon 680,1600x720,6.6,IPS LCD,13MP+2MP,8MP,5000,15W,4,64,No,No,USB-C 2.0,173,129,Public specifications
Nova 7 2,Huawei,2020,HarmonyOS 2,Helio G90T,2340x1080,6.74,AMOLED,50MP+8MP+5MP,13MP,5100,67W,6,64,Yes,Yes,USB-C 2.0,200,199,Public specifications
iPhone 14 12+,Apple,2024,iOS 14,Snapdragon 8+ Gen 1,2796x1290,6.2,LTPO OLED,50MP+48MP+12MP,32MP,4900,45W+15W wireless,16,512,Yes,Yes,USB-C 2.0,228,1199,Public specifications
OnePlus 12 79s,OnePlus,2023,Android 13,Apple A16,3200x1440,6.8,LTPO AMOLED,50MP+48MP+12MP,16MP,5050,30W+23W wireless,12,512,Yes,Yes,USB-C 3.2,228,999,Public specifications
V25 13 Pro,Vivo,2020,Android 12,Snapdragon 888,2400x1080,6.6,AMOLED,50MP+32MP+12MP,16MP,4500,100W,12,512,Yes,Yes,USB-C 2.0,190,699,Public specifications
Edge 30 71 SE,Motorola,2024,Android 12,Exynos 1380,2400x1080,6.78,Super AMOLED,50MP+32MP+12MP,20MP,4600,65W,8,128,Yes,Yes,USB-C 2.0,194,399,Public specifications
Pixel 4a 96 Max,Google,2020,Android 13,Snapdragon 750G,2340x1080,6.5,IPS LCD,64MP+8MP+2MP,16MP,5000,18W,6,64,Yes,Yes,USB-C 2.0,201,199,Public specifications
Play 5 68,Honor,2021,Android 11,Dimensity 7200,2340x1080,6.7,AMOLED,50MP+8MP+2MP,16MP,5100,67W,4,128,Yes,Yes,USB-C 2.0,204,229,Public specifications
ROG Phone 6 99+,Asus,2019,Android 13,Snapdragon 7 Gen 3,2412x1080,6.4,AMOLED,50MP+8MP+2MP,16MP,4500,100W,8,256,Yes,Yes,USB-C 2.0,200,499,Public specifications
12 Pro 92 Plus,Realme,2023,Android 14,Snapdragon 888,2400x1080,6.7,pOLED,50MP+12MP+10MP,16MP,4600,80W,6,128,Yes,Yes,USB-C 2.0,184,349,Public specifications
Edge 30 11 Plus,Motorola,2024,Android 13,Snapdragon 870,2772x1240,6.74,AMOLED,50MP+32MP+12MP,20MP,5000,67W,6,128,Yes,Yes,USB-C 2.0,179,349,Public specifications
Moto G10 94 Lite,Motorola,2023,Android 11,Helio G88,1612x720,6.65,IPS LCD,13MP+2MP,5MP,5000,15W,6,64,No,No,USB-C 2.0,168,169,Public specifications
Moto G10 85 Pro,Motorola,2022,Android 12,Helio G85,1600x720,6.52,IPS LCD,50MP+2MP+2MP,5MP,4500,10W,4,64,No,No,USB-C 2.0,187,99,Public specifications
Narzo 60 48 Pro,Realme,2022,Android 11,Helio G90T,2340x1080,6.67,AMOLED,64MP+2MP+2MP,13MP,5100,67W,6,128,Yes,Yes,USB-C 2.0,187,249,Public specifications
9 Pro 92 SE,Realme,2022,Android 12,Helio G96,2400x1080,6.5,AMOLED,50MP+2MP+2MP,16MP,4600,30W,8,256,Yes,Yes,USB-C 2.0,206,349,Public specifications
Nord CE 3 33+,OnePlus,2019,Android 12,Exynos 1380,2400x1080,6.4,Super AMOLED,64MP+12MP+5MP,16MP,4700,67W,6,128,Yes,Yes,USB-C 2.0,175,349,Public specifications
Xperia 10 47 Max,Sony,2021,Android 13,Snapdragon 732G,2400x1080,6.6,IPS LCD,50MP+8MP+5MP,13MP,4600,30W,6,64,Yes,Yes,USB-C 2.0,185,199,Public specifications
Oppo A1 35+,Oppo,2023,Android 11,Unisoc T616,1600x720,6.75,PLS LCD,13MP+2MP,8MP,5000,10W,4,64,No,No,USB-C 2.0,167,129,Public specifications
Reno 7 37 5G,Oppo,2021,Android 12,Dimensity 7200,2400x1080,6.6,AMOLED,108MP+2MP+2MP,16MP,5000,33W,8,256,Yes,Yes,USB-C 2.0,206,349,Public specifications
iQOO Z6 80 Lite,iQOO,2023,Android 13,Dimensity 1080,2340x1080,6.74,AMOLED,108MP+2MP+2MP,16MP,5100,67W,8,128,Yes,Yes,USB-C 2.0,185,299,Public specifications
OnePlus 12 4 Lite,OnePlus,2024,Android 14,Dimensity 9200,3168x1440,5.92,AMOLED,50MP+48MP+48MP,32MP,4422,27W+15W MagSafe,16,512,Yes,Yes,USB-C 3.2,204,1199,Public specifications
Redmi Note 12 31 Max,Xiaomi,2023,Android 14,Dimensity 1300,2400x1080,6.5,AMOLED,64MP+8MP+2MP,20MP,4600,80W,8,128,Yes,Yes,USB-C 2.0,201,399,Public specifications
TCL 40 96+,TCL,2023,Android 13,Helio G99,2400x1080,6.5,AMOLED,108MP+2MP+2MP,16MP,5000,44W,6,64,Yes,Yes,USB-C 2.0,206,199,Public specifications
Galaxy F1 31 5G,Samsung,2021,Android 11,Helio A22,1600x720,6.56,PLS LCD,8MP+2MP,5MP,4500,10W,2,32,No,No,USB-C 2.0,193,59,Public specifications
Moto G Stylus 26 Pro,Motorola,2022,Android 12,Snapdragon 888,2412x1080,6.67,AMOLED,50MP+8MP+2MP,32MP,4600,80W,8,256,Yes,Yes,USB-C 2.0,195,499,Public specifications
Oppo A5 46 Lite,Oppo,2020,Android 12,Snapdragon 662,1600x720,6.5,PLS LCD,48MP+2MP,8MP,6000,10W,4,64,No,No,USB-C 2.0,208,99,Public specifications
Moto G10 78,Motorola,2022,Android 12,Helio P65,1600x720,6.56,PLS LCD,13MP+5MP,8MP,4500,10W,4,64,No,No,USB-C 2.0,197,129,Public specifications
Galaxy F0 23,Samsung,2020,Android 12,Snapdragon 680,2400x1080,6.5,IPS LCD,13MP+2MP+2MP,5MP,5000,15W,6,64,No,No,USB-C 2.0,172,169,Public specifications
Galaxy S 17 Lite,Samsung,2019,Android 12,Exynos 2200,2796x1290,6.1,LTPO OLED,50MP+12MP+12MP,12MP,4700,120W+50W wireless,12,256,Yes,Yes,USB-C 3.2,197,799,Public specifications
Desire 22 12 Ultra,HTC,2024,Android 12,Snapdragon 7 Gen 1,2400x1080,6.67,AMOLED,50MP+12MP+10MP,16MP,4700,67W,6,128,Yes,Yes,USB-C 2.0,200,349,Public specifications
GT 6 88 Max,Realme,2020,Android 14,Apple A16,2796x1290,6.8,LTPO OLED,50MP+50MP+50MP,10.5MP,4700,120W+50W wireless,16,256,Yes,Yes,USB-C 3.2,187,1099,Public specifications
90 38 Neo,Honor,2020,Android 14,Dimensity 8100,2412x1080,6.67,AMOLED,50MP+12MP+10MP,16MP,4600,80W,12,256,Yes,Yes,USB-C 2.0,201,599,Public specifications
Pixel 4 81 Plus,Google,2023,Android 13,Snapdragon 8 Gen 3,3200x1440,6.82,LTPO AMOLED,50MP+48MP+12MP,50MP,5000,100W,16,256,Yes,Yes,USB-C 3.2,205,1099,Public specifications
Reno 9 4 Ultra,Oppo,2021,Android 12,Exynos 1380,2772x1240,6.7,AMOLED,50MP+8MP+2MP,20MP,4600,80W,12,512,Yes,Yes,USB-C 2.0,212,699,Public specifications
Xperia 1 32s,Sony,2020,Android 13,Apple A14,2796x1290,6.2,LTPO OLED,50MP+48MP+48MP,10.5MP,4610,90W+50W wireless,16,256,Yes,Yes,USB-C 3.2,200,1099,Public specifications
Nova 6 76,Huawei,2020,HarmonyOS 2,Helio G90T,2340x1080,6.72,IPS LCD,48MP+5MP+2MP,13MP,4600,30W,8,128,Yes,Yes,USB-C 2.0,201,299,Public specifications
C25 63,Realme,2019,Android 10,Helio G85,1600x720,6.6,IPS LCD,13MP+5MP,5MP,5000,15W,3,32,No,No,USB-C 2.0,186,79,Public specifications
90 44 Pro,Honor,2020,Android 12,Snapdragon 888,2712x1220,6.74,AMOLED,50MP+8MP+2MP,16MP,4700,67W,6,128,Yes,Yes,USB-C 2.0,182,349,Public specifications
Pop 7 48s,Tecno,2020,Android 10,Snapdragon 680,1560x720,6.52,IPS LCD,13MP+2MP,8MP,5050,18W,4,128,No,No,USB-C 2.0,192,149,Public specifications
iQOO Z5 84 Ultra,iQOO,2024,Android 12,Snapdragon 732G,2340x1080,6.6,IPS LCD,108MP+2MP+2MP,13MP,5100,67W,8,256,Yes,Yes,USB-C 2.0,207,349,Public specifications
Smart 7 40 5G,Infinix,2023,Android 11,Helio G80,1612x720,6.6,IPS LCD,50MP+2MP+2MP,8MP,4500,10W,3,32,No,No,USB-C 2.0,167,79,Public specifications
OnePlus Nord N 79 Lite,OnePlus,2019,Android 12,Helio G96,2412x1080,6.74,AMOLED,64MP+8MP+2MP,16MP,5000,25W,8,256,Yes,Yes,USB-C 2.0,185,349,Public specifications
Nokia C3 82+,Nokia,2020,Android 10,Snapdragon 439,1600x720,6.56,IPS LCD,50MP+2MP+2MP,8MP,4900,10W,4,64,No,No,USB-C 2.0,180,99,Public specifications
TCL 50 33+,TCL,2022,Android 13,Helio G90T,2400x1080,6.6,AMOLED,64MP+8MP+2MP,16MP,5000,18W,6,64,Yes,Yes,USB-C 2.0,201,199,Public specifications
Meizu 20 70 Max,Meizu,2022,Android 14,Snapdragon 7 Gen 1,2400x1080,6.5,pOLED,50MP+50MP+8MP,12MP,5000,80W,8,256,Yes,Yes,USB-C 2.0,179,499,Public specifications
Zero 30 3 Ultra,Infinix,2024,Android 13,Snapdragon 750G,2400x1080,6.6,AMOLED,64MP+8MP+2MP,8MP,5000,25W,6,64,Yes,Yes,USB-C 2.0,174,199,Public specifications
Pura 70 77 SE,Huawei,2020,HarmonyOS 3,Kirin 9010,3168x1440,6.8,AMOLED,50MP+48MP+48MP,50MP,4900,45W+15W wireless,8,256,Yes,Yes,USB-C 3.2,188,699,Public specifications
POCO F5 25 Max,Xiaomi,2020,Android 12,Google Tensor G2,2412x1080,6.6,AMOLED,64MP+12MP+5MP,12MP,4500,100W,12,256,Yes,Yes,USB-C 2.0,181,599,Public specifications
Galaxy F1 20,Samsung,2023,Android 13,Helio G37,1600x720,6.72,IPS LCD,48MP+2MP,8MP,5050,18W,2,32,No,No,USB-C 2.0,195,59,Public specifications
Pixel 9 27 Pro,Google,2022,Android 14,Google Tensor G4,3088x1440,6.8,LTPO AMOLED,108MP+12MP+10MP+10MP,12MP,4700,120W+50W wireless,16,512,Yes,Yes,USB-C 3.2,242,1199,Public specifications
Zenfone 11 83 Plus,Asus,2019,Android 13,Exynos 2200,2992x1344,6.8,LTPO AMOLED,50MP+48MP+12MP,50MP,5400,100W+50W wireless,12,512,Yes,Yes,USB-C 3.2,201,999,Public specifications
X60 29 5G,Vivo,2023,Android 13,Exynos 1380,2400x1080,6.78,AMOLED,64MP+8MP+2MP,16MP,4600,80W,12,256,Yes,Yes,USB-C 2.0,201,599,Public specifications
iQOO 12 50 Plus,iQOO,2019,Android 13,Exynos 2100,2556x1179,6.7,OLED,108MP+12MP+10MP+10MP,12MP,5050,30W+23W wireless,16,512,Yes,Yes,USB-C 3.2,210,1199,Public specifications
U23 Pro 16 Neo,HTC,2019,Android 12,Snapdragon 778G,2772x1240,6.67,AMOLED,64MP+8MP+2MP,32MP,4700,67W,8,128,Yes,Yes,USB-C 2.0,202,399,Public specifications
Pixel 4 77 5G,Google,2023,Android 13,Dimensity 9300,3168x1440,6.8,AMOLED,50MP+12MP+12MP,12MP,4610,90W+50W wireless,8,256,Yes,Yes,USB-C 3.2,205,699,Public specifications
Pop 7 59,Tecno,2020,Android 12,Snapdragon 450,1600x720,6.52,IPS LCD,13MP+2MP+2MP,5MP,5000,15W,6,64,No,No,USB-C 2.0,201,169,Public specifications
P30 Lite 14 SE,Huawei,2022,Android 10,Snapdragon 4 Gen 1,2400x1080,6.67,AMOLED,50MP+8MP+5MP,8MP,5100,67W,4,128,Yes,Yes,USB-C 2.0,186,229,Public specifications
Reno 8 78 Neo,Oppo,2024,Android 14,Snapdragon 7 Gen 3,2772x1240,6.7,AMOLED,108MP+8MP+2MP,16MP,4700,67W,6,128,Yes,Yes,USB-C 2.0,200,349,Public specifications
Galaxy M1 89 Lite,Samsung,2021,Android 12,Snapdragon 695,2340x1080,6.67,IPS LCD,50MP+2MP+2MP,8MP,4500,33W,6,128,Yes,Yes,USB-C 2.0,189,249,Public specifications
Moto G72 30 Pro,Motorola,2024,Android 12,Dimensity 8300,2400x1080,6.7,Super AMOLED,50MP+12MP+10MP,20MP,4500,100W,12,512,Yes,Yes,USB-C 2.0,180,699,Public specifications
Pixel 6 53 Neo,Google,2020,Android 13,Dimensity 9200,3088x1440,6.8,LTPO AMOLED,200MP+12MP+10MP+10MP,12MP,4700,120W+50W wireless,8,256,Yes,Yes,USB-C 3.2,234,699,Public specifications
Spark 10 25 Lite,Tecno,2024,Android 10,Snapdragon 439,1600x720,6.56,IPS LCD,13MP+5MP,8MP,4900,10W,4,64,No,No,USB-C 2.0,177,99,Public specifications
Moto G100 65 Max,Motorola,2023,Android 13,Exynos 1280,2400x1080,6.67,AMOLED,64MP+12MP+5MP,16MP,4700,67W,12,256,Yes,Yes,USB-C 2.0,203,599,Public specifications
Nord N1 71 Ultra,OnePlus,2019,Android 13,Dimensity 7200,2400x1080,6.67,IPS LCD,50MP+8MP+5MP,8MP,5000,44W,6,128,Yes,Yes,USB-C 2.0,194,249,Public specifications
Galaxy M0 29s,Samsung,2019,Android 11,Helio P65,1600x720,6.65,IPS LCD,13MP+5MP,8MP,4500,10W,6,64,No,No,USB-C 2.0,208,169,Public specifications
Galaxy Note 83 Pro,Samsung,2022,Android 12,Snapdragon 8 Gen 3,2992x1344,6.8,LTPO AMOLED,48MP+12MP+12MP,12MP,4700,120W+50W wireless,16,256,Yes,Yes,USB-C 3.2,239,1099,Public specifications
Nokia C2 28 Neo,Nokia,2023,Android 11,Helio A22,1600x720,6.5,IPS LCD,13MP+2MP+2MP,5MP,5000,18W,4,64,No,No,USB-C 2.0,207,99,Public specifications
Spark 20 39s,Tecno,2021,Android 13,Snapdragon 690,2400x1080,6.67,IPS LCD,64MP+8MP+2MP,8MP,4500,33W,8,256,Yes,Yes,USB-C 2.0,189,349,Public specifications
Pixel 8 8 SE,Google,2022,Android 13,Exynos 2200,3168x1440,5.92,AMOLED,50MP+48MP+12MP,16MP,4900,45W+15W wireless,12,256,Yes,Yes,USB-C 3.2,203,799,Public specifications
Edge 40 50,Motorola,2021,Android 14,Apple A15,2796x1290,6.82,LTPO OLED,50MP+50MP+50MP,16MP,5000,100W,16,256,Yes,Yes,USB-C 3.2,239,1099,Public specifications
OnePlus Nord 2 13 Neo,OnePlus,2021,Android 13,Snapdragon 778G,2400x1080,6.74,Super AMOLED,108MP+8MP+2MP,12MP,4600,65W,8,256,Yes,Yes,USB-C 2.0,180,499,Public specifications
Xperia 5 96 5G,Sony,2022,Android 13,Exynos 2100,2796x1290,6.1,LTPO OLED,50MP+48MP+12MP,32MP,4700,120W+50W wireless,16,512,Yes,Yes,USB-C 3.2,188,1199,Public specifications
Fairphone 5 25 Plus,Fairphone,2020,Android 13,Snapdragon 7 Gen 1,2400x1080,6.4,Super AMOLED,50MP+12MP+10MP,12MP,4500,100W,12,512,Yes,Yes,USB-C 2.0,183,699,Public specifications
Pixel 7 73 Neo,Google,2020,Android 11,Apple A17 Pro,2796x1290,5.92,LTPO OLED,200MP+12MP+10MP+10MP,12MP,5000,100W,16,256,Yes,Yes,USB-C 3.2,205,1099,Public specifications
X9 58 5G,Honor,2023,Android 11,Snapdragon 720G,2400x1080,6.6,IPS LCD,108MP+2MP+2MP,16MP,5000,18W,6,128,Yes,Yes,USB-C 2.0,197,249,Public specifications
Play 6 55 Neo,Honor,2021,Android 12,Dimensity 7050,2400x1080,6.5,AMOLED,64MP+8MP+2MP,13MP,5000,25W,8,256,Yes,Yes,USB-C 2.0,203,349,Public specifications
Pixel 9 81 Lite,Google,2023,Android 14,Apple A14,3168x1440,6.8,AMOLED,50MP+48MP+12MP,32MP,4900,45W+15W wireless,12,256,Yes,Yes,USB-C 3.2,222,799,Public specifications
Moto E30 6 5G,Motorola,2021,Android 10,Helio A22,2400x1080,6.52,IPS LCD,50MP+2MP+2MP,8MP,4900,10W,2,32,No,No,USB-C 2.0,196,59,Public specifications
Nokia G1 52,Nokia,2023,Android 10,Helio P65,1612x720,6.5,IPS LCD,50MP+2MP+2MP,5MP,5000,10W,2,32,No,No,USB-C 2.0,197,59,Public specifications
OnePlus Nord 3 92s,OnePlus,2019,Android 13,Snapdragon 888,2400x1080,6.7,AMOLED,50MP+12MP+10MP,20MP,4600,65W,6,128,Yes,Yes,USB-C 2.0,213,349,Public specifications
Galaxy A0 7+,Samsung,2024,Android 10,Snapdragon 680,2400x1080,6.6,IPS LCD,48MP+2MP,8MP,5000,18W,4,128,No,No,USB-C 2.0,174,149,Public specifications
Pixel 8a 54s,Google,2020,Android 12,Snapdragon 690,2340x1080,6.74,IPS LCD,108MP+2MP+2MP,8MP,4600,30W,4,128,Yes,Yes,USB-C 2.0,196,229,Public specifications
Camon 20 37+,Tecno,2023,Android 12,Snapdragon 4 Gen 1,2400x1080,6.67,AMOLED,50MP+2MP+2MP,16MP,4600,30W,8,128,Yes,Yes,USB-C 2.0,182,299,Public specifications
Nokia 3 38 Pro,Nokia,2020,Android 11,Helio G88,1560x720,6.56,IPS LCD,48MP+2MP,5MP,4500,10W,6,64,No,No,USB-C 2.0,165,169,Public specifications
Galaxy S 74s,Samsung,2024,Android 12,Kirin 9010,2992x1344,6.7,LTPO AMOLED,50MP+12MP+12MP,12MP,5000,45W+15W wireless,12,256,Yes,Yes,USB-C 3.2,199,799,Public specifications
Y76 60,Vivo,2024,Android 12,Snapdragon 690,2400x1080,6.67,IPS LCD,50MP+8MP+5MP,13MP,5100,67W,8,256,Yes,Yes,USB-C 2.0,190,349,Public specifications
X100 98,Vivo,2021,Android 13,Snapdragon 8 Gen 3,2992x1344,6.82,LTPO AMOLED,200MP+12MP+10MP+10MP,32MP,5400,100W+50W wireless,16,512,Yes,Yes,USB-C 3.2,241,1199,Public specifications
Axon 50 44 Pro,ZTE,2022,Android 13,Snapdragon 7 Gen 1,2400x1080,6.74,pOLED,50MP+12MP+10MP,16MP,4500,100W,12,512,Yes,Yes,USB-C 2.0,201,699,Public specifications
Phone 2 17,Nothing,2023,Android 13,Snapdragon 888+,2772x1240,6.78,AMOLED,50MP+8MP+2MP,16MP,4800,65W,12,512,Yes,Yes,USB-C 2.0,203,699,Public specifications
OnePlus Nord N 46 SE,OnePlus,2022,Android 12,Snapdragon 695,2340x1080,6.5,IPS LCD,50MP+8MP+5MP,16MP,5000,18W,6,64,Yes,Yes,USB-C 2.0,198,199,Public specifications
Galaxy A1 84 Ultra,Samsung,2023,Android 12,Snapdragon 695,2340x1080,6.74,IPS LCD,50MP+8MP+5MP,13MP,5100,67W,4,128,Yes,Yes,USB-C 2.0,184,229,Public specifications
Zenfone 11 56s,Asus,2023,Android 13,Apple A14,3200x1440,6.82,LTPO AMOLED,50MP+48MP+12MP,16MP,4610,90W+50W wireless,12,512,Yes,Yes,USB-C 3.2,188,999,Public specifications
Galaxy Z Fold 61 Neo,Samsung,2019,Android 14,Apple A16,3088x1440,6.7,LTPO AMOLED,108MP+12MP+10MP+10MP,32MP,5050,30W+23W wireless,16,256,Yes,Yes,USB-C 3.2,217,1099,Public specifications
Xperia Pro 52 Lite,Sony,2022,Android 14,Snapdragon 8 Gen 1,3200x1440,6.8,LTPO AMOLED,108MP+12MP+10MP+10MP,12MP,5000,100W,12,256,Yes,Yes,USB-C 3.2,205,799,Public specifications
POCO M5 84,Xiaomi,2019,Android 13,Snapdragon 690,2400x1080,6.5,IPS LCD,50MP+2MP+2MP,13MP,4600,30W,4,128,Yes,Yes,USB-C 2.0,208,229,Public specifications
70 72 Lite,Honor,2020,Android 14,Exynos 1280,2400x1080,6.78,Super AMOLED,50MP+12MP+10MP,20MP,4500,100W,8,128,Yes,Yes,USB-C 2.0,204,399,Public specifications
Nokia 7 92 Neo,Nokia,2024,Android 12,Snapdragon 690,2400x1080,6.67,AMOLED,50MP+8MP+5MP,16MP,5000,33W,8,256,Yes,Yes,USB-C 2.0,188,349,Public specifications
Mate 40 90+,Huawei,2023,HarmonyOS 3,Snapdragon 8 Gen 2,2992x1344,6.7,LTPO AMOLED,108MP+12MP+10MP+10MP,10.5MP,4610,90W+50W wireless,12,256,Yes,Yes,USB-C 3.2,197,799,Public specifications
Pixel 9 28 Neo,Google,2024,Android 11,Apple A15,3168x1440,5.92,AMOLED,50MP+48MP+12MP,12MP,4610,90W+50W wireless,12,256,Yes,Yes,USB-C 3.2,222,799,Public specifications
POCO M5 85 SE,Xiaomi,2022,Android 12,Dimensity 920,2400x1080,6.72,IPS LCD,50MP+2MP+2MP,13MP,4600,30W,6,128,Yes,Yes,USB-C 2.0,207,249,Public specifications
Y12 89 SE,Vivo,2023,Android 10,Helio G80,1600x720,6.72,IPS LCD,8MP+2MP,5MP,5000,15W,6,64,No,No,USB-C 2.0,203,169,Public specifications
Meizu 20 54 SE,Meizu,2020,Android 14,Google Tensor G2,2772x1240,6.67,AMOLED,108MP+8MP+2MP,16MP,4500,100W,12,256,Yes,Yes,USB-C 2.0,183,599,Public specifications
Oppo A1 96 Plus,Oppo,2024,Android 12,Helio A22,1600x720,6.65,IPS LCD,13MP+2MP+2MP,8MP,4500,10W,2,32,No,No,USB-C 2.0,178,59,Public specifications
Pixel 8 88 Ultra,Google,2023,Android 12,Apple A17 Pro,3168x1440,6.7,AMOLED,200MP+12MP+10MP+10MP,12MP,5400,100W+50W wireless,12,256,Yes,Yes,USB-C 3.2,215,799,Public specifications
P30 Lite 87 Plus,Huawei,2022,HarmonyOS 2,Snapdragon 750G,2400x1080,6.5,IPS LCD,50MP+8MP+5MP,13MP,4600,30W,6,128,Yes,Yes,USB-C 2.0,179,249,Public specifications
Galaxy A0 35 Pro,Samsung,2021,Android 11,Helio A22,1600x720,6.72,IPS LCD,50MP+2MP,5MP,6000,10W,4,64,No,No,USB-C 2.0,178,99,Public specifications
iQOO 12 58+,iQOO,2022,Android 14,Apple A14,3168x1440,6.8,AMOLED,50MP+50MP+64MP,10.5MP,4700,120W+50W wireless,12,256,Yes,Yes,USB-C 3.2,211,799,Public specifications
iQOO Z5 71,iQOO,2024,Android 12,Snapdragon 695,2340x1080,6.6,IPS LCD,48MP+5MP+2MP,16MP,4600,30W,6,64,Yes,Yes,USB-C 2.0,193,199,Public specifications
iQOO 12 38 Neo,iQOO,2022,Android 13,Apple A16,3168x1440,6.1,AMOLED,50MP+12MP+12MP,10.5MP,4900,45W+15W wireless,8,256,Yes,Yes,USB-C 3.2,187,699,Public specifications
X80 17 Pro,Vivo,2021,Android 14,Google Tensor G3,3088x1440,6.2,LTPO AMOLED,50MP+48MP+12MP,50MP,4900,45W+15W wireless,12,256,Yes,Yes,USB-C 3.2,223,799,Public specifications
Galaxy F0 74 Plus,Samsung,2023,Android 13,Helio G37,1600x720,6.52,IPS LCD,8MP+2MP,8MP,5000,18W,4,64,No,No,USB-C 2.0,169,129,Public specifications
iQOO Z5 54 Plus,iQOO,2021,Android 11,Dimensity 920,2400x1080,6.74,IPS LCD,64MP+8MP+2MP,8MP,5000,25W,8,128,Yes,Yes,USB-C 2.0,191,299,Public specifications
Find X6 97 SE,Oppo,2024,Android 13,Kirin 9010,2556x1179,6.2,OLED,50MP+48MP+48MP,12MP,5400,100W+50W wireless,16,512,Yes,Yes,USB-C 3.2,224,1199,Public specifications
90 88 Ultra,Honor,2023,Android 12,Dimensity 8100,2400x1080,6.4,AMOLED,50MP+12MP+10MP,20MP,4800,65W,12,256,Yes,Yes,USB-C 2.0,198,599,Public specifications
11 Pro 6 5G,Realme,2023,Android 13,Exynos 1280,2772x1240,6.5,AMOLED,108MP+8MP+2MP,12MP,4600,80W,8,128,Yes,Yes,USB-C 2.0,209,399,Public specifications
Galaxy S 86s,Samsung,2024,Android 12,Apple A15,3168x1440,5.92,AMOLED,50MP+50MP+64MP,12MP,5050,30W+23W wireless,8,256,Yes,Yes,USB-C 3.2,234,699,Public specifications
X100 4 Neo,Vivo,2023,Android 13,Dimensity 9300,3088x1440,6.7,LTPO AMOLED,50MP+12MP+12MP,12MP,4422,27W+15W MagSafe,12,512,Yes,Yes,USB-C 3.2,189,999,Public specifications
Nova 9 53 Max,Huawei,2024,HarmonyOS 2,Dimensity 1300,2400x1080,6.67,Super AMOLED,50MP+12MP+10MP,16MP,4500,100W,8,128,Yes,Yes,USB-C 2.0,182,399,Public specifications
C55 93 SE,Realme,2023,Android 12,Helio G85,1600x720,6.56,IPS LCD,13MP+2MP+2MP,8MP,4500,10W,4,64,No,No,USB-C 2.0,171,99,Public specifications
Moto G50 78+,Motorola,2020,Android 12,Snapdragon 750G,2400x1080,6.7,IPS LCD,50MP+2MP+2MP,16MP,5100,67W,6,128,Yes,Yes,USB-C 2.0,204,249,Public specifications
Xperia 1 70 5G,Sony,2019,Android 14,Apple A17 Pro,2796x1290,6.1,LTPO OLED,50MP+48MP+12MP,12MP,4900,45W+15W wireless,12,256,Yes,Yes,USB-C 3.2,221,799,Public specifications
Magic 5 40 Lite,Honor,2020,Android 13,Dimensity 9200,2992x1344,6.2,LTPO AMOLED,50MP+50MP+64MP,16MP,4900,45W+15W wireless,12,512,Yes,Yes,USB-C 3.2,224,999,Public specifications
Spark 20 15 Pro,Tecno,2024,Android 12,Helio G96,2412x1080,6.7,AMOLED,50MP+8MP+5MP,13MP,5100,67W,4,128,Yes,Yes,USB-C 2.0,205,229,Public specifications
iPhone 13 33+,Apple,2024,iOS 17,Apple A15,3168x1440,5.92,AMOLED,108MP+12MP+10MP+10MP,32MP,5400,100W+50W wireless,12,512,Yes,Yes,USB-C 2.0,200,999,Public specifications
POCO F5 9 Lite,Xiaomi,2023,Android 14,Dimensity 8200,2400x1080,6.74,pOLED,50MP+12MP+10MP,20MP,4800,65W,12,256,Yes,Yes,USB-C 2.0,184,599,Public specifications
Nova 8 55 Pro,Huawei,2021,HarmonyOS 2,Snapdragon 7 Gen 3,2712x1220,6.6,AMOLED,64MP+8MP+2MP,32MP,5000,80W,12,512,Yes,Yes,USB-C 2.0,183,699,Public specifications
Zenfone 8 62 Neo,Asus,2020,Android 13,Dimensity 1300,2712x1220,6.4,AMOLED,50MP+50MP+8MP,20MP,5000,67W,6,128,Yes,Yes,USB-C 2.0,213,349,Public specifications
Xiaomi 12 69 Lite,Xiaomi,2024,Android 13,Google Tensor G3,3168x1440,6.82,AMOLED,50MP+12MP+12MP,16MP,5000,45W+15W wireless,12,256,Yes,Yes,USB-C 3.2,186,799,Public specifications
Smart 6 28,Infinix,2022,Android 12,Snapdragon 480,1600x720,6.56,PLS LCD,13MP+2MP+2MP,5MP,4500,10W,4,64,No,No,USB-C 2.0,179,129,Public specifications
Desire 22 60 Plus,HTC,2020,Android 12,Dimensity 1200,2400x1080,6.74,AMOLED,50MP+12MP+10MP,20MP,4800,65W,8,128,Yes,Yes,USB-C 2.0,214,399,Public specifications
ROG Phone 6 58 Pro,Asus,2019,Android 12,Snapdragon 778G,2412x1080,6.6,AMOLED,50MP+32MP+12MP,32MP,5000,80W,12,512,Yes,Yes,USB-C 2.0,189,699,Public specifications
iQOO 11 9 5G,iQOO,2022,Android 13,Dimensity 9200,2992x1344,6.7,LTPO AMOLED,50MP+48MP+48MP,16MP,5050,30W+23W wireless,8,256,Yes,Yes,USB-C 3.2,215,699,Public specifications
V21 84 Ultra,Vivo,2023,Android 11,Snapdragon 690,2340x1080,6.72,IPS LCD,108MP+2MP+2MP,8MP,5100,67W,8,256,Yes,Yes,USB-C 2.0,206,349,Public specifications
Nord N1 49 Ultra,OnePlus,2020,Android 13,Helio G99,2340x1080,6.7,IPS LCD,50MP+8MP+5MP,13MP,4600,30W,8,256,Yes,Yes,USB-C 2.0,203,349,Public specifications
Oppo A9 63 Neo,Oppo,2019,Android 12,Helio G99,2400x1080,6.6,AMOLED,108MP+2MP+2MP,16MP,5000,18W,8,128,Yes,Yes,USB-C 2.0,202,299,Public specifications
Phone 2a 20 Pro,Nothing,2021,Android 13,Snapdragon 778G,2712x1220,6.67,AMOLED,50MP+32MP+12MP,16MP,5000,80W,8,256,Yes,Yes,USB-C 2.0,182,499,Public specifications
Y15 27 SE,Vivo,2020,Android 11,Helio G80,1600x720,6.5,IPS LCD,8MP+2MP,5MP,5000,15W,4,64,No,No,USB-C 2.0,201,129,Public specifications
Nova 7 81 Plus,Huawei,2023,Android 10,Snapdragon 695,2412x1080,6.6,AMOLED,50MP+8MP+2MP,13MP,5000,25W,8,256,Yes,Yes,USB-C 2.0,195,349,Public specifications
Magic 4 93s,Honor,2020,Android 13,Google Tensor G4,3088x1440,6.2,LTPO AMOLED,50MP+50MP+50MP,50MP,5000,100W,16,512,Yes,Yes,USB-C 3.2,238,1199,Public specifications
Oppo A1 75 Pro,Oppo,2021,Android 10,Unisoc T616,1600x720,6.72,IPS LCD,13MP+2MP+2MP,8MP,5000,10W,2,32,No,No,USB-C 2.0,194,59,Public specifications
Magic 4 30 Max,Honor,2024,Android 13,Exynos 2200,2992x1344,6.82,LTPO AMOLED,50MP+12MP+12MP,12MP,5050,30W+23W wireless,8,256,Yes,Yes,USB-C 3.2,211,699,Public specifications
Smart 7 13 Pro,Infinix,2019,Android 12,Snapdragon 662,1560x720,6.65,IPS LCD,13MP+2MP+2MP,8MP,6000,10W,3,32,No,No,USB-C 2.0,170,79,Public specifications
Y35 70,Vivo,2019,Android 12,Snapdragon 632,1600x720,6.56,IPS LCD,50MP+2MP+2MP,5MP,5000,18W,6,64,No,No,USB-C 2.0,209,169,Public specifications
Narzo 50 62 Max,Realme,2021,Android 11,Dimensity 7200,2412x1080,6.6,AMOLED,50MP+8MP+5MP,13MP,5000,33W,6,64,Yes,Yes,USB-C 2.0,200,199,Public specifications
iQOO Neo 9 37 SE,iQOO,2023,Android 12,Dimensity 1200,2400x1080,6.7,pOLED,108MP+8MP+2MP,32MP,4600,80W,8,128,Yes,Yes,USB-C 2.0,182,399,Public specifications
9 Pro 84 Lite,Realme,2024,Android 12,Helio G90T,2340x1080,6.7,AMOLED,50MP+2MP+2MP,8MP,5000,33W,8,128,Yes,Yes,USB-C 2.0,207,299,Public specifications
Edge 40 73 Ultra,Motorola,2022,Android 14,Google Tensor G3,3168x1440,6.82,AMOLED,50MP+50MP+64MP,10.5MP,4610,90W+50W wireless,8,256,Yes,Yes,USB-C 3.2,196,699,Public specifications
Find X5 40 SE,Oppo,2020,Android 14,Dimensity 9200,3168x1440,5.92,AMOLED,50MP+50MP+64MP,16MP,4900,45W+15W wireless,12,256,Yes,Yes,USB-C 3.2,213,799,Public specifications
iQOO Z5 13 Lite,iQOO,2024,Android 11,Dimensity 920,2400x1080,6.72,IPS LCD,50MP+8MP+5MP,8MP,5100,67W,4,128,Yes,Yes,USB-C 2.0,173,229,Public specifications
Nord CE 2 1+,OnePlus,2021,Android 14,Snapdragon 888+,2772x1240,6.4,AMOLED,50MP+12MP+10MP,12MP,5000,67W,8,128,Yes,Yes,USB-C 2.0,189,399,Public specifications
Find X8 93 Max,Oppo,2022,Android 13,Exynos 2200,2556x1179,5.92,OLED,48MP+12MP+12MP,16MP,4422,27W+15W MagSafe,12,512,Yes,Yes,USB-C 3.2,213,999,Public specifications
Galaxy Z Fold 67 5G,Samsung,2020,Android 14,Apple A15,3088x1440,6.7,LTPO AMOLED,50MP+50MP+50MP,12MP,4900,45W+15W wireless,12,256,Yes,Yes,USB-C 3.2,226,799,Public specifications
Galaxy Z Fold 36 Max,Samsung,2024,Android 12,Dimensity 9200,3168x1440,6.1,AMOLED,50MP+50MP+64MP,50MP,5050,30W+23W wireless,8,256,Yes,Yes,USB-C 3.2,230,699,Public specifications
iPhone 15 37 Plus,Apple,2023,iOS 13,Dimensity 9200,2796x1290,6.8,LTPO OLED,48MP+12MP+12MP,10.5MP,5050,30W+23W wireless,16,512,Yes,Yes,USB-C 2.0,185,1199,Public specifications
Edge 50 65+,Motorola,2023,Android 14,Snapdragon 8 Gen 1,2556x1179,6.7,OLED,48MP+12MP+12MP,32MP,5000,45W+15W wireless,8,256,Yes,Yes,USB-C 3.2,237,699,Public specifications
iQOO Z5 89 Neo,iQOO,2024,Android 12,Dimensity 7050,2412x1080,6.7,AMOLED,50MP+2MP+2MP,16MP,5100,67W,8,256,Yes,Yes,USB-C 2.0,199,349,Public specifications
U23 Pro 15 5G,HTC,2021,Android 13,Snapdragon 7 Gen 1,2400x1080,6.78,pOLED,64MP+12MP+5MP,32MP,5000,80W,8,256,Yes,Yes,USB-C 2.0,201,499,Public specifications
Nokia 5 2 5G,Nokia,2021,Android 12,Helio P65,1600x720,6.75,PLS LCD,13MP+2MP,5MP,4500,10W,2,32,No,No,USB-C 2.0,169,59,Public specifications
Mate 60 41 Ultra,Huawei,2020,HarmonyOS 3,Apple A15,2556x1179,5.92,OLED,48MP+12MP+12MP,10.5MP,5050,30W+23W wireless,16,512,Yes,Yes,USB-C 3.2,200,1199,Public specifications
Blade V50 27 Lite,ZTE,2019,Android 12,Snapdragon 720G,2400x1080,6.5,IPS LCD,50MP+8MP+5MP,13MP,4500,33W,8,128,Yes,Yes,USB-C 2.0,175,299,Public specifications
Zenfone 8 79,Asus,2022,Android 13,Snapdragon 888,2412x1080,6.6,AMOLED,50MP+8MP+2MP,16MP,4500,100W,6,128,Yes,Yes,USB-C 2.0,211,349,Public specifications
Fairphone 4 24 Plus,Fairphone,2022,Android 13,Dimensity 8300,2400x1080,6.7,pOLED,64MP+8MP+2MP,12MP,4700,67W,8,128,Yes,Yes,USB-C 2.0,205,399,Public specifications
C55 45 Max,Realme,2023,Android 12,Snapdragon 439,1600x720,6.72,IPS LCD,8MP+2MP,5MP,4900,10W,4,64,No,No,USB-C 2.0,194,99,Public specifications
Nokia G6 2s,Nokia,2021,Android 12,Snapdragon 870,2400x1080,6.7,pOLED,50MP+32MP+12MP,16MP,4500,100W,12,256,Yes,Yes,USB-C 2.0,186,599,Public specifications
P60 35 Neo,Huawei,2024,HarmonyOS 4,Dimensity 9300,2796x1290,6.8,LTPO OLED,200MP+12MP+10MP+10MP,50MP,4610,90W+50W wireless,12,512,Yes,Yes,USB-C 3.2,233,999,Public specifications
Find X6 36 Neo,Oppo,2021,Android 14,Apple A16,2556x1179,5.92,OLED,200MP+12MP+10MP+10MP,12MP,5050,30W+23W wireless,12,256,Yes,Yes,USB-C 3.2,236,799,Public specifications
Xperia L 26 Pro,Sony,2022,Android 13,Snapdragon 4 Gen 1,2340x1080,6.6,IPS LCD,50MP+8MP+2MP,16MP,5100,67W,6,128,Yes,Yes,USB-C 2.0,201,249,Public specifications
Redmi A2 63 5G,Xiaomi,2020,Android 12,Helio A22,1560x720,6.72,IPS LCD,8MP+2MP,8MP,4900,10W,4,64,No,No,USB-C 2.0,168,99,Public specifications
Pixel 6a 81+,Google,2023,Android 11,Dimensity 1080,2340x1080,6.72,IPS LCD,48MP+5MP+2MP,8MP,4500,33W,8,256,Yes,Yes,USB-C 2.0,186,349,Public specifications
Nokia G2 16 Ultra,Nokia,2024,Android 11,Snapdragon 439,1600x720,6.72,IPS LCD,13MP+2MP+2MP,5MP,5000,18W,3,32,No,No,USB-C 2.0,199,79,Public specifications
Nord CE 42s,OnePlus,2021,Android 12,Dimensity 920,2400x1080,6.72,IPS LCD,50MP+8MP+5MP,16MP,5000,33W,6,64,Yes,Yes,USB-C 2.0,199,199,Public specifications
X8 82 Ultra,Honor,2020,Android 11,Dimensity 7050,2340x1080,6.5,IPS LCD,108MP+2MP+2MP,13MP,5000,18W,6,128,Yes,Yes,USB-C 2.0,191,249,Public specifications
Xperia 5 84 5G,Sony,2023,Android 14,Google Tensor G3,2556x1179,5.92,OLED,50MP+50MP+64MP,32MP,5000,100W,16,256,Yes,Yes,USB-C 3.2,218,1099,Public specifications
X60 24,Vivo,2020,Android 12,Snapdragon 778G,2400x1080,6.5,Super AMOLED,64MP+8MP+2MP,20MP,5000,80W,8,128,Yes,Yes,USB-C 2.0,200,399,Public specifications
Redmi Note 13 61 Plus,Xiaomi,2021,Android 12,Snapdragon 7 Gen 3,2400x1080,6.4,AMOLED,50MP+50MP+8MP,16MP,4800,65W,8,128,Yes,Yes,USB-C 2.0,214,399,Public specifications
OnePlus 12 40 Lite,OnePlus,2020,Android 14,Apple A14,3168x1440,6.82,AMOLED,48MP+12MP+12MP,50MP,4900,45W+15W wireless,12,512,Yes,Yes,USB-C 3.2,186,999,Public specifications
Galaxy M3 42 Neo,Samsung,2023,Android 12,Dimensity 1080,2412x1080,6.74,AMOLED,48MP+5MP+2MP,13MP,5000,18W,8,128,Yes,Yes,USB-C 2.0,181,299,Public specifications
P30 Lite 81s,Huawei,2023,HarmonyOS 2,Helio G99,2400x1080,6.7,IPS LCD,108MP+2MP+2MP,13MP,4500,33W,8,256,Yes,Yes,USB-C 2.0,184,349,Public specifications
Zero 30 40 Ultra,Infinix,2020,Android 13,Dimensity 7050,2340x1080,6.72,AMOLED,50MP+8MP+2MP,8MP,5000,33W,6,128,Yes,Yes,USB-C 2.0,192,249,Public specifications
Moto G53 2 Neo,Motorola,2023,Android 13,Snapdragon 4 Gen 1,2400x1080,6.67,IPS LCD,48MP+5MP+2MP,13MP,5100,67W,6,64,Yes,Yes,USB-C 2.0,184,199,Public specifications
iQOO Z7 48 Lite,iQOO,2024,Android 13,Dimensity 7050,2412x1080,6.74,AMOLED,50MP+2MP+2MP,16MP,5000,25W,8,128,Yes,Yes,USB-C 2.0,194,299,Public specifications
Spark 20 34+,Tecno,2024,Android 12,Dimensity 7050,2340x1080,6.74,IPS LCD,50MP+8MP+2MP,13MP,5100,67W,4,128,Yes,Yes,USB-C 2.0,187,229,Public specifications
Moto G50 69 5G,Motorola,2019,Android 13,Dimensity 7050,2400x1080,6.67,IPS LCD,50MP+8MP+5MP,13MP,5000,25W,8,128,Yes,Yes,USB-C 2.0,210,299,Public specifications
Y75 90 SE,Vivo,2019,Android 12,Dimensity 1080,2400x1080,6.72,IPS LCD,48MP+5MP+2MP,13MP,5000,25W,6,128,Yes,Yes,USB-C 2.0,181,249,Public specifications
POCO F5 17 Neo,Xiaomi,2020,Android 13,Google Tensor G2,2400x1080,6.67,AMOLED,64MP+8MP+2MP,16MP,4700,67W,8,128,Yes,Yes,USB-C 2.0,196,399,Public specifications
Oppo A3 48 Neo,Oppo,2021,Android 11,Exynos 850,1600x720,6.5,IPS LCD,50MP+2MP,8MP,6000,10W,4,64,No,No,USB-C 2.0,190,129,Public specifications
iPhone 11 24 Lite,Apple,2020,iOS 14,Google Tensor G3,3200x1440,6.8,LTPO AMOLED,50MP+48MP+48MP,12MP,5050,30W+23W wireless,16,512,Yes,Yes,Lightning,232,1199,Public specifications
Galaxy A2 95+,Samsung,2020,Android 12,Dimensity 920,2340x1080,6.67,IPS LCD,50MP+8MP+2MP,16MP,5000,18W,8,256,Yes,Yes,USB-C 2.0,210,349,Public specifications
Axon 50 33 Neo,ZTE,2020,Android 12,Exynos 1280,2712x1220,6.4,AMOLED,64MP+8MP+2MP,20MP,4600,80W,8,256,Yes,Yes,USB-C 2.0,215,499,Public specifications
X80 22 5G,Vivo,2022,Android 13,Snapdragon 8+ Gen 1,3200x1440,5.92,LTPO AMOLED,50MP+50MP+50MP,12MP,4422,27W+15W MagSafe,8,256,Yes,Yes,USB-C 3.2,229,699,Public specifications
Magic 6 99+,Honor,2021,Android 14,Apple A14,2992x1344,6.1,LTPO AMOLED,108MP+12MP+10MP+10MP,12MP,5400,100W+50W wireless,12,256,Yes,Yes,USB-C 3.2,226,799,Public specifications
OnePlus Open 17 Neo,OnePlus,2022,Android 13,Apple A14,2796x1290,5.92,LTPO OLED,50MP+48MP+12MP,50MP,5050,30W+23W wireless,12,256,Yes,Yes,USB-C 3.2,207,799,Public specifications
Axon 50 6 Neo,ZTE,2023,Android 13,Google Tensor G2,2400x1080,6.5,pOLED,50MP+32MP+12MP,20MP,4800,65W,12,512,Yes,Yes,USB-C 2.0,186,699,Public specifications
C25 94 Neo,Realme,2022,Android 11,Helio A22,1560x720,6.52,IPS LCD,8MP+2MP,5MP,5000,15W,3,32,No,No,USB-C 2.0,183,79,Public specifications
Hot 20 47 Neo,Infinix,2023,Android 12,Helio G88,1600x720,6.5,IPS LCD,13MP+2MP+2MP,5MP,4500,10W,4,64,No,No,USB-C 2.0,188,129,Public specifications
iQOO Neo 9 93+,iQOO,2022,Android 13,Exynos 1280,2412x1080,6.74,AMOLED,50MP+50MP+8MP,16MP,4700,67W,6,128,Yes,Yes,USB-C 2.0,210,349,Public specifications
OnePlus 8 42 Max,OnePlus,2020,Android 14,Dimensity 9300,3088x1440,6.2,LTPO AMOLED,50MP+12MP+12MP,12MP,5000,45W+15W wireless,12,256,Yes,Yes,USB-C 3.2,240,799,Public specifications
Galaxy A2 63 Lite,Samsung,2023,Android 11,Snapdragon 690,2400x1080,6.72,AMOLED,108MP+2MP+2MP,16MP,5000,44W,6,64,Yes,Yes,USB-C 2.0,207,199,Public specifications
Edge 50 29 SE,Motorola,2024,Android 14,Snapdragon 8 Gen 1,3088x1440,6.8,LTPO AMOLED,50MP+50MP+50MP,16MP,5000,100W,12,256,Yes,Yes,USB-C 3.2,188,799,Public specifications
Find X5 91,Oppo,2020,Android 14,Google Tensor G3,2556x1179,6.1,OLED,50MP+48MP+48MP,16MP,5000,45W+15W wireless,16,256,Yes,Yes,USB-C 3.2,218,1099,Public specifications
Redmi Note 13 30 Plus,Xiaomi,2024,Android 14,Dimensity 8100,2772x1240,6.7,AMOLED,64MP+8MP+2MP,12MP,5000,80W,8,256,Yes,Yes,USB-C 2.0,186,499,Public specifications
Mate 40 96+,Huawei,2020,HarmonyOS 3,Dimensity 9200,3168x1440,6.2,AMOLED,108MP+12MP+10MP+10MP,16MP,4610,90W+50W wireless,12,256,Yes,Yes,USB-C 3.2,220,799,Public specifications
Oppo A9 21 Plus,Oppo,2022,Android 13,Helio G99,2400x1080,6.67,IPS LCD,48MP+5MP+2MP,8MP,4600,30W,8,256,Yes,Yes,USB-C 2.0,210,349,Public specifications
X80 73 Plus,Vivo,2019,Android 13,Apple A15,3200x1440,6.8,LTPO AMOLED,48MP+12MP+12MP,32MP,5000,100W,16,512,Yes,Yes,USB-C 3.2,231,1199,Public specifications
Galaxy A3 3 Plus,Samsung,2019,Android 13,Snapdragon 732G,2340x1080,6.67,AMOLED,64MP+8MP+2MP,8MP,5000,25W,8,128,Yes,Yes,USB-C 2.0,187,299,Public specifications
Mate 40 74 SE,Huawei,2021,HarmonyOS 2,Apple A17 Pro,3088x1440,6.2,LTPO AMOLED,50MP+48MP+48MP,50MP,5400,100W+50W wireless,12,512,Yes,Yes,USB-C 3.2,208,999,Public specifications
Meizu 21 33 5G,Meizu,2021,Android 13,Snapdragon 7 Gen 1,2412x1080,6.74,AMOLED,50MP+12MP+10MP,12MP,4700,67W,8,128,Yes,Yes,USB-C 2.0,205,399,Public specifications
Nord N1 90 SE,OnePlus,2019,Android 13,Snapdragon 7s Gen 2,2400x1080,6.7,AMOLED,108MP+2MP+2MP,8MP,5000,33W,4,128,Yes,Yes,USB-C 2.0,173,229,Public specifications
iQOO Neo 8 56 Max,iQOO,2024,Android 13,Snapdragon 888+,2400x1080,6.4,AMOLED,50MP+50MP+8MP,32MP,5000,80W,6,128,Yes,Yes,USB-C 2.0,215,349,Public specifications
Reno 11 68,Oppo,2020,Android 13,Dimensity 8200,2412x1080,6.74,AMOLED,50MP+32MP+12MP,32MP,4500,100W,6,128,Yes,Yes,USB-C 2.0,184,349,Public specifications
Galaxy F1 97 SE,Samsung,2022,Android 13,Unisoc T616,1560x720,6.75,IPS LCD,13MP+2MP,5MP,4900,10W,4,128,No,No,USB-C 2.0,174,149,Public specifications
POCO C4 61 SE,Xiaomi,2023,Android 10,Exynos 850,1600x720,6.6,IPS LCD,13MP+2MP+2MP,5MP,5050,18W,4,64,No,No,USB-C 2.0,192,99,Public specifications
iQOO Neo 9 62 Plus,iQOO,2024,Android 12,Snapdragon 870,2400x1080,6.7,pOLED,50MP+12MP+10MP,12MP,4700,67W,6,128,Yes,Yes,USB-C 2.0,208,349,Public specifications
Xperia 10 35 Max,Sony,2021,Android 12,Dimensity 7200,2340x1080,6.7,IPS LCD,108MP+2MP+2MP,13MP,5000,33W,6,64,Yes,Yes,USB-C 2.0,192,199,Public specifications
Pixel 7 77s,Google,2022,Android 12,Snapdragon 8 Gen 3,2796x1290,6.2,LTPO OLED,200MP+12MP+10MP+10MP,32MP,5000,100W,8,256,Yes,Yes,USB-C 3.2,187,699,Public specifications
Smart 7 88 Ultra,Infinix,2020,Android 10,Helio G80,1600x720,6.5,IPS LCD,8MP+2MP,8MP,5000,15W,2,32,No,No,USB-C 2.0,204,59,Public specifications
OnePlus 10 44+,OnePlus,2023,Android 13,Google Tensor G4,3200x1440,5.92,LTPO AMOLED,108MP+12MP+10MP+10MP,12MP,5400,100W+50W wireless,12,512,Yes,Yes,USB-C 3.2,198,999,Public specifications
Pixel 4a 71 Neo,Google,2023,Android 12,Helio G99,2340x1080,6.74,IPS LCD,50MP+8MP+2MP,13MP,5000,18W,4,128,Yes,Yes,USB-C 2.0,172,229,Public specifications
Edge 50 37 Lite,Motorola,2024,Android 13,Google Tensor G3,3088x1440,6.8,LTPO AMOLED,108MP+12MP+10MP+10MP,16MP,4422,27W+15W MagSafe,12,256,Yes,Yes,USB-C 3.2,202,799,Public specifications
Zenfone 11 3 5G,Asus,2023,Android 13,Exynos 2200,2992x1344,6.8,LTPO AMOLED,50MP+50MP+64MP,12MP,5000,45W+15W wireless,16,256,Yes,Yes,USB-C 3.2,219,1099,Public specifications
Xiaomi 13 65 Neo,Xiaomi,2022,Android 13,Snapdragon 8 Gen 3,3088x1440,6.8,LTPO AMOLED,50MP+50MP+50MP,12MP,4700,120W+50W wireless,16,256,Yes,Yes,USB-C 3.2,232,1099,Public specifications
OnePlus Nord 3 88 Ultra,OnePlus,2019,Android 13,Dimensity 8200,2400x1080,6.78,Super AMOLED,108MP+8MP+2MP,32MP,4800,65W,12,256,Yes,Yes,USB-C 2.0,215,599,Public specifications
Edge 40 72 5G,Motorola,2022,Android 13,Apple A14,2992x1344,5.92,LTPO AMOLED,50MP+48MP+12MP,50MP,4900,45W+15W wireless,12,256,Yes,Yes,USB-C 3.2,218,799,Public specifications
Zenfone 8 54 Lite,Asus,2023,Android 12,Exynos 1380,2772x1240,6.67,AMOLED,50MP+12MP+10MP,20MP,4800,65W,12,256,Yes,Yes,USB-C 2.0,183,599,Public specifications
Pixel 7a 18 5G,Google,2023,Android 13,Helio G90T,2340x1080,6.74,IPS LCD,108MP+2MP+2MP,16MP,5000,18W,8,128,Yes,Yes,USB-C 2.0,180,299,Public specifications
Nokia XR 24 Ultra,Nokia,2022,Android 12,Snapdragon 888+,2772x1240,6.67,AMOLED,64MP+12MP+5MP,16MP,4600,65W,12,256,Yes,Yes,USB-C 2.0,194,599,Public specifications
V23 25+,Vivo,2023,Android 12,Snapdragon 778G,2772x1240,6.7,AMOLED,50MP+8MP+2MP,12MP,4800,65W,12,256,Yes,Yes,USB-C 2.0,214,599,Public specifications
Xperia Pro 30s,Sony,2023,Android 13,Snapdragon 8 Gen 3,2796x1290,6.82,LTPO OLED,50MP+12MP+12MP,16MP,5000,100W,12,512,Yes,Yes,USB-C 3.2,215,999,Public specifications
TCL 10 24 Max,TCL,2022,Android 11,Snapdragon 662,2400x1080,6.5,IPS LCD,13MP+5MP,5MP,5000,10W,4,64,No,No,USB-C 2.0,165,129,Public specifications
Moto G72 96s,Motorola,2024,Android 12,Snapdragon 870,2772x1240,6.67,AMOLED,50MP+8MP+2MP,32MP,5000,67W,6,128,Yes,Yes,USB-C 2.0,195,349,Public specifications
Fairphone 4 55 Max,Fairphone,2023,Android 12,Snapdragon 888,2400x1080,6.67,AMOLED,50MP+32MP+12MP,16MP,5000,80W,12,256,Yes,Yes,USB-C 2.0,211,599,Public specifications
Magic 4 67+,Honor,2022,Android 13,Kirin 9000S,3200x1440,6.82,LTPO AMOLED,50MP+48MP+48MP,10.5MP,4610,90W+50W wireless,12,256,Yes,Yes,USB-C 3.2,218,799,Public specifications
Galaxy M0 83 Neo,Samsung,2023,Android 13,Helio G85,1600x720,6.72,IPS LCD,13MP+2MP+2MP,8MP,5000,10W,3,32,No,No,USB-C 2.0,173,79,Public specifications
Oppo A7 58,Oppo,2021,Android 12,Snapdragon 732G,2400x1080,6.67,IPS LCD,108MP+2MP+2MP,16MP,5000,18W,6,128,Yes,Yes,USB-C 2.0,180,249,Public specifications
TCL 10 12+,TCL,2022,Android 10,Exynos 850,2400x1080,6.72,IPS LCD,50MP+2MP+2MP,8MP,5000,15W,3,32,No,No,USB-C 2.0,197,79,Public specifications
90 71 Max,Honor,2020,Android 13,Snapdragon 7 Gen 3,2772x1240,6.5,AMOLED,108MP+8MP+2MP,12MP,4600,65W,8,256,Yes,Yes,USB-C 2.0,186,499,Public specifications
iQOO 10 40 5G,iQOO,2019,Android 13,Google Tensor G2,2400x1080,6.5,pOLED,108MP+8MP+2MP,32MP,4600,80W,8,256,Yes,Yes,USB-C 2.0,214,499,Public specifications
iQOO 11 59 Neo,iQOO,2023,Android 13,Kirin 9010,2556x1179,6.2,OLED,50MP+48MP+48MP,12MP,5000,100W,12,512,Yes,Yes,USB-C 3.2,227,999,Public specifications
Y15 57+,Vivo,2024,Android 11,Unisoc T616,1560x720,6.65,IPS LCD,13MP+2MP,5MP,5000,18W,4,128,No,No,USB-C 2.0,200,149,Public specifications
Smart 7 24 Pro,Infinix,2023,Android 10,Helio G88,1600x720,6.72,IPS LCD,50MP+2MP,8MP,5000,10W,4,64,No,No,USB-C 2.0,203,99,Public specifications
Moto G30 7+,Motorola,2024,Android 10,Snapdragon 680,1612x720,6.72,IPS LCD,13MP+5MP,8MP,5000,18W,2,32,No,No,USB-C 2.0,203,59,Public specifications
Nova 9 96 SE,Huawei,2019,HarmonyOS 2,Dimensity 8200,2400x1080,6.67,AMOLED,50MP+8MP+2MP,20MP,4500,100W,12,256,Yes,Yes,USB-C 2.0,202,599,Public specifications
Pova 5 38 Neo,Tecno,2023,Android 12,Snapdragon 732G,2400x1080,6.7,AMOLED,64MP+2MP+2MP,8MP,4500,33W,4,128,Yes,Yes,USB-C 2.0,183,229,Public specifications
iQOO Z5 55 SE,iQOO,2020,Android 12,Snapdragon 7s Gen 2,2340x1080,6.67,AMOLED,48MP+5MP+2MP,13MP,4600,30W,4,128,Yes,Yes,USB-C 2.0,209,229,Public specifications
P40 Lite 64 Pro,Huawei,2019,HarmonyOS 2,Exynos 1380,2772x1240,6.4,AMOLED,64MP+12MP+5MP,20MP,4700,67W,8,128,Yes,Yes,USB-C 2.0,204,399,Public specifications
X9 27 SE,Honor,2020,Android 13,Dimensity 7050,2400x1080,6.74,IPS LCD,64MP+8MP+2MP,8MP,4500,33W,4,128,Yes,Yes,USB-C 2.0,170,229,Public specifications
X8 37 5G,Honor,2019,Android 13,Snapdragon 4 Gen 1,2400x1080,6.67,AMOLED,48MP+5MP+2MP,8MP,4600,30W,4,128,Yes,Yes,USB-C 2.0,177,229,Public specifications
Zenfone 9 51 SE,Asus,2021,Android 13,Exynos 1380,2400x1080,6.78,AMOLED,50MP+50MP+8MP,32MP,4700,67W,12,256,Yes,Yes,USB-C 2.0,205,599,Public specifications
Y55 18 Neo,Vivo,2019,Android 12,Helio G80,1600x720,6.72,IPS LCD,48MP+2MP,8MP,4900,10W,6,64,No,No,USB-C 2.0,198,169,Public specifications
Moto E13 87 Ultra,Motorola,2021,Android 12,Snapdragon 480,1560x720,6.56,IPS LCD,13MP+2MP,5MP,5000,18W,2,32,No,No,USB-C 2.0,169,59,Public specifications
OnePlus 10 44 Max,OnePlus,2021,Android 13,Apple A16,2556x1179,5.92,OLED,50MP+50MP+64MP,10.5MP,5000,45W+15W wireless,16,256,Yes,Yes,USB-C 3.2,230,1099,Public specifications
Galaxy A3 12 Neo,Samsung,2020,Android 12,Snapdragon 720G,2340x1080,6.67,AMOLED,50MP+2MP+2MP,8MP,5000,25W,4,128,Yes,Yes,USB-C 2.0,177,229,Public specifications
Find X8 12 Neo,Oppo,2023,Android 13,Snapdragon 8 Gen 3,3200x1440,5.92,LTPO AMOLED,200MP+12MP+10MP+10MP,10.5MP,5400,100W+50W wireless,16,512,Yes,Yes,USB-C 3.2,204,1199,Public specifications
iQOO Neo 8 99+,iQOO,2022,Android 12,Snapdragon 888+,2412x1080,6.67,AMOLED,64MP+12MP+5MP,32MP,4700,67W,8,128,Yes,Yes,USB-C 2.0,208,399,Public specifications
Redmi Note 11 6s,Xiaomi,2019,Android 12,Snapdragon 7s Gen 2,2412x1080,6.5,AMOLED,50MP+8MP+5MP,13MP,4500,33W,6,64,Yes,Yes,USB-C 2.0,203,199,Public specifications
iQOO Neo 8 74 5G,iQOO,2023,Android 12,Exynos 1280,2772x1240,6.6,AMOLED,108MP+8MP+2MP,32MP,4700,67W,12,256,Yes,Yes,USB-C 2.0,195,599,Public specifications
iQOO Z9 16 5G,iQOO,2023,Android 14,Snapdragon 778G,2772x1240,6.7,AMOLED,108MP+8MP+2MP,16MP,4600,80W,6,128,Yes,Yes,USB-C 2.0,181,349,Public specifications
Pixel 4a 71 Ultra,Google,2019,Android 12,Snapdragon 750G,2400x1080,6.6,IPS LCD,64MP+2MP+2MP,8MP,4600,30W,8,128,Yes,Yes,USB-C 2.0,189,299,Public specifications
70 57,Honor,2019,Android 14,Snapdragon 778G,2400x1080,6.4,AMOLED,50MP+12MP+10MP,16MP,4600,80W,12,512,Yes,Yes,USB-C 2.0,202,699,Public specifications
Reno 6 77 SE,Oppo,2021,Android 13,Helio G96,2340x1080,6.67,IPS LCD,64MP+2MP+2MP,16MP,4600,30W,8,256,Yes,Yes,USB-C 2.0,182,349,Public specifications
TCL 10 11 Neo,TCL,2024,Android 12,Unisoc T616,1612x720,6.56,IPS LCD,13MP+2MP,5MP,5000,15W,6,64,No,No,USB-C 2.0,206,169,Public specifications
TCL L10 30 Lite,TCL,2024,Android 11,Helio G80,1560x720,6.72,IPS LCD,50MP+2MP,8MP,4900,10W,4,64,No,No,USB-C 2.0,186,129,Public specifications
iQOO Z6 63,iQOO,2021,Android 12,Snapdragon 690,2400x1080,6.6,IPS LCD,64MP+8MP+2MP,8MP,5000,18W,6,64,Yes,Yes,USB-C 2.0,192,199,Public specifications
Magic 4 66+,Honor,2022,Android 13,Exynos 2200,3168x1440,6.82,AMOLED,50MP+12MP+12MP,32MP,5000,45W+15W wireless,16,256,Yes,Yes,USB-C 3.2,210,1099,Public specifications
Nova 6 80 Lite,Huawei,2024,Android 10,Dimensity 920,2400x1080,6.6,IPS LCD,50MP+2MP+2MP,16MP,5000,33W,8,256,Yes,Yes,USB-C 2.0,207,349,Public specifications
X70 70 Lite,Vivo,2023,Android 14,Apple A16,3168x1440,6.82,AMOLED,50MP+12MP+12MP,16MP,5000,100W,12,256,Yes,Yes,USB-C 3.2,214,799,Public specifications
Nokia G6 57 Pro,Nokia,2022,Android 12,Dimensity 8300,2400x1080,6.78,pOLED,50MP+8MP+2MP,12MP,4600,80W,6,128,Yes,Yes,USB-C 2.0,195,349,Public specifications
GT 2 12 Lite,Realme,2021,Android 13,Apple A17 Pro,2556x1179,6.82,OLED,50MP+48MP+48MP,10.5MP,4900,45W+15W wireless,16,512,Yes,Yes,USB-C 3.2,209,1199,Public specifications
60 Pro 27s,Honor,2023,Android 12,Dimensity 8200,2712x1220,6.4,AMOLED,50MP+32MP+12MP,20MP,5000,67W,12,256,Yes,Yes,USB-C 2.0,175,599,Public specifications
60 Pro 38,Honor,2021,Android 12,Dimensity 8200,2412x1080,6.78,AMOLED,50MP+8MP+2MP,16MP,5000,80W,6,128,Yes,Yes,USB-C 2.0,182,349,Public specifications
Fairphone 4 31 Max,Fairphone,2022,Android 12,Google Tensor G2,2412x1080,6.67,AMOLED,50MP+12MP+10MP,20MP,5000,80W,12,512,Yes,Yes,USB-C 2.0,202,699,Public specifications
C35 23 Neo,Realme,2022,Android 12,Helio G80,1612x720,6.75,IPS LCD,13MP+2MP+2MP,5MP,6000,10W,4,128,No,No,USB-C 2.0,174,149,Public specifications
Moto G50 18,Motorola,2022,Android 11,Snapdragon 690,2340x1080,6.74,IPS LCD,64MP+8MP+2MP,16MP,5000,44W,6,64,Yes,Yes,USB-C 2.0,178,199,Public specifications
Xiaomi 13 59 SE,Xiaomi,2022,Android 14,Exynos 2100,2556x1179,6.8,OLED,200MP+12MP+10MP+10MP,50MP,4610,90W+50W wireless,8,256,Yes,Yes,USB-C 3.2,207,699,Public specifications
Xperia 1 78,Sony,2023,Android 14,Kirin 9010,3168x1440,6.82,AMOLED,50MP+50MP+50MP,16MP,4700,120W+50W wireless,16,512,Yes,Yes,USB-C 3.2,208,1199,Public specifications
Galaxy A1 62 Ultra,Samsung,2022,Android 13,Snapdragon 690,2412x1080,6.67,AMOLED,50MP+2MP+2MP,13MP,5000,25W,4,128,Yes,Yes,USB-C 2.0,203,229,Public specifications
Mi 10 32 Neo,Xiaomi,2019,Android 13,Snapdragon 8 Gen 1,3168x1440,6.82,AMOLED,48MP+12MP+12MP,12MP,4422,27W+15W MagSafe,16,256,Yes,Yes,USB-C 3.2,215,1099,Public specifications
Y75 94 Ultra,Vivo,2024,Android 13,Dimensity 7050,2340x1080,6.5,AMOLED,50MP+8MP+5MP,8MP,4500,33W,8,128,Yes,Yes,USB-C 2.0,208,299,Public specifications
Blade V40 73 5G,ZTE,2024,Android 13,Snapdragon 695,2340x1080,6.5,IPS LCD,50MP+2MP+2MP,13MP,5000,25W,4,128,Yes,Yes,USB-C 2.0,188,229,Public specifications
Hot 40 4 5G,Infinix,2020,Android 14,Dimensity 1080,2400x1080,6.67,AMOLED,50MP+8MP+2MP,13MP,5000,33W,8,256,Yes,Yes,USB-C 2.0,209,349,Public specifications
Moto G100 2+,Motorola,2020,Android 13,Exynos 1380,2772x1240,6.6,AMOLED,50MP+32MP+12MP,32MP,5000,80W,12,512,Yes,Yes,USB-C 2.0,191,699,Public specifications
iQOO Z5 63 Pro,iQOO,2023,Android 11,Snapdragon 4 Gen 1,2412x1080,6.6,AMOLED,50MP+8MP+5MP,13MP,4500,33W,6,128,Yes,Yes,USB-C 2.0,179,249,Public specifications
Spark 20 99 Max,Tecno,2021,Android 13,Snapdragon 720G,2340x1080,6.74,IPS LCD,50MP+2MP+2MP,16MP,5000,25W,4,128,Yes,Yes,USB-C 2.0,173,229,Public specifications
Phone 2a 7 Pro,Nothing,2022,Android 13,Dimensity 1300,2400x1080,6.5,pOLED,50MP+12MP+10MP,20MP,5000,67W,6,128,Yes,Yes,USB-C 2.0,199,349,Public specifications
Y22 68 Max,Vivo,2023,Android 10,Helio G88,1600x720,6.56,PLS LCD,8MP+2MP,5MP,4900,10W,2,32,No,No,USB-C 2.0,208,59,Public specifications
Galaxy A1 82 Ultra,Samsung,2019,Android 13,Snapdragon 7s Gen 2,2400x1080,6.67,IPS LCD,108MP+2MP+2MP,8MP,4500,33W,8,256,Yes,Yes,USB-C 2.0,186,349,Public specifications
CMF Phone 60s,Nothing,2021,Android 14,Google Tensor G2,2772x1240,6.7,AMOLED,64MP+12MP+5MP,12MP,4600,65W,8,256,Yes,Yes,USB-C 2.0,186,499,Public specifications
Nokia G6 87,Nokia,2024,Android 12,Snapdragon 888+,2400x1080,6.4,AMOLED,50MP+8MP+2MP,16MP,4600,80W,6,128,Yes,Yes,USB-C 2.0,203,349,Public specifications
Nokia G1 37 5G,Nokia,2020,Android 12,Helio P65,1600x720,6.72,IPS LCD,13MP+2MP,8MP,5000,15W,3,32,No,No,USB-C 2.0,203,79,Public specifications
X9 16+,Honor,2019,Android 13,Snapdragon 7s Gen 2,2412x1080,6.6,AMOLED,50MP+8MP+2MP,16MP,5000,44W,4,128,Yes,Yes,USB-C 2.0,181,229,Public specifications
Edge 40 85+,Motorola,2019,Android 14,Kirin 9000S,2796x1290,6.2,LTPO OLED,50MP+50MP+64MP,16MP,5400,100W+50W wireless,16,256,Yes,Yes,USB-C 3.2,202,1099,Public specifications
iQOO 10 50 Ultra,iQOO,2022,Android 13,Snapdragon 7 Gen 3,2712x1220,6.4,AMOLED,50MP+50MP+8MP,20MP,4700,67W,12,512,Yes,Yes,USB-C 2.0,187,699,Public specifications
60 Pro 83 Neo,Honor,2019,Android 12,Snapdragon 7 Gen 1,2772x1240,6.74,AMOLED,50MP+32MP+12MP,16MP,4700,67W,6,128,Yes,Yes,USB-C 2.0,203,349,Public specifications
TCL L10 5+,TCL,2022,Android 10,Helio G85,1560x720,6.5,IPS LCD,50MP+2MP+2MP,8MP,6000,10W,6,64,No,No,USB-C 2.0,174,169,Public specifications
CMF Phone 5s,Nothing,2023,Android 13,Dimensity 8100,2712x1220,6.4,AMOLED,64MP+8MP+2MP,20MP,5000,67W,6,128,Yes,Yes,USB-C 2.0,206,349,Public specifications
Y15 94+,Vivo,2023,Android 11,Snapdragon 480,1612x720,6.5,IPS LCD,13MP+2MP,5MP,4500,10W,6,64,No,No,USB-C 2.0,199,169,Public specifications
Nokia C3 39 Max,Nokia,2021,Android 12,Helio G88,1600x720,6.75,IPS LCD,50MP+2MP+2MP,8MP,5050,18W,3,32,No,No,USB-C 2.0,170,79,Public specifications
Spark 20 83 Lite,Tecno,2024,Android 13,Snapdragon 732G,2412x1080,6.67,AMOLED,64MP+8MP+2MP,16MP,5000,44W,8,128,Yes,Yes,USB-C 2.0,194,299,Public specifications
U23 Pro 63+,HTC,2019,Android 13,Exynos 1280,2400x1080,6.5,pOLED,64MP+12MP+5MP,32MP,4700,67W,8,128,Yes,Yes,USB-C 2.0,212,399,Public specifications
Xperia L 9 Plus,Sony,2019,Android 13,Helio G96,2340x1080,6.5,AMOLED,50MP+2MP+2MP,13MP,5100,67W,6,64,Yes,Yes,USB-C 2.0,191,199,Public specifications
Galaxy F0 52+,Samsung,2024,Android 10,Helio P65,1600x720,6.52,IPS LCD,50MP+2MP+2MP,5MP,4500,10W,3,32,No,No,USB-C 2.0,202,79,Public specifications
Xperia 1 95 Pro,Sony,2024,Android 13,Kirin 9010,3168x1440,5.92,AMOLED,50MP+48MP+48MP,50MP,4422,27W+15W MagSafe,12,512,Yes,Yes,USB-C 3.2,193,999,Public specifications
Galaxy Z Fold 7 5G,Samsung,2022,Android 14,Snapdragon 8+ Gen 1,3200x1440,6.1,LTPO AMOLED,200MP+12MP+10MP+10MP,12MP,5000,45W+15W wireless,12,256,Yes,Yes,USB-C 3.2,223,799,Public specifications
Hot 40 9 Lite,Infinix,2023,Android 12,Dimensity 7050,2340x1080,6.74,AMOLED,50MP+8MP+5MP,16MP,4500,33W,6,128,Yes,Yes,USB-C 2.0,204,249,Public specifications
POCO C4 98,Xiaomi,2022,Android 11,Unisoc T616,1612x720,6.52,IPS LCD,50MP+2MP,8MP,5000,15W,4,128,No,No,USB-C 2.0,175,149,Public specifications
TCL 40 22 Neo,TCL,2020,Android 14,Snapdragon 720G,2412x1080,6.7,AMOLED,64MP+8MP+2MP,16MP,5000,33W,4,128,Yes,Yes,USB-C 2.0,171,229,Public specifications
Meizu 20 1,Meizu,2022,Android 13,Snapdragon 778G,2400x1080,6.74,AMOLED,64MP+12MP+5MP,12MP,4500,100W,12,512,Yes,Yes,USB-C 2.0,183,699,Public specifications
Pixel 7a 67 Neo,Google,2020,Android 12,Dimensity 7050,2400x1080,6.72,IPS LCD,50MP+8MP+2MP,13MP,5000,44W,6,128,Yes,Yes,USB-C 2.0,201,249,Public specifications
90 Pro 39 Ultra,Honor,2019,Android 14,Dimensity 8100,2400x1080,6.7,AMOLED,50MP+32MP+12MP,32MP,4700,67W,8,128,Yes,Yes,USB-C 2.0,214,399,Public specifications
Find X7 99s,Oppo,2022,Android 14,Apple A15,2796x1290,5.92,LTPO OLED,50MP+48MP+48MP,10.5MP,5000,45W+15W wireless,12,512,Yes,Yes,USB-C 3.2,216,999,Public specifications
Nord N2 6,OnePlus,2023,Android 13,Helio G96,2340x1080,6.67,AMOLED,48MP+5MP+2MP,16MP,5000,18W,8,256,Yes,Yes,USB-C 2.0,199,349,Public specifications
Galaxy A1 7 Plus,Samsung,2019,Android 13,Snapdragon 732G,2400x1080,6.5,IPS LCD,50MP+8MP+5MP,13MP,5000,18W,4,128,Yes,Yes,USB-C 2.0,185,229,Public specifications
Axon 40 54 Lite,ZTE,2020,Android 13,Google Tensor G2,2400x1080,6.6,Super AMOLED,108MP+8MP+2MP,32MP,4600,65W,8,128,Yes,Yes,USB-C 2.0,181,399,Public specifications
Xperia L 49 Lite,Sony,2020,Android 12,Snapdragon 690,2400x1080,6.6,IPS LCD,108MP+2MP+2MP,16MP,5000,33W,6,64,Yes,Yes,USB-C 2.0,209,199,Public specifications
V20 48 Pro,Vivo,2020,Android 12,Dimensity 1080,2340x1080,6.67,IPS LCD,50MP+8MP+2MP,8MP,4500,33W,8,128,Yes,Yes,USB-C 2.0,172,299,Public specifications
TCL 30 36 Pro,TCL,2021,Android 12,Snapdragon 690,2400x1080,6.6,IPS LCD,50MP+2MP+2MP,16MP,5000,25W,8,256,Yes,Yes,USB-C 2.0,208,349,Public specifications
OnePlus Nord 2 71 Lite,OnePlus,2022,Android 14,Snapdragon 7 Gen 1,2400x1080,6.7,pOLED,50MP+50MP+8MP,12MP,5000,67W,8,256,Yes,Yes,USB-C 2.0,204,499,Public specifications
Edge 30 95 Lite,Motorola,2023,Android 13,Snapdragon 870,2712x1220,6.5,AMOLED,50MP+12MP+10MP,12MP,4700,67W,6,128,Yes,Yes,USB-C 2.0,175,349,Public specifications
Oppo A5 61 Plus,Oppo,2019,Android 10,Helio G88,2400x1080,6.75,IPS LCD,13MP+2MP+2MP,5MP,4900,10W,2,32,No,No,USB-C 2.0,193,59,Public specifications
GT 6 72,Realme,2019,Android 13,Exynos 2100,2992x1344,5.92,LTPO AMOLED,200MP+12MP+10MP+10MP,32MP,4700,120W+50W wireless,12,512,Yes,Yes,USB-C 3.2,186,999,Public specifications
Y22 91 Neo,Vivo,2020,Android 10,Snapdragon 439,1560x720,6.75,IPS LCD,50MP+2MP+2MP,8MP,4900,10W,6,64,No,No,USB-C 2.0,210,169,Public specifications
Reno 6 81 Neo,Oppo,2019,Android 12,Helio G90T,2340x1080,6.72,IPS LCD,64MP+8MP+2MP,13MP,5000,18W,8,256,Yes,Yes,USB-C 2.0,188,349,Public specifications
X80 88+,Vivo,2022,Android 13,Dimensity 9300,3168x1440,6.1,AMOLED,50MP+48MP+48MP,12MP,5400,100W+50W wireless,12,256,Yes,Yes,USB-C 3.2,208,799,Public specifications
V21 47 Pro,Vivo,2021,Android 12,Helio G96,2412x1080,6.6,AMOLED,64MP+2MP+2MP,13MP,4600,30W,8,128,Yes,Yes,USB-C 2.0,185,299,Public specifications
C55 62 SE,Realme,2023,Android 12,Snapdragon 439,1600x720,6.56,IPS LCD,13MP+5MP,5MP,5050,18W,4,128,No,No,USB-C 2.0,208,149,Public specifications
X80 9 Ultra,Vivo,2023,Android 13,Dimensity 9200,3200x1440,5.92,LTPO AMOLED,108MP+12MP+10MP+10MP,12MP,5000,45W+15W wireless,16,512,Yes,Yes,USB-C 3.2,228,1199,Public specifications
Hot 20 80 Ultra,Infinix,2019,Android 11,Snapdragon 450,1600x720,6.5,IPS LCD,50MP+2MP+2MP,8MP,5000,10W,6,64,No,No,USB-C 2.0,190,169,Public specifications
U23 Pro 10+,HTC,2020,Android 13,Snapdragon 778G,2712x1220,6.78,AMOLED,50MP+8MP+2MP,32MP,5000,67W,8,256,Yes,Yes,USB-C 2.0,208,499,Public specifications
X9 54s,Honor,2024,Android 12,Dimensity 920,2400x1080,6.74,IPS LCD,50MP+2MP+2MP,8MP,5000,18W,6,64,Yes,Yes,USB-C 2.0,171,199,Public specifications
Moto G73 3 Lite,Motorola,2024,Android 11,Snapdragon 7s Gen 2,2412x1080,6.67,AMOLED,64MP+2MP+2MP,8MP,5000,18W,4,128,Yes,Yes,USB-C 2.0,190,229,Public specifications
GT 2 59 5G,Realme,2021,Android 14,Apple A17 Pro,2796x1290,6.7,LTPO OLED,200MP+12MP+10MP+10MP,32MP,5050,30W+23W wireless,16,512,Yes,Yes,USB-C 3.2,234,1199,Public specifications
Spark 10 46 5G,Tecno,2020,Android 10,Snapdragon 662,1612x720,6.56,IPS LCD,13MP+2MP+2MP,5MP,4500,10W,3,32,No,No,USB-C 2.0,176,79,Public specifications
Pova 5 21 Lite,Tecno,2021,Android 12,Snapdragon 690,2400x1080,6.67,AMOLED,48MP+5MP+2MP,13MP,5000,25W,6,64,Yes,Yes,USB-C 2.0,181,199,Public specifications
Pixel 4a 86 Ultra,Google,2021,Android 14,Dimensity 7200,2400x1080,6.72,IPS LCD,48MP+5MP+2MP,16MP,4600,30W,8,128,Yes,Yes,USB-C 2.0,177,299,Public specifications
Galaxy F5 99 Pro,Samsung,2021,Android 13,Dimensity 1300,2712x1220,6.7,AMOLED,64MP+8MP+2MP,16MP,5000,80W,6,128,Yes,Yes,USB-C 2.0,193,349,Public specifications
Y22 86 Pro,Vivo,2024,Android 12,Snapdragon 450,1560x720,6.5,IPS LCD,50MP+2MP+2MP,5MP,5050,18W,2,32,No,No,USB-C 2.0,195,59,Public specifications
U23 Pro 87 Plus,HTC,2021,Android 12,Snapdragon 7 Gen 1,2712x1220,6.67,AMOLED,50MP+8MP+2MP,16MP,4800,65W,8,256,Yes,Yes,USB-C 2.0,180,499,Public specifications
Nokia XR 75 Plus,Nokia,2022,Android 12,Snapdragon 870,2712x1220,6.78,AMOLED,64MP+8MP+2MP,16MP,4600,80W,6,128,Yes,Yes,USB-C 2.0,180,349,Public specifications
11 Pro 63 Ultra,Realme,2020,Android 12,Exynos 1380,2412x1080,6.67,AMOLED,50MP+32MP+12MP,16MP,5000,80W,12,256,Yes,Yes,USB-C 2.0,202,599,Public specifications
Find X5 2 5G,Oppo,2022,Android 14,Dimensity 9200,2796x1290,5.92,LTPO OLED,48MP+12MP+12MP,50MP,5000,45W+15W wireless,12,512,Yes,Yes,USB-C 3.2,232,999,Public specifications
Oppo A3 21 Max,Oppo,2022,Android 11,Exynos 850,2400x1080,6.56,IPS LCD,13MP+5MP,8MP,5000,10W,4,64,No,No,USB-C 2.0,198,129,Public specifications
Nokia G4 12,Nokia,2024,Android 12,Dimensity 7050,2340x1080,6.7,IPS LCD,48MP+5MP+2MP,16MP,5000,25W,4,128,Yes,Yes,USB-C 2.0,206,229,Public specifications
iQOO 12 24 Max,iQOO,2022,Android 13,Google Tensor G4,2556x1179,6.7,OLED,108MP+12MP+10MP+10MP,12MP,4700,120W+50W wireless,8,256,Yes,Yes,USB-C 3.2,220,699,Public specifications
Blade V40 4,ZTE,2020,Android 11,Snapdragon 732G,2340x1080,6.7,AMOLED,48MP+5MP+2MP,16MP,5000,33W,8,256,Yes,Yes,USB-C 2.0,201,349,Public specifications
TCL 30 4+,TCL,2022,Android 12,Snapdragon 4 Gen 1,2340x1080,6.72,AMOLED,50MP+2MP+2MP,13MP,4600,30W,8,256,Yes,Yes,USB-C 2.0,206,349,Public specifications
X80 89+,Vivo,2020,Android 14,Dimensity 9200,2556x1179,6.1,OLED,50MP+48MP+48MP,32MP,4900,45W+15W wireless,8,256,Yes,Yes,USB-C 3.2,205,699,Public specifications
V20 21,Vivo,2023,Android 12,Snapdragon 750G,2340x1080,6.67,AMOLED,50MP+2MP+2MP,8MP,5000,33W,8,256,Yes,Yes,USB-C 2.0,210,349,Public specifications
iPhone 11 99s,Apple,2021,iOS 16,Apple A16,3088x1440,5.92,LTPO AMOLED,200MP+12MP+10MP+10MP,12MP,5400,100W+50W wireless,16,256,Yes,Yes,Lightning,202,1099,Public specifications
Zenfone 8 13 Plus,Asus,2021,Android 13,Exynos 1380,2712x1220,6.7,AMOLED,50MP+50MP+8MP,32MP,4600,80W,8,256,Yes,Yes,USB-C 2.0,198,499,Public specifications
iQOO Z9 44 Pro,iQOO,2023,Android 13,Snapdragon 7 Gen 1,2772x1240,6.78,AMOLED,64MP+8MP+2MP,12MP,4700,67W,8,256,Yes,Yes,USB-C 2.0,214,499,Public specifications
TCL 30 92 Plus,TCL,2019,Android 14,Helio G90T,2400x1080,6.6,AMOLED,50MP+2MP+2MP,16MP,5000,33W,6,128,Yes,Yes,USB-C 2.0,200,249,Public specifications
Nokia C3 47 Pro,Nokia,2019,Android 12,Snapdragon 439,2400x1080,6.56,IPS LCD,13MP+2MP+2MP,8MP,5000,10W,2,32,No,No,USB-C 2.0,172,59,Public specifications
Xperia 1 89 Lite,Sony,2019,Android 13,Google Tensor G4,2992x1344,5.92,LTPO AMOLED,50MP+50MP+50MP,10.5MP,5000,45W+15W wireless,16,512,Yes,Yes,USB-C 3.2,189,1199,Public specifications
Galaxy F5 6 Lite,Samsung,2019,Android 13,Snapdragon 7 Gen 1,2400x1080,6.67,AMOLED,50MP+50MP+8MP,12MP,4800,65W,8,128,Yes,Yes,USB-C 2.0,191,399,Public specifications
Galaxy A1 86,Samsung,2020,Android 12,Snapdragon 4 Gen 1,2400x1080,6.72,AMOLED,50MP+8MP+5MP,13MP,4600,30W,8,128,Yes,Yes,USB-C 2.0,181,299,Public specifications
Zenfone 11 12 Pro,Asus,2023,Android 13,Google Tensor G3,2556x1179,5.92,OLED,50MP+48MP+12MP,32MP,4900,45W+15W wireless,8,256,Yes,Yes,USB-C 3.2,200,699,Public specifications
GT Neo 5 75,Realme,2023,Android 12,Dimensity 1200,2772x1240,6.78,AMOLED,64MP+12MP+5MP,32MP,4500,100W,8,256,Yes,Yes,USB-C 2.0,175,499,Public specifications
Axon 50 65 Neo,ZTE,2021,Android 12,Dimensity 8200,2400x1080,6.5,Super AMOLED,50MP+32MP+12MP,32MP,5000,67W,8,128,Yes,Yes,USB-C 2.0,199,399,Public specifications
X90 53+,Vivo,2024,Android 13,Dimensity 9300,3088x1440,6.7,LTPO AMOLED,108MP+12MP+10MP+10MP,12MP,4900,45W+15W wireless,16,512,Yes,Yes,USB-C 3.2,203,1199,Public specifications
Pura 70 42 Neo,Huawei,2023,HarmonyOS 4,Snapdragon 8+ Gen 1,3200x1440,6.2,LTPO AMOLED,48MP+12MP+12MP,50MP,4700,120W+50W wireless,16,512,Yes,Yes,USB-C 3.2,211,1199,Public specifications
Moto G53 9 Neo,Motorola,2019,Android 11,Helio G96,2340x1080,6.74,AMOLED,50MP+8MP+2MP,13MP,5000,44W,6,64,Yes,Yes,USB-C 2.0,195,199,Public specifications
V30 19 Max,Vivo,2021,Android 12,Dimensity 8100,2400x1080,6.4,Super AMOLED,50MP+32MP+12MP,16MP,5000,80W,8,256,Yes,Yes,USB-C 2.0,187,499,Public specifications
Nokia G3 16 Lite,Nokia,2021,Android 12,Snapdragon 7s Gen 2,2400x1080,6.72,IPS LCD,64MP+2MP+2MP,16MP,4500,33W,4,128,Yes,Yes,USB-C 2.0,195,229,Public specifications
Nokia C2 78 Max,Nokia,2019,Android 12,Snapdragon 662,1560x720,6.5,IPS LCD,50MP+2MP,5MP,6000,10W,6,64,No,No,USB-C 2.0,181,169,Public specifications
GT 5 81 Pro,Realme,2022,Android 13,Snapdragon 8 Gen 3,3088x1440,6.2,LTPO AMOLED,50MP+48MP+48MP,12MP,5000,100W,12,256,Yes,Yes,USB-C 3.2,223,799,Public specifications
Zenfone 9 39 SE,Asus,2022,Android 12,Exynos 1380,2400x1080,6.78,AMOLED,50MP+50MP+8MP,16MP,5000,80W,6,128,Yes,Yes,USB-C 2.0,204,349,Public specifications
Pixel 7 63 Plus,Google,2019,Android 11,Google Tensor G3,2556x1179,6.8,OLED,50MP+48MP+12MP,12MP,4422,27W+15W MagSafe,12,256,Yes,Yes,USB-C 3.2,209,799,Public specifications
V23 57 Neo,Vivo,2020,Android 13,Snapdragon 7 Gen 3,2400x1080,6.74,AMOLED,64MP+8MP+2MP,12MP,5000,80W,12,256,Yes,Yes,USB-C 2.0,206,599,Public specifications
X90 92 Max,Vivo,2020,Android 14,Kirin 9010,3088x1440,6.82,LTPO AMOLED,108MP+12MP+10MP+10MP,16MP,5000,100W,16,512,Yes,Yes,USB-C 3.2,217,1199,Public specifications
Galaxy F1 64 SE,Samsung,2019,Android 12,Snapdragon 680,1560x720,6.56,IPS LCD,50MP+2MP+2MP,8MP,6000,10W,4,128,No,No,USB-C 2.0,166,149,Public specifications
Nova 7 47 Ultra,Huawei,2019,Android 10,Snapdragon 4 Gen 1,2340x1080,6.7,IPS LCD,108MP+2MP+2MP,13MP,5100,67W,8,256,Yes,Yes,USB-C 2.0,197,349,Public specifications
Nokia C3 45,Nokia,2019,Android 11,Unisoc T606,1612x720,6.65,IPS LCD,13MP+5MP,5MP,4500,10W,4,128,No,No,USB-C 2.0,209,149,Public specifications
iPhone 13 44 Pro,Apple,2023,iOS 17,Snapdragon 8 Gen 3,2556x1179,6.82,OLED,50MP+48MP+12MP,12MP,5000,100W,16,512,Yes,Yes,USB-C 2.0,242,1199,Public specifications
Oppo A3 90 Neo,Oppo,2023,Android 10,Unisoc T616,1600x720,6.56,IPS LCD,50MP+2MP,5MP,5000,18W,6,64,No,No,USB-C 2.0,171,169,Public specifications
Note 30 89s,Infinix,2023,Android 12,Snapdragon 720G,2340x1080,6.6,AMOLED,50MP+2MP+2MP,13MP,5100,67W,8,256,Yes,Yes,USB-C 2.0,189,349,Public specifications
Find X5 64s,Oppo,2023,Android 13,Snapdragon 8 Gen 1,2556x1179,6.7,OLED,50MP+50MP+50MP,32MP,4700,120W+50W wireless,12,256,Yes,Yes,USB-C 3.2,210,799,Public specifications
Zero 30 96+,Infinix,2023,Android 14,Helio G90T,2412x1080,6.5,AMOLED,64MP+8MP+2MP,13MP,4500,33W,8,256,Yes,Yes,USB-C 2.0,203,349,Public specifications
Y15 45+,Vivo,2021,Android 10,Unisoc T606,1600x720,6.65,PLS LCD,13MP+2MP+2MP,8MP,4900,10W,2,32,No,No,USB-C 2.0,177,59,Public specifications
Oppo A3 80 Plus,Oppo,2023,Android 11,Snapdragon 662,1600x720,6.72,IPS LCD,8MP+2MP,5MP,5000,15W,2,32,No,No,USB-C 2.0,176,59,Public specifications
P40 Lite 85 Neo,Huawei,2024,HarmonyOS 3,Dimensity 8300,2400x1080,6.7,Super AMOLED,50MP+32MP+12MP,12MP,4600,65W,12,512,Yes,Yes,USB-C 2.0,215,699,Public specifications
Galaxy M0 60 Pro,Samsung,2021,Android 12,Helio P65,1612x720,6.6,IPS LCD,50MP+2MP+2MP,8MP,6000,10W,6,64,No,No,USB-C 2.0,169,169,Public specifications
X8 35 5G,Honor,2019,Android 12,Helio G96,2400x1080,6.6,IPS LCD,48MP+5MP+2MP,13MP,5000,25W,6,64,Yes,Yes,USB-C 2.0,179,199,Public specifications
Pixel 9 40 Neo,Google,2021,Android 13,Kirin 9010,2556x1179,6.2,OLED,50MP+50MP+64MP,50MP,4422,27W+15W MagSafe,12,512,Yes,Yes,USB-C 3.2,193,999,Public specifications
Galaxy M5 85 Plus,Samsung,2019,Android 13,Snapdragon 778G,2400x1080,6.78,Super AMOLED,50MP+50MP+8MP,16MP,5000,80W,12,512,Yes,Yes,USB-C 2.0,178,699,Public specifications
Fairphone 5 78 5G,Fairphone,2024,Android 13,Snapdragon 888+,2400x1080,6.67,AMOLED,50MP+12MP+10MP,20MP,5000,80W,8,128,Yes,Yes,USB-C 2.0,183,399,Public specifications
Xperia 10 67s,Sony,2020,Android 12,Snapdragon 7s Gen 2,2412x1080,6.5,AMOLED,50MP+8MP+5MP,13MP,4500,33W,6,64,Yes,Yes,USB-C 2.0,208,199,Public specifications
POCO X5 75 Max,Xiaomi,2019,Android 12,Snapdragon 4 Gen 1,2340x1080,6.6,IPS LCD,64MP+2MP+2MP,16MP,5000,18W,8,128,Yes,Yes,USB-C 2.0,181,299,Public specifications
Pixel 6a 53 5G,Google,2019,Android 11,Snapdragon 7s Gen 2,2412x1080,6.74,AMOLED,64MP+8MP+2MP,16MP,4600,30W,8,256,Yes,Yes,USB-C 2.0,190,349,Public specifications
C21 88 Lite,Realme,2021,Android 11,Helio A22,1612x720,6.75,IPS LCD,50MP+2MP,5MP,4500,10W,4,128,No,No,USB-C 2.0,166,149,Public specifications
CMF Phone 95s,Nothing,2021,Android 13,Snapdragon 888,2400x1080,6.67,AMOLED,64MP+12MP+5MP,32MP,4500,100W,6,128,Yes,Yes,USB-C 2.0,215,349,Public specifications
TCL 40 16 Plus,TCL,2021,Android 14,Snapdragon 7s Gen 2,2400x1080,6.7,IPS LCD,50MP+8MP+5MP,16MP,5000,18W,6,128,Yes,Yes,USB-C 2.0,189,249,Public specifications
Xiaomi 13 27 Pro,Xiaomi,2019,Android 14,Kirin 9000S,3168x1440,6.7,AMOLED,50MP+48MP+12MP,16MP,4610,90W+50W wireless,12,256,Yes,Yes,USB-C 3.2,237,799,Public specifications
iQOO Z9 95 Max,iQOO,2020,Android 13,Snapdragon 888+,2712x1220,6.78,AMOLED,64MP+12MP+5MP,16MP,4600,65W,8,128,Yes,Yes,USB-C 2.0,191,399,Public specifications
GT Neo 5 54 SE,Realme,2019,Android 13,Google Tensor G2,2412x1080,6.78,AMOLED,64MP+12MP+5MP,20MP,5000,67W,8,128,Yes,Yes,USB-C 2.0,186,399,Public specifications
Play 6 18,Honor,2019,Android 13,Dimensity 7050,2400x1080,6.5,IPS LCD,64MP+2MP+2MP,8MP,4500,33W,4,128,Yes,Yes,USB-C 2.0,180,229,Public specifications
Xperia 10 41 Neo,Sony,2021,Android 13,Dimensity 1080,2340x1080,6.67,IPS LCD,50MP+8MP+2MP,8MP,5000,25W,4,128,Yes,Yes,USB-C 2.0,182,229,Public specifications
Mi 11 24 Max,Xiaomi,2023,Android 14,Exynos 2200,2556x1179,5.92,OLED,50MP+50MP+50MP,12MP,4422,27W+15W MagSafe,8,256,Yes,Yes,USB-C 3.2,225,699,Public specifications
Xperia 1 26 5G,Sony,2020,Android 14,Apple A16,3088x1440,6.7,LTPO AMOLED,50MP+50MP+64MP,12MP,4610,90W+50W wireless,8,256,Yes,Yes,USB-C 3.2,190,699,Public specifications
Find X7 2 Plus,Oppo,2021,Android 13,Exynos 2100,3200x1440,6.2,LTPO AMOLED,108MP+12MP+10MP+10MP,12MP,5050,30W+23W wireless,12,512,Yes,Yes,USB-C 3.2,203,999,Public specifications
Blade V40 17 Max,ZTE,2024,Android 12,Snapdragon 7s Gen 2,2400x1080,6.74,IPS LCD,108MP+2MP+2MP,16MP,5100,67W,8,256,Yes,Yes,USB-C 2.0,182,349,Public specifications
Oppo A5 19,Oppo,2024,Android 11,Helio A22,1600x720,6.65,PLS LCD,13MP+5MP,5MP,5000,10W,4,128,No,No,USB-C 2.0,206,149,Public specifications
V21 61 Pro,Vivo,2022,Android 11,Snapdragon 7s Gen 2,2340x1080,6.74,AMOLED,64MP+2MP+2MP,16MP,5000,44W,8,128,Yes,Yes,USB-C 2.0,197,299,Public specifications
Blade A7 10+,ZTE,2023,Android 12,Dimensity 920,2400x1080,6.67,AMOLED,64MP+8MP+2MP,8MP,5000,25W,6,64,Yes,Yes,USB-C 2.0,208,199,Public specifications
TCL 10 1 5G,TCL,2020,Android 10,Snapdragon 480,1560x720,6.56,IPS LCD,48MP+2MP,8MP,4900,10W,2,32,No,No,USB-C 2.0,200,59,Public specifications
Galaxy M2 34 Pro,Samsung,2024,Android 11,Dimensity 920,2400x1080,6.67,IPS LCD,48MP+5MP+2MP,16MP,5000,25W,6,128,Yes,Yes,USB-C 2.0,203,249,Public specifications
X90 15 Ultra,Vivo,2021,Android 14,Snapdragon 8 Gen 2,2992x1344,6.7,LTPO AMOLED,108MP+12MP+10MP+10MP,32MP,5400,100W+50W wireless,16,512,Yes,Yes,USB-C 3.2,224,1199,Public specifications
Spark 20 56 Pro,Tecno,2020,Android 13,Dimensity 7200,2340x1080,6.5,IPS LCD,50MP+2MP+2MP,16MP,4600,30W,6,64,Yes,Yes,USB-C 2.0,179,199,Public specifications
Galaxy M0 5 Neo,Samsung,2019,Android 11,Helio A22,1612x720,6.6,IPS LCD,50MP+2MP+2MP,5MP,4900,10W,4,64,No,No,USB-C 2.0,193,99,Public specifications
Nokia 3 63 Neo,Nokia,2020,Android 12,Snapdragon 662,1600x720,6.5,IPS LCD,8MP+2MP,5MP,5000,15W,4,128,No,No,USB-C 2.0,183,149,Public specifications
Nord N2 66 5G,OnePlus,2023,Android 13,Helio G99,2340x1080,6.72,IPS LCD,108MP+2MP+2MP,16MP,4600,30W,6,128,Yes,Yes,USB-C 2.0,181,249,Public specifications
Oppo A5 99 Neo,Oppo,2019,Android 10,Unisoc T606,1600x720,6.72,IPS LCD,50MP+2MP,8MP,5050,18W,2,32,No,No,USB-C 2.0,190,59,Public specifications
Find X8 20,Oppo,2019,Android 14,Snapdragon 8 Gen 1,3200x1440,5.92,LTPO AMOLED,108MP+12MP+10MP+10MP,50MP,4700,120W+50W wireless,8,256,Yes,Yes,USB-C 3.2,206,699,Public specifications
Galaxy M3 58 Ultra,Samsung,2024,Android 13,Helio G90T,2340x1080,6.5,IPS LCD,50MP+8MP+5MP,13MP,5000,25W,8,128,Yes,Yes,USB-C 2.0,188,299,Public specifications
Nokia XR 71 SE,Nokia,2022,Android 12,Dimensity 8100,2400x1080,6.78,AMOLED,50MP+12MP+10MP,20MP,4700,67W,8,256,Yes,Yes,USB-C 2.0,180,499,Public specifications
Galaxy A7 50 Max,Samsung,2022,Android 12,Dimensity 8300,2400x1080,6.67,Super AMOLED,50MP+50MP+8MP,32MP,4600,80W,12,256,Yes,Yes,USB-C 2.0,194,599,Public specifications
U23 Pro 86+,HTC,2022,Android 13,Snapdragon 888+,2712x1220,6.67,AMOLED,50MP+32MP+12MP,32MP,5000,67W,12,512,Yes,Yes,USB-C 2.0,192,699,Public specifications
P40 Lite 97 Max,Huawei,2019,HarmonyOS 3,Snapdragon 888,2712x1220,6.4,AMOLED,50MP+32MP+12MP,32MP,5000,67W,12,512,Yes,Yes,USB-C 2.0,207,699,Public specifications
Nokia 7 83s,Nokia,2021,Android 11,Helio G90T,2400x1080,6.5,IPS LCD,50MP+2MP+2MP,13MP,5000,44W,4,128,Yes,Yes,USB-C 2.0,199,229,Public specifications
X100 39 Pro,Vivo,2019,Android 14,Apple A17 Pro,3168x1440,6.82,AMOLED,48MP+12MP+12MP,10.5MP,4610,90W+50W wireless,16,256,Yes,Yes,USB-C 3.2,220,1099,Public specifications
iPhone 15 14 Plus,Apple,2023,iOS 13,Exynos 2100,3200x1440,6.7,LTPO AMOLED,50MP+12MP+12MP,50MP,4700,120W+50W wireless,16,256,Yes,Yes,USB-C 2.0,190,1099,Public specifications
iQOO 10 95s,iQOO,2019,Android 12,Dimensity 1300,2772x1240,6.4,AMOLED,50MP+50MP+8MP,32MP,4600,65W,12,512,Yes,Yes,USB-C 2.0,201,699,Public specifications
Meizu 20 76 Neo,Meizu,2020,Android 14,Snapdragon 888,2400x1080,6.6,Super AMOLED,50MP+12MP+10MP,12MP,4600,65W,12,256,Yes,Yes,USB-C 2.0,188,599,Public specifications
Nord N3 78 5G,OnePlus,2022,Android 13,Snapdragon 7s Gen 2,2340x1080,6.5,IPS LCD,64MP+8MP+2MP,16MP,4600,30W,6,128,Yes,Yes,USB-C 2.0,177,249,Public specifications
Galaxy Z Fold 62 Neo,Samsung,2019,Android 14,Exynos 2200,3168x1440,6.7,AMOLED,108MP+12MP+10MP+10MP,32MP,5400,100W+50W wireless,16,512,Yes,Yes,USB-C 3.2,193,1199,Public specifications
Redmi 12 15,Xiaomi,2020,Android 11,Exynos 850,1612x720,6.72,IPS LCD,8MP+2MP,8MP,5000,10W,6,64,No,No,USB-C 2.0,206,169,Public specifications
Xperia L 12 5G,Sony,2020,Android 12,Snapdragon 4 Gen 1,2400x1080,6.5,IPS LCD,50MP+8MP+2MP,16MP,5000,18W,6,128,Yes,Yes,USB-C 2.0,179,249,Public specifications
Blade A7 63 Neo,ZTE,2022,Android 12,Snapdragon 695,2400x1080,6.72,IPS LCD,108MP+2MP+2MP,16MP,5000,25W,8,256,Yes,Yes,USB-C 2.0,173,349,Public specifications
Nokia G4 81 Max,Nokia,2019,Android 11,Dimensity 7050,2400x1080,6.67,IPS LCD,64MP+2MP+2MP,13MP,4600,30W,4,128,Yes,Yes,USB-C 2.0,201,229,Public specifications
Oppo A7 76 SE,Oppo,2023,Android 13,Helio G96,2400x1080,6.7,IPS LCD,50MP+8MP+2MP,13MP,4600,30W,6,128,Yes,Yes,USB-C 2.0,190,249,Public specifications
Pura 70 83 Max,Huawei,2022,HarmonyOS 3,Kirin 9010,3088x1440,5.92,LTPO AMOLED,108MP+12MP+10MP+10MP,12MP,5400,100W+50W wireless,16,512,Yes,Yes,USB-C 3.2,186,1199,Public specifications
Nord CE 3 25 Neo,OnePlus,2021,Android 14,Dimensity 8200,2400x1080,6.74,pOLED,64MP+8MP+2MP,12MP,4700,67W,6,128,Yes,Yes,USB-C 2.0,213,349,Public specifications
Spark 8 38 Max,Tecno,2020,Android 10,Snapdragon 680,1600x720,6.75,IPS LCD,50MP+2MP+2MP,8MP,6000,10W,6,64,No,No,USB-C 2.0,204,169,Public specifications
Pixel 6a 86 Neo,Google,2022,Android 14,Snapdragon 732G,2400x1080,6.5,IPS LCD,50MP+8MP+2MP,16MP,4600,30W,6,64,Yes,Yes,USB-C 2.0,201,199,Public specifications
Moto E30 72,Motorola,2023,Android 10,Helio G88,1600x720,6.52,PLS LCD,50MP+2MP,8MP,4500,10W,4,64,No,No,USB-C 2.0,167,129,Public specifications
Zero 30 56+,Infinix,2021,Android 13,Helio G99,2400x1080,6.67,IPS LCD,64MP+8MP+2MP,13MP,5000,25W,6,64,Yes,Yes,USB-C 2.0,192,199,Public specifications
iQOO 10 35 Pro,iQOO,2019,Android 14,Snapdragon 888+,2400x1080,6.74,Super AMOLED,50MP+50MP+8MP,12MP,4800,65W,8,128,Yes,Yes,USB-C 2.0,203,399,Public specifications
Note 30 14 SE,Infinix,2020,Android 12,Helio G99,2400x1080,6.5,AMOLED,50MP+8MP+5MP,13MP,5000,33W,4,128,Yes,Yes,USB-C 2.0,210,229,Public specifications
Redmi Note 10 21 5G,Xiaomi,2024,Android 12,Helio G90T,2400x1080,6.6,IPS LCD,50MP+8MP+5MP,13MP,5000,18W,6,128,Yes,Yes,USB-C 2.0,193,249,Public specifications
Nokia G3 26 Neo,Nokia,2020,Android 11,Dimensity 7050,2400x1080,6.72,AMOLED,50MP+8MP+2MP,16MP,4500,33W,8,256,Yes,Yes,USB-C 2.0,175,349,Public specifications
Moto G100 47s,Motorola,2022,Android 13,Exynos 1280,2772x1240,6.5,AMOLED,64MP+8MP+2MP,12MP,5000,67W,8,256,Yes,Yes,USB-C 2.0,201,499,Public specifications
Oppo A3 88 Ultra,Oppo,2019,Android 12,Helio G88,2400x1080,6.5,IPS LCD,13MP+5MP,8MP,4500,10W,3,32,No,No,USB-C 2.0,186,79,Public specifications
Nokia X3 56,Nokia,2024,Android 12,Dimensity 8100,2400x1080,6.74,AMOLED,64MP+12MP+5MP,32MP,4800,65W,8,128,Yes,Yes,USB-C 2.0,208,399,Public specifications
Moto G53 88 Plus,Motorola,2023,Android 12,Snapdragon 7s Gen 2,2340x1080,6.67,AMOLED,64MP+2MP+2MP,8MP,4500,33W,6,128,Yes,Yes,USB-C 2.0,209,249,Public specifications
OnePlus Open 58s,OnePlus,2021,Android 14,Apple A15,2556x1179,6.2,OLED,108MP+12MP+10MP+10MP,16MP,5400,100W+50W wireless,16,512,Yes,Yes,USB-C 3.2,190,1199,Public specifications
Galaxy M2 50 Pro,Samsung,2021,Android 12,Dimensity 920,2412x1080,6.72,AMOLED,48MP+5MP+2MP,16MP,5000,33W,4,128,Yes,Yes,USB-C 2.0,203,229,Public specifications
Nokia G3 4 Plus,Nokia,2019,Android 11,Helio G99,2340x1080,6.72,AMOLED,50MP+8MP+2MP,8MP,5000,44W,6,64,Yes,Yes,USB-C 2.0,173,199,Public specifications
Spark 20 81 Plus,Tecno,2024,Android 13,Dimensity 7200,2400x1080,6.72,AMOLED,64MP+8MP+2MP,13MP,5000,18W,8,256,Yes,Yes,USB-C 2.0,170,349,Public specifications
Y76 96 SE,Vivo,2021,Android 11,Helio G99,2340x1080,6.6,IPS LCD,64MP+2MP+2MP,13MP,5100,67W,4,128,Yes,Yes,USB-C 2.0,189,229,Public specifications
Moto G50 74s,Motorola,2021,Android 13,Snapdragon 732G,2340x1080,6.5,IPS LCD,50MP+2MP+2MP,13MP,5000,44W,8,128,Yes,Yes,USB-C 2.0,203,299,Public specifications
Nova 7 59+,Huawei,2022,HarmonyOS 2,Snapdragon 732G,2340x1080,6.5,IPS LCD,50MP+2MP+2MP,16MP,5000,33W,6,128,Yes,Yes,USB-C 2.0,178,249,Public specifications
Y35 10 Ultra,Vivo,2022,Android 11,Unisoc T606,1560x720,6.65,IPS LCD,48MP+2MP,5MP,6000,10W,4,128,No,No,USB-C 2.0,205,149,Public specifications
X70 94 Max,Vivo,2023,Android 14,Apple A16,2992x1344,5.92,LTPO AMOLED,200MP+12MP+10MP+10MP,50MP,5000,100W,12,512,Yes,Yes,USB-C 3.2,240,999,Public specifications
9 Pro 28 Neo,Realme,2023,Android 13,Dimensity 1080,2400x1080,6.5,AMOLED,64MP+2MP+2MP,16MP,4600,30W,8,256,Yes,Yes,USB-C 2.0,196,349,Public specifications
Redmi Note 11 74 5G,Xiaomi,2021,Android 12,Snapdragon 695,2412x1080,6.67,AMOLED,50MP+8MP+2MP,13MP,4500,33W,8,256,Yes,Yes,USB-C 2.0,188,349,Public specifications
GT 6 19 SE,Realme,2022,Android 13,Exynos 2100,3088x1440,5.92,LTPO AMOLED,48MP+12MP+12MP,32MP,5050,30W+23W wireless,12,512,Yes,Yes,USB-C 3.2,185,999,Public specifications
POCO X4 9,Xiaomi,2022,Android 12,Dimensity 7050,2400x1080,6.67,IPS LCD,108MP+2MP+2MP,8MP,4600,30W,6,64,Yes,Yes,USB-C 2.0,200,199,Public specifications
Pova 5 98 Pro,Tecno,2024,Android 12,Dimensity 920,2340x1080,6.6,IPS LCD,50MP+2MP+2MP,16MP,5000,44W,6,64,Yes,Yes,USB-C 2.0,190,199,Public specifications
Mi 10 50 Lite,Xiaomi,2019,Android 14,Exynos 2200,2796x1290,5.92,LTPO OLED,50MP+48MP+48MP,16MP,5000,100W,16,256,Yes,Yes,USB-C 3.2,240,1099,Public specifications
OnePlus Nord 3 81 5G,OnePlus,2023,Android 14,Dimensity 1200,2400x1080,6.7,Super AMOLED,50MP+8MP+2MP,12MP,4600,80W,8,256,Yes,Yes,USB-C 2.0,211,499,Public specifications
iQOO 12 97 Neo,iQOO,2024,Android 13,Snapdragon 8 Gen 3,3088x1440,6.2,LTPO AMOLED,200MP+12MP+10MP+10MP,12MP,4700,120W+50W wireless,12,512,Yes,Yes,USB-C 3.2,238,999,Public specifications
Meizu 20 69 SE,Meizu,2022,Android 13,Dimensity 8200,2400x1080,6.6,pOLED,50MP+32MP+12MP,16MP,5000,67W,8,128,Yes,Yes,USB-C 2.0,186,399,Public specifications
Oppo A5 41 Max,Oppo,2020,Android 12,Helio A22,1600x720,6.56,IPS LCD,13MP+2MP,8MP,5000,18W,4,64,No,No,USB-C 2.0,176,129,Public specifications
Edge 50 40 Max,Motorola,2022,Android 13,Apple A16,3088x1440,6.7,LTPO AMOLED,50MP+48MP+12MP,10.5MP,4422,27W+15W MagSafe,12,256,Yes,Yes,USB-C 3.2,191,799,Public specifications
Nokia XR 42 5G,Nokia,2020,Android 13,Dimensity 8100,2400x1080,6.7,AMOLED,50MP+8MP+2MP,32MP,4700,67W,6,128,Yes,Yes,USB-C 2.0,206,349,Public specifications
11 Pro 35,Realme,2022,Android 12,Dimensity 8200,2400x1080,6.4,pOLED,50MP+32MP+12MP,16MP,4600,80W,12,512,Yes,Yes,USB-C 2.0,215,699,Public specifications
Xperia 1 71 SE,Sony,2024,Android 14,Snapdragon 8+ Gen 1,2992x1344,6.1,LTPO AMOLED,200MP+12MP+10MP+10MP,32MP,4610,90W+50W wireless,16,512,Yes,Yes,USB-C 3.2,217,1199,Public specifications
Pixel 7a 70 Pro,Google,2019,Android 12,Snapdragon 4 Gen 1,2400x1080,6.5,IPS LCD,108MP+2MP+2MP,16MP,4600,30W,6,64,Yes,Yes,USB-C 2.0,199,199,Public specifications
Pova 5 84 Pro,Tecno,2022,Android 13,Snapdragon 695,2400x1080,6.74,AMOLED,50MP+2MP+2MP,8MP,4600,30W,8,256,Yes,Yes,USB-C 2.0,192,349,Public specifications
Pova 5 75 Plus,Tecno,2019,Android 12,Snapdragon 750G,2400x1080,6.67,AMOLED,50MP+8MP+2MP,13MP,4600,30W,6,128,Yes,Yes,USB-C 2.0,195,249,Public specifications
TCL 50 93 Plus,TCL,2021,Android 12,Snapdragon 750G,2400x1080,6.74,IPS LCD,50MP+8MP+2MP,13MP,4600,30W,8,256,Yes,Yes,USB-C 2.0,210,349,Public specifications
Razr 40 35 Lite,Motorola,2020,Android 14,Dimensity 9300,2796x1290,5.92,LTPO OLED,50MP+50MP+50MP,50MP,5400,100W+50W wireless,12,256,Yes,Yes,USB-C 3.2,226,799,Public specifications
Galaxy Note 2s,Samsung,2019,Android 12,Apple A16,3200x1440,6.82,LTPO AMOLED,108MP+12MP+10MP+10MP,50MP,5000,45W+15W wireless,12,256,Yes,Yes,USB-C 3.2,242,799,Public specifications
Pova 5 87+,Tecno,2024,Android 13,Dimensity 7200,2400x1080,6.6,IPS LCD,50MP+8MP+5MP,13MP,4500,33W,6,64,Yes,Yes,USB-C 2.0,170,199,Public specifications
POCO M5 25 Neo,Xiaomi,2024,Android 12,Snapdragon 695,2400x1080,6.74,IPS LCD,64MP+2MP+2MP,13MP,5100,67W,8,256,Yes,Yes,USB-C 2.0,192,349,Public specifications
Pixel 9 92 Lite,Google,2024,Android 12,Apple A14,3200x1440,5.92,LTPO AMOLED,50MP+48MP+12MP,12MP,4700,120W+50W wireless,16,512,Yes,Yes,USB-C 3.2,223,1199,Public specifications
Pixel 8a 82 Max,Google,2020,Android 13,Snapdragon 690,2340x1080,6.72,AMOLED,108MP+2MP+2MP,13MP,5000,18W,8,128,Yes,Yes,USB-C 2.0,206,299,Public specifications
Zenfone 8 9 SE,Asus,2020,Android 12,Snapdragon 778G,2400x1080,6.78,Super AMOLED,50MP+8MP+2MP,32MP,4500,100W,6,128,Yes,Yes,USB-C 2.0,208,349,Public specifications
Axon 40 87,ZTE,2019,Android 12,Google Tensor G2,2400x1080,6.67,Super AMOLED,50MP+32MP+12MP,12MP,4500,100W,6,128,Yes,Yes,USB-C 2.0,202,349,Public specifications
CMF Phone 42 Max,Nothing,2022,Android 13,Snapdragon 888+,2400x1080,6.67,pOLED,108MP+8MP+2MP,16MP,5000,80W,6,128,Yes,Yes,USB-C 2.0,198,349,Public specifications
9 Pro 29,Realme,2020,Android 13,Snapdragon 750G,2400x1080,6.7,IPS LCD,108MP+2MP+2MP,16MP,4500,33W,6,128,Yes,Yes,USB-C 2.0,191,249,Public specifications
Mi 10 95 Lite,Xiaomi,2019,Android 13,Exynos 2100,3088x1440,6.7,LTPO AMOLED,50MP+50MP+50MP,10.5MP,4900,45W+15W wireless,16,256,Yes,Yes,USB-C 3.2,225,1099,Public specifications
X9 62 Max,Honor,2019,Android 11,Snapdragon 4 Gen 1,2400x1080,6.6,AMOLED,108MP+2MP+2MP,8MP,5100,67W,8,256,Yes,Yes,USB-C 2.0,200,349,Public specifications
Xperia L 43 Plus,Sony,2024,Android 12,Snapdragon 4 Gen 1,2400x1080,6.5,IPS LCD,64MP+8MP+2MP,13MP,4600,30W,6,64,Yes,Yes,USB-C 2.0,198,199,Public specifications
Nova 7 8,Huawei,2022,Android 10,Dimensity 7050,2340x1080,6.5,AMOLED,50MP+8MP+5MP,13MP,5100,67W,8,128,Yes,Yes,USB-C 2.0,173,299,Public specifications
Moto E13 56+,Motorola,2019,Android 12,Helio G85,1600x720,6.6,IPS LCD,13MP+2MP,8MP,5050,18W,6,64,No,No,USB-C 2.0,204,169,Public specifications
iQOO 11 77s,iQOO,2019,Android 13,Snapdragon 8 Gen 3,3200x1440,6.82,LTPO AMOLED,50MP+50MP+64MP,50MP,4610,90W+50W wireless,8,256,Yes,Yes,USB-C 3.2,206,699,Public specifications
CMF Phone 59 Plus,Nothing,2024,Android 13,Dimensity 8200,2412x1080,6.7,AMOLED,64MP+8MP+2MP,16MP,4600,80W,8,128,Yes,Yes,USB-C 2.0,179,399,Public specifications
Nova 7 82 Plus,Huawei,2020,Android 10,Snapdragon 750G,2340x1080,6.7,AMOLED,50MP+2MP+2MP,16MP,5000,44W,4,128,Yes,Yes,USB-C 2.0,185,229,Public specifications
Redmi 12 17 5G,Xiaomi,2020,Android 10,Unisoc T616,2400x1080,6.65,IPS LCD,13MP+2MP+2MP,8MP,5050,18W,3,32,No,No,USB-C 2.0,174,79,Public specifications
Y22 44 5G,Vivo,2023,Android 12,Helio G37,1600x720,6.65,IPS LCD,13MP+2MP+2MP,5MP,5000,15W,4,64,No,No,USB-C 2.0,168,129,Public specifications
X80 26s,Vivo,2024,Android 13,Apple A15,3088x1440,6.82,LTPO AMOLED,50MP+48MP+12MP,10.5MP,5000,100W,16,512,Yes,Yes,USB-C 3.2,206,1199,Public specifications
Pop 7 39 Max,Tecno,2020,Android 12,Helio G37,1612x720,6.6,IPS LCD,13MP+2MP,5MP,6000,10W,4,64,No,No,USB-C 2.0,165,99,Public specifications
X8 30 Neo,Honor,2022,Android 13,Helio G99,2400x1080,6.74,IPS LCD,50MP+8MP+2MP,16MP,5000,44W,8,256,Yes,Yes,USB-C 2.0,183,349,Public specifications
Reno 6 47,Oppo,2022,Android 11,Snapdragon 690,2340x1080,6.67,AMOLED,64MP+8MP+2MP,13MP,5000,33W,8,128,Yes,Yes,USB-C 2.0,182,299,Public specifications
Play 5 6,Honor,2020,Android 12,Snapdragon 720G,2400x1080,6.74,IPS LCD,48MP+5MP+2MP,16MP,5000,25W,8,256,Yes,Yes,USB-C 2.0,191,349,Public specifications
Camon 19 26,Tecno,2022,Android 10,Helio G80,1600x720,6.52,PLS LCD,13MP+2MP,8MP,6000,10W,2,32,No,No,USB-C 2.0,206,59,Public specifications
iQOO Z7 27 5G,iQOO,2023,Android 12,Dimensity 1080,2400x1080,6.72,IPS LCD,48MP+5MP+2MP,8MP,5000,44W,8,128,Yes,Yes,USB-C 2.0,197,299,Public specifications
Meizu 21 19 Pro,Meizu,2023,Android 13,Snapdragon 888,2772x1240,6.6,AMOLED,64MP+8MP+2MP,12MP,5000,67W,12,256,Yes,Yes,USB-C 2.0,202,599,Public specifications
X8 98 SE,Honor,2020,Android 11,Helio G99,2400x1080,6.67,IPS LCD,50MP+8MP+5MP,13MP,4500,33W,8,128,Yes,Yes,USB-C 2.0,173,299,Public specifications
X7 66 SE,Honor,2023,Android 11,Dimensity 1080,2400x1080,6.74,IPS LCD,64MP+2MP+2MP,13MP,5100,67W,6,64,Yes,Yes,USB-C 2.0,174,199,Public specifications
Nord CE 2 97 Plus,OnePlus,2021,Android 14,Dimensity 8200,2400x1080,6.74,pOLED,50MP+32MP+12MP,16MP,4700,67W,12,256,Yes,Yes,USB-C 2.0,208,599,Public specifications
TCL 40 64 Neo,TCL,2020,Android 14,Snapdragon 750G,2412x1080,6.6,AMOLED,50MP+2MP+2MP,13MP,5000,44W,6,128,Yes,Yes,USB-C 2.0,182,249,Public specifications
V25 28 5G,Vivo,2023,Android 13,Dimensity 8100,2400x1080,6.6,pOLED,50MP+32MP+12MP,32MP,4600,65W,12,256,Yes,Yes,USB-C 2.0,180,599,Public specifications
Redmi 11 57 Plus,Xiaomi,2021,Android 12,Helio G37,1612x720,6.65,IPS LCD,13MP+2MP+2MP,8MP,4900,10W,3,32,No,No,USB-C 2.0,192,79,Public specifications
X60 53 Ultra,Vivo,2022,Android 13,Snapdragon 888,2400x1080,6.5,pOLED,108MP+8MP+2MP,20MP,5000,67W,8,128,Yes,Yes,USB-C 2.0,189,399,Public specifications
Razr 40 46+,Motorola,2019,Android 13,Google Tensor G4,2556x1179,6.1,OLED,50MP+12MP+12MP,32MP,5050,30W+23W wireless,12,256,Yes,Yes,USB-C 3.2,208,799,Public specifications
Galaxy M2 43 Lite,Samsung,2024,Android 11,Helio G96,2340x1080,6.6,AMOLED,48MP+5MP+2MP,8MP,5000,44W,8,256,Yes,Yes,USB-C 2.0,208,349,Public specifications
Redmi A2 2 5G,Xiaomi,2024,Android 12,Helio A22,1600x720,6.75,PLS LCD,8MP+2MP,5MP,4900,10W,3,32,No,No,USB-C 2.0,165,79,Public specifications
Y12 51 Lite,Vivo,2023,Android 10,Helio P65,1600x720,6.65,IPS LCD,50MP+2MP+2MP,5MP,4900,10W,4,64,No,No,USB-C 2.0,200,129,Public specifications
iQOO 11 44+,iQOO,2022,Android 14,Dimensity 9300,2992x1344,6.8,LTPO AMOLED,50MP+50MP+64MP,16MP,4610,90W+50W wireless,12,512,Yes,Yes,USB-C 3.2,239,999,Public specifications
Pura 70 18 SE,Huawei,2022,HarmonyOS 3,Apple A17 Pro,2796x1290,6.2,LTPO OLED,50MP+48MP+48MP,50MP,5400,100W+50W wireless,16,256,Yes,Yes,USB-C 3.2,212,1099,Public specifications
Zenfone 9 42 SE,Asus,2023,Android 13,Snapdragon 7 Gen 3,2412x1080,6.6,AMOLED,50MP+50MP+8MP,16MP,4700,67W,8,256,Yes,Yes,USB-C 2.0,215,499,Public specifications
Hot 40 74 Max,Infinix,2022,Android 14,Dimensity 7050,2400x1080,6.6,IPS LCD,50MP+2MP+2MP,13MP,4600,30W,6,64,Yes,Yes,USB-C 2.0,176,199,Public specifications
Nokia 7 12 Pro,Nokia,2019,Android 12,Snapdragon 690,2340x1080,6.7,IPS LCD,108MP+2MP+2MP,16MP,5000,33W,4,128,Yes,Yes,USB-C 2.0,181,229,Public specifications
Pixel 9 37 Lite,Google,2019,Android 11,Apple A14,2796x1290,6.82,LTPO OLED,50MP+12MP+12MP,50MP,4422,27W+15W MagSafe,16,256,Yes,Yes,USB-C 3.2,195,1099,Public specifications
Nokia X3 21+,Nokia,2020,Android 13,Snapdragon 778G,2412x1080,6.67,AMOLED,50MP+12MP+10MP,16MP,5000,80W,8,128,Yes,Yes,USB-C 2.0,183,399,Public specifications
Fairphone 5 56s,Fairphone,2023,Android 13,Dimensity 1300,2772x1240,6.5,AMOLED,50MP+32MP+12MP,12MP,4500,100W,6,128,Yes,Yes,USB-C 2.0,204,349,Public specifications
Moto G Stylus 19 Neo,Motorola,2022,Android 12,Snapdragon 7 Gen 1,2400x1080,6.7,pOLED,50MP+32MP+12MP,32MP,4800,65W,12,256,Yes,Yes,USB-C 2.0,204,599,Public specifications
V21 12 5G,Vivo,2022,Android 13,Helio G96,2400x1080,6.6,IPS LCD,48MP+5MP+2MP,8MP,5000,18W,4,128,Yes,Yes,USB-C 2.0,185,229,Public specifications
OnePlus Nord N 56 Neo,OnePlus,2019,Android 13,Dimensity 7050,2340x1080,6.74,IPS LCD,50MP+8MP+2MP,13MP,5000,33W,6,64,Yes,Yes,USB-C 2.0,185,199,Public specifications
Meizu 21 81 Plus,Meizu,2023,Android 14,Dimensity 8300,2400x1080,6.78,Super AMOLED,50MP+8MP+2MP,32MP,5000,67W,12,512,Yes,Yes,USB-C 2.0,182,699,Public specifications
Find X8 65 Ultra,Oppo,2022,Android 13,Exynos 2100,3200x1440,6.1,LTPO AMOLED,200MP+12MP+10MP+10MP,32MP,5050,30W+23W wireless,8,256,Yes,Yes,USB-C 3.2,186,699,Public specifications
iPhone SE 49 Ultra,Apple,2024,iOS 14,Exynos 2200,2992x1344,6.1,LTPO AMOLED,50MP+50MP+64MP,12MP,4422,27W+15W MagSafe,16,256,Yes,Yes,USB-C 2.0,243,1099,Public specifications
POCO C4 63 Neo,Xiaomi,2022,Android 13,Helio G85,1600x720,6.52,IPS LCD,13MP+2MP+2MP,5MP,4500,10W,6,64,No,No,USB-C 2.0,182,169,Public specifications
Camon 20 3 SE,Tecno,2019,Android 12,Snapdragon 690,2400x1080,6.6,IPS LCD,48MP+5MP+2MP,13MP,4600,30W,6,64,Yes,Yes,USB-C 2.0,170,199,Public specifications
Zenfone 9 57 Ultra,Asus,2022,Android 12,Snapdragon 778G,2772x1240,6.5,AMOLED,64MP+12MP+5MP,16MP,5000,80W,6,128,Yes,Yes,USB-C 2.0,178,349,Public specifications
Pova 5 50 5G,Tecno,2020,Android 12,Dimensity 1080,2400x1080,6.6,AMOLED,108MP+2MP+2MP,13MP,5000,33W,6,64,Yes,Yes,USB-C 2.0,193,199,Public specifications
Xperia 10 3 Max,Sony,2019,Android 12,Snapdragon 695,2400x1080,6.6,AMOLED,48MP+5MP+2MP,16MP,5000,44W,6,128,Yes,Yes,USB-C 2.0,180,249,Public specifications
Axon 50 54 Plus,ZTE,2020,Android 12,Snapdragon 7 Gen 1,2712x1220,6.7,AMOLED,108MP+8MP+2MP,12MP,5000,80W,8,256,Yes,Yes,USB-C 2.0,209,499,Public specifications
Oppo A7 30 Lite,Oppo,2021,Android 11,Snapdragon 690,2340x1080,6.74,AMOLED,48MP+5MP+2MP,16MP,5000,33W,6,64,Yes,Yes,USB-C 2.0,170,199,Public specifications
Reno 10 29+,Oppo,2020,Android 13,Exynos 1280,2712x1220,6.4,AMOLED,64MP+12MP+5MP,12MP,4500,100W,8,128,Yes,Yes,USB-C 2.0,201,399,Public specifications
Moto E13 14 Plus,Motorola,2024,Android 11,Snapdragon 450,1560x720,6.56,IPS LCD,13MP+5MP,8MP,5000,15W,3,32,No,No,USB-C 2.0,209,79,Public specifications
Reno 10 23s,Oppo,2023,Android 13,Snapdragon 888,2400x1080,6.4,Super AMOLED,108MP+8MP+2MP,16MP,4600,80W,12,256,Yes,Yes,USB-C 2.0,212,599,Public specifications
X60 82 Lite,Vivo,2019,Android 14,Dimensity 1200,2412x1080,6.7,AMOLED,64MP+12MP+5MP,16MP,4700,67W,8,128,Yes,Yes,USB-C 2.0,194,399,Public specifications
Xperia L 80+,Sony,2022,Android 12,Snapdragon 695,2400x1080,6.6,IPS LCD,48MP+5MP+2MP,16MP,4500,33W,8,128,Yes,Yes,USB-C 2.0,183,299,Public specifications
Phone 2 93 SE,Nothing,2019,Android 13,Dimensity 1300,2400x1080,6.74,Super AMOLED,108MP+8MP+2MP,32MP,4500,100W,12,256,Yes,Yes,USB-C 2.0,208,599,Public specifications
iQOO Z6 37,iQOO,2019,Android 13,Snapdragon 720G,2340x1080,6.72,IPS LCD,48MP+5MP+2MP,8MP,5000,25W,8,128,Yes,Yes,USB-C 2.0,185,299,Public specifications
Hot 40 93 Lite,Infinix,2019,Android 14,Helio G99,2400x1080,6.74,IPS LCD,108MP+2MP+2MP,8MP,5000,25W,6,64,Yes,Yes,USB-C 2.0,174,199,Public specifications
Fairphone 4 25,Fairphone,2023,Android 12,Exynos 1280,2772x1240,6.7,AMOLED,64MP+8MP+2MP,32MP,4600,80W,8,256,Yes,Yes,USB-C 2.0,188,499,Public specifications
Xperia 10 93 Neo,Sony,2023,Android 13,Snapdragon 750G,2400x1080,6.6,IPS LCD,64MP+2MP+2MP,16MP,5000,25W,6,64,Yes,Yes,USB-C 2.0,185,199,Public specifications
Moto G30 58s,Motorola,2022,Android 12,Helio P65,1600x720,6.6,PLS LCD,8MP+2MP,5MP,5000,15W,4,128,No,No,USB-C 2.0,175,149,Public specifications
Y15 65 SE,Vivo,2022,Android 11,Exynos 850,2400x1080,6.5,IPS LCD,8MP+2MP,5MP,6000,10W,6,64,No,No,USB-C 2.0,192,169,Public specifications
Spark 10 77 Plus,Tecno,2021,Android 11,Helio G80,1560x720,6.6,IPS LCD,50MP+2MP+2MP,5MP,5050,18W,6,64,No,No,USB-C 2.0,194,169,Public specifications
Moto G53 78 Neo,Motorola,2019,Android 13,Snapdragon 690,2340x1080,6.6,AMOLED,50MP+8MP+2MP,16MP,5000,25W,8,128,Yes,Yes,USB-C 2.0,170,299,Public specifications
Fairphone 4 52 Max,Fairphone,2023,Android 13,Dimensity 8100,2400x1080,6.74,Super AMOLED,108MP+8MP+2MP,16MP,5000,67W,12,256,Yes,Yes,USB-C 2.0,179,599,Public specifications
Oppo A5 50 SE,Oppo,2023,Android 10,Helio G80,1612x720,6.56,IPS LCD,8MP+2MP,5MP,5050,18W,2,32,No,No,USB-C 2.0,210,59,Public specifications
GT 2 90,Realme,2024,Android 14,Exynos 2200,3200x1440,6.7,LTPO AMOLED,50MP+50MP+50MP,10.5MP,5000,100W,12,256,Yes,Yes,USB-C 3.2,230,799,Public specifications
ROG Phone 6 34 SE,Asus,2024,Android 12,Dimensity 1300,2400x1080,6.7,Super AMOLED,64MP+8MP+2MP,20MP,4700,67W,6,128,Yes,Yes,USB-C 2.0,185,349,Public specifications
Galaxy S 83 Max,Samsung,2022,Android 12,Exynos 2200,3168x1440,6.2,AMOLED,50MP+12MP+12MP,12MP,5050,30W+23W wireless,16,512,Yes,Yes,USB-C 3.2,201,1199,Public specifications
TCL 40 69s,TCL,2024,Android 14,Dimensity 7050,2412x1080,6.5,AMOLED,48MP+5MP+2MP,16MP,5100,67W,6,128,Yes,Yes,USB-C 2.0,206,249,Public specifications
iQOO Neo 8 35 Lite,iQOO,2022,Android 12,Google Tensor G2,2400x1080,6.78,pOLED,64MP+12MP+5MP,20MP,4600,80W,8,256,Yes,Yes,USB-C 2.0,175,499,Public specifications
Redmi Note 13 54 Plus,Xiaomi,2020,Android 14,Dimensity 8100,2400x1080,6.6,Super AMOLED,108MP+8MP+2MP,16MP,4700,67W,8,256,Yes,Yes,USB-C 2.0,183,499,Public specifications
Pixel 6 65+,Google,2020,Android 13,Kirin 9000S,2556x1179,5.92,OLED,50MP+50MP+50MP,10.5MP,5050,30W+23W wireless,12,256,Yes,Yes,USB-C 3.2,236,799,Public specifications
iQOO 12 53 Neo,iQOO,2019,Android 14,Snapdragon 8+ Gen 1,3168x1440,6.8,AMOLED,200MP+12MP+10MP+10MP,12MP,4700,120W+50W wireless,12,256,Yes,Yes,USB-C 3.2,202,799,Public specifications
iPhone 13 75 Lite,Apple,2024,iOS 17,Kirin 9010,3200x1440,6.1,LTPO AMOLED,50MP+12MP+12MP,12MP,4422,27W+15W MagSafe,16,256,Yes,Yes,USB-C 2.0,222,1099,Public specifications
iQOO Z7 28 Plus,iQOO,2022,Android 11,Snapdragon 4 Gen 1,2400x1080,6.7,AMOLED,50MP+2MP+2MP,13MP,4600,30W,8,256,Yes,Yes,USB-C 2.0,191,349,Public specifications
Magic 5 48s,Honor,2019,Android 14,Dimensity 9300,2796x1290,6.82,LTPO OLED,50MP+50MP+50MP,32MP,4610,90W+50W wireless,16,512,Yes,Yes,USB-C 3.2,207,1199,Public specifications
Fairphone 4 1 Neo,Fairphone,2023,Android 12,Snapdragon 888+,2400x1080,6.4,Super AMOLED,50MP+12MP+10MP,32MP,4600,80W,6,128,Yes,Yes,USB-C 2.0,192,349,Public specifications
TCL 50 58 SE,TCL,2020,Android 13,Helio G96,2340x1080,6.74,IPS LCD,50MP+8MP+5MP,16MP,4600,30W,6,64,Yes,Yes,USB-C 2.0,170,199,Public specifications
X7 82 Ultra,Honor,2023,Android 11,Snapdragon 7s Gen 2,2400x1080,6.6,AMOLED,50MP+8MP+5MP,8MP,5000,44W,6,64,Yes,Yes,USB-C 2.0,201,199,Public specifications
Reno 7 55 Neo,Oppo,2024,Android 12,Helio G96,2340x1080,6.6,IPS LCD,64MP+8MP+2MP,16MP,4500,33W,4,128,Yes,Yes,USB-C 2.0,179,229,Public specifications
Fairphone 5 64+,Fairphone,2022,Android 12,Dimensity 8300,2400x1080,6.4,Super AMOLED,50MP+32MP+12MP,16MP,4700,67W,12,512,Yes,Yes,USB-C 2.0,209,699,Public specifications
Xperia 10 22s,Sony,2021,Android 12,Helio G90T,2400x1080,6.6,AMOLED,64MP+8MP+2MP,16MP,5000,44W,6,128,Yes,Yes,USB-C 2.0,194,249,Public specifications
iQOO Neo 8 93 5G,iQOO,2024,Android 12,Exynos 1280,2400x1080,6.7,pOLED,64MP+12MP+5MP,16MP,5000,80W,8,256,Yes,Yes,USB-C 2.0,206,499,Public specifications
Black Shark 5 29 SE,Xiaomi,2020,Android 14,Snapdragon 8 Gen 1,3168x1440,6.8,AMOLED,50MP+48MP+12MP,50MP,4610,90W+50W wireless,8,256,Yes,Yes,USB-C 3.2,199,699,Public specifications
Edge 50 12+,Motorola,2020,Android 14,Snapdragon 8 Gen 1,2796x1290,6.7,LTPO OLED,50MP+50MP+50MP,16MP,5000,45W+15W wireless,8,256,Yes,Yes,USB-C 3.2,239,699,Public specifications
Nokia X3 40,Nokia,2021,Android 12,Exynos 1380,2412x1080,6.78,AMOLED,64MP+8MP+2MP,16MP,5000,67W,12,256,Yes,Yes,USB-C 2.0,183,599,Public specifications
8 Pro 51,Realme,2022,Android 11,Dimensity 920,2400x1080,6.6,IPS LCD,48MP+5MP+2MP,16MP,5100,67W,8,256,Yes,Yes,USB-C 2.0,199,349,Public specifications
OnePlus 8 19s,OnePlus,2023,Android 14,Snapdragon 8 Gen 2,2556x1179,5.92,OLED,50MP+48MP+12MP,32MP,5000,45W+15W wireless,16,256,Yes,Yes,USB-C 3.2,215,1099,Public specifications
X8 38 Max,Honor,2024,Android 12,Snapdragon 695,2340x1080,6.74,AMOLED,50MP+8MP+2MP,16MP,5100,67W,8,128,Yes,Yes,USB-C 2.0,173,299,Public specifications
Fairphone 5 94 Max,Fairphone,2021,Android 13,Dimensity 8300,2400x1080,6.67,Super AMOLED,50MP+50MP+8MP,32MP,4600,80W,6,128,Yes,Yes,USB-C 2.0,202,349,Public specifications
Zenfone 9 97 Max,Asus,2023,Android 13,Dimensity 8100,2400x1080,6.74,AMOLED,50MP+32MP+12MP,20MP,4500,100W,8,256,Yes,Yes,USB-C 2.0,200,499,Public specifications
Redmi Note 12 97 SE,Xiaomi,2020,Android 13,Snapdragon 888+,2400x1080,6.7,AMOLED,50MP+50MP+8MP,20MP,5000,67W,8,256,Yes,Yes,USB-C 2.0,203,499,Public specifications
TCL 40 19 Lite,TCL,2024,Android 13,Snapdragon 720G,2340x1080,6.5,IPS LCD,50MP+8MP+2MP,13MP,4500,33W,4,128,Yes,Yes,USB-C 2.0,179,229,Public specifications
Reno 8 22,Oppo,2024,Android 14,Snapdragon 7 Gen 1,2712x1220,6.7,AMOLED,50MP+12MP+10MP,32MP,4600,80W,8,128,Yes,Yes,USB-C 2.0,196,399,Public specifications
Nova 6 81 Max,Huawei,2024,Android 10,Snapdragon 720G,2400x1080,6.67,AMOLED,64MP+8MP+2MP,16MP,5000,18W,6,64,Yes,Yes,USB-C 2.0,208,199,Public specifications
Nord N1 86s,OnePlus,2019,Android 13,Snapdragon 690,2400x1080,6.67,IPS LCD,50MP+8MP+5MP,16MP,4500,33W,6,64,Yes,Yes,USB-C 2.0,177,199,Public specifications
Redmi Note 11 63s,Xiaomi,2022,Android 11,Helio G96,2412x1080,6.72,AMOLED,50MP+8MP+2MP,13MP,4600,30W,4,128,Yes,Yes,USB-C 2.0,187,229,Public specifications
TCL 30 76 Pro,TCL,2019,Android 12,Dimensity 7050,2400x1080,6.6,IPS LCD,64MP+2MP+2MP,16MP,4500,33W,4,128,Yes,Yes,USB-C 2.0,190,229,Public specifications
iPhone SE 24 Max,Apple,2019,iOS 13,Snapdragon 8 Gen 3,3200x1440,5.92,LTPO AMOLED,108MP+12MP+10MP+10MP,12MP,5000,45W+15W wireless,12,512,Yes,Yes,Lightning,196,999,Public specifications
Fairphone 5 72 Neo,Fairphone,2024,Android 12,Snapdragon 888,2712x1220,6.5,AMOLED,50MP+8MP+2MP,16MP,4700,67W,6,128,Yes,Yes,USB-C 2.0,185,349,Public specifications
Mi 10 97,Xiaomi,2019,Android 14,Snapdragon 8 Gen 1,3088x1440,5.92,LTPO AMOLED,48MP+12MP+12MP,32MP,4900,45W+15W wireless,16,512,Yes,Yes,USB-C 3.2,200,1199,Public specifications
Moto E40 38s,Motorola,2021,Android 12,Snapdragon 480,2400x1080,6.65,IPS LCD,13MP+5MP,5MP,4500,10W,4,128,No,No,USB-C 2.0,203,149,Public specifications
C15 89+,Realme,2020,Android 10,Unisoc T606,1600x720,6.56,IPS LCD,13MP+5MP,8MP,5000,10W,4,64,No,No,USB-C 2.0,173,129,Public specifications
Magic 4 76 Ultra,Honor,2024,Android 13,Google Tensor G3,2992x1344,6.8,LTPO AMOLED,50MP+50MP+64MP,12MP,4700,120W+50W wireless,16,256,Yes,Yes,USB-C 3.2,242,1099,Public specifications
Nord CE 2 11 5G,OnePlus,2024,Android 13,Exynos 1280,2400x1080,6.4,pOLED,64MP+12MP+5MP,32MP,4800,65W,8,256,Yes,Yes,USB-C 2.0,192,499,Public specifications
X8 48 SE,Honor,2020,Android 13,Helio G96,2340x1080,6.7,IPS LCD,50MP+8MP+5MP,13MP,4600,30W,8,128,Yes,Yes,USB-C 2.0,190,299,Public specifications
iQOO Z6 4 SE,iQOO,2023,Android 12,Snapdragon 720G,2400x1080,6.74,AMOLED,48MP+5MP+2MP,13MP,4600,30W,6,128,Yes,Yes,USB-C 2.0,196,249,Public specifications
iPhone 13 47 Ultra,Apple,2020,iOS 17,Google Tensor G3,2992x1344,6.8,LTPO AMOLED,50MP+50MP+50MP,32MP,4422,27W+15W MagSafe,12,256,Yes,Yes,Lightning,209,799,Public specifications
Redmi Note 13 68 5G,Xiaomi,2021,Android 12,Exynos 1380,2400x1080,6.78,pOLED,50MP+8MP+2MP,12MP,4500,100W,6,128,Yes,Yes,USB-C 2.0,210,349,Public specifications
Edge 30 22 Ultra,Motorola,2023,Android 12,Snapdragon 888,2400x1080,6.7,pOLED,64MP+8MP+2MP,20MP,4600,65W,6,128,Yes,Yes,USB-C 2.0,200,349,Public specifications
Y12 34,Vivo,2022,Android 10,Unisoc T606,1560x720,6.52,IPS LCD,50MP+2MP+2MP,5MP,4500,10W,4,64,No,No,USB-C 2.0,201,129,Public specifications
Blade V40 93s,ZTE,2024,Android 11,Dimensity 7200,2340x1080,6.7,IPS LCD,50MP+8MP+5MP,16MP,5000,44W,4,128,Yes,Yes,USB-C 2.0,199,229,Public specifications
Nord N1 60 Plus,OnePlus,2024,Android 12,Snapdragon 750G,2340x1080,6.67,AMOLED,50MP+2MP+2MP,13MP,5000,44W,8,128,Yes,Yes,USB-C 2.0,175,299,Public specifications
Moto G20 12s,Motorola,2019,Android 11,Helio G85,1600x720,6.65,IPS LCD,50MP+2MP+2MP,5MP,5000,15W,4,64,No,No,USB-C 2.0,170,129,Public specifications
Blade V40 64,ZTE,2024,Android 13,Dimensity 7050,2340x1080,6.72,IPS LCD,108MP+2MP+2MP,16MP,5000,18W,6,64,Yes,Yes,USB-C 2.0,204,199,Public specifications
TCL 50 2 SE,TCL,2021,Android 13,Snapdragon 720G,2340x1080,6.74,IPS LCD,64MP+8MP+2MP,16MP,5000,44W,4,128,Yes,Yes,USB-C 2.0,185,229,Public specifications
Blade A7 88 SE,ZTE,2020,Android 13,Snapdragon 695,2412x1080,6.6,AMOLED,50MP+2MP+2MP,16MP,5000,44W,4,128,Yes,Yes,USB-C 2.0,174,229,Public specifications
Find X7 7 Max,Oppo,2020,Android 14,Kirin 9010,3200x1440,5.92,LTPO AMOLED,200MP+12MP+10MP+10MP,32MP,5000,45W+15W wireless,16,256,Yes,Yes,USB-C 3.2,238,1099,Public specifications
C55 39 Neo,Realme,2022,Android 11,Helio A22,1600x720,6.65,PLS LCD,13MP+5MP,8MP,4500,10W,2,32,No,No,USB-C 2.0,178,59,Public specifications
Moto G10 5 Neo,Motorola,2023,Android 12,Snapdragon 632,1560x720,6.5,IPS LCD,8MP+2MP,5MP,5000,15W,4,128,No,No,USB-C 2.0,194,149,Public specifications
Nokia 8 14,Nokia,2022,Android 12,Dimensity 7200,2340x1080,6.5,IPS LCD,50MP+8MP+2MP,16MP,4500,33W,6,128,Yes,Yes,USB-C 2.0,201,249,Public specifications
Pixel 9 53+,Google,2022,Android 13,Kirin 9010,3088x1440,6.8,LTPO AMOLED,200MP+12MP+10MP+10MP,16MP,4700,120W+50W wireless,12,512,Yes,Yes,USB-C 3.2,208,999,Public specifications
Moto G30 24 Plus,Motorola,2020,Android 11,Snapdragon 450,1600x720,6.52,PLS LCD,13MP+2MP,5MP,4500,10W,6,64,No,No,USB-C 2.0,187,169,Public specifications
Blade V40 46 Lite,ZTE,2024,Android 11,Snapdragon 690,2400x1080,6.7,IPS LCD,48MP+5MP+2MP,13MP,5000,25W,6,64,Yes,Yes,USB-C 2.0,191,199,Public specifications
U23 Pro 86 Lite,HTC,2022,Android 12,Dimensity 1300,2400x1080,6.7,Super AMOLED,108MP+8MP+2MP,16MP,5000,67W,12,512,Yes,Yes,USB-C 2.0,183,699,Public specifications
Nokia X3 17+,Nokia,2024,Android 13,Snapdragon 7 Gen 1,2400x1080,6.4,AMOLED,64MP+8MP+2MP,32MP,4500,100W,6,128,Yes,Yes,USB-C 2.0,190,349,Public specifications
Galaxy F0 77,Samsung,2022,Android 13,Snapdragon 680,2400x1080,6.75,IPS LCD,50MP+2MP,8MP,4900,10W,4,64,No,No,USB-C 2.0,180,99,Public specifications
90 66 Pro,Honor,2020,Android 14,Snapdragon 870,2712x1220,6.74,AMOLED,50MP+50MP+8MP,16MP,4600,65W,12,256,Yes,Yes,USB-C 2.0,202,599,Public specifications
Pixel 6 90 Plus,Google,2019,Android 14,Apple A16,2992x1344,6.8,LTPO AMOLED,200MP+12MP+10MP+10MP,10.5MP,5000,45W+15W wireless,12,512,Yes,Yes,USB-C 3.2,202,999,Public specifications
Pixel 8 3 SE,Google,2024,Android 11,Apple A15,3088x1440,6.7,LTPO AMOLED,50MP+48MP+48MP,50MP,4610,90W+50W wireless,8,256,Yes,Yes,USB-C 3.2,225,699,Public specifications
Xperia 1 55 Neo,Sony,2021,Android 14,Snapdragon 8 Gen 2,2556x1179,6.1,OLED,50MP+50MP+64MP,16MP,4422,27W+15W MagSafe,16,256,Yes,Yes,USB-C 3.2,208,1099,Public specifications
Moto G100 32 Ultra,Motorola,2021,Android 13,Snapdragon 7 Gen 3,2772x1240,6.5,AMOLED,50MP+8MP+2MP,16MP,4600,80W,12,256,Yes,Yes,USB-C 2.0,205,599,Public specifications
Edge 30 24 5G,Motorola,2019,Android 13,Dimensity 1300,2712x1220,6.74,AMOLED,108MP+8MP+2MP,20MP,4600,80W,8,128,Yes,Yes,USB-C 2.0,210,399,Public specifications
iQOO Neo 9 47 Ultra,iQOO,2021,Android 13,Google Tensor G2,2412x1080,6.74,AMOLED,50MP+32MP+12MP,12MP,4500,100W,8,256,Yes,Yes,USB-C 2.0,188,499,Public specifications
Nova 6 14 Pro,Huawei,2020,Android 10,Helio G96,2340x1080,6.74,IPS LCD,108MP+2MP+2MP,13MP,5000,33W,4,128,Yes,Yes,USB-C 2.0,182,229,Public specifications
TCL L10 10 Plus,TCL,2024,Android 10,Unisoc T616,1600x720,6.65,PLS LCD,50MP+2MP,5MP,6000,10W,4,64,No,No,USB-C 2.0,174,129,Public specifications
Galaxy A2 54 Plus,Samsung,2024,Android 11,Helio G90T,2340x1080,6.7,AMOLED,50MP+8MP+5MP,13MP,4500,33W,8,256,Yes,Yes,USB-C 2.0,177,349,Public specifications
X100 54 Plus,Vivo,2023,Android 14,Snapdragon 8 Gen 3,2992x1344,6.1,LTPO AMOLED,48MP+12MP+12MP,16MP,4900,45W+15W wireless,16,256,Yes,Yes,USB-C 3.2,188,1099,Public specifications
iQOO Z5 95 Max,iQOO,2023,Android 11,Dimensity 1080,2340x1080,6.7,IPS LCD,108MP+2MP+2MP,13MP,5000,33W,8,128,Yes,Yes,USB-C 2.0,194,299,Public specifications
P50 78 5G,Huawei,2019,HarmonyOS 3,Apple A15,2992x1344,5.92,LTPO AMOLED,50MP+48MP+48MP,10.5MP,5050,30W+23W wireless,8,256,Yes,Yes,USB-C 3.2,241,699,Public specifications
iQOO Z5 65 Plus,iQOO,2019,Android 12,Snapdragon 750G,2340x1080,6.72,AMOLED,50MP+8MP+5MP,16MP,4500,33W,8,256,Yes,Yes,USB-C 2.0,180,349,Public specifications
Xperia 1 38,Sony,2023,Android 13,Apple A17 Pro,2796x1290,6.2,LTPO OLED,200MP+12MP+10MP+10MP,32MP,4422,27W+15W MagSafe,12,512,Yes,Yes,USB-C 3.2,192,999,Public specifications
Galaxy Z Flip 78 Ultra,Samsung,2021,Android 14,Dimensity 9300,3088x1440,6.82,LTPO AMOLED,48MP+12MP+12MP,16MP,4900,45W+15W wireless,16,512,Yes,Yes,USB-C 3.2,205,1199,Public specifications
Galaxy A0 29 5G,Samsung,2022,Android 12,Helio G80,1600x720,6.72,PLS LCD,13MP+2MP,8MP,4500,10W,2,32,No,No,USB-C 2.0,206,59,Public specifications
Razr 40 57 Lite,Motorola,2020,Android 13,Dimensity 9300,2796x1290,6.8,LTPO OLED,50MP+50MP+50MP,12MP,4610,90W+50W wireless,12,512,Yes,Yes,USB-C 3.2,231,999,Public specifications
Axon 40 19 Neo,ZTE,2023,Android 13,Snapdragon 7 Gen 1,2400x1080,6.5,pOLED,64MP+8MP+2MP,16MP,4700,67W,8,256,Yes,Yes,USB-C 2.0,206,499,Public specifications
Axon 50 3 5G,ZTE,2019,Android 13,Snapdragon 778G,2772x1240,6.5,AMOLED,50MP+50MP+8MP,16MP,5000,80W,6,128,Yes,Yes,USB-C 2.0,184,349,Public specifications
iPhone 12 59s,Apple,2022,iOS 16,Exynos 2200,3088x1440,6.1,LTPO AMOLED,200MP+12MP+10MP+10MP,16MP,4422,27W+15W MagSafe,8,256,Yes,Yes,Lightning,209,699,Public specifications
Galaxy A5 98s,Samsung,2023,Android 12,Snapdragon 7 Gen 3,2772x1240,6.74,AMOLED,64MP+8MP+2MP,16MP,4500,100W,8,256,Yes,Yes,USB-C 2.0,175,499,Public specifications
iQOO Z7 70 Ultra,iQOO,2022,Android 11,Snapdragon 7s Gen 2,2340x1080,6.72,IPS LCD,64MP+8MP+2MP,16MP,5000,25W,6,64,Yes,Yes,USB-C 2.0,180,199,Public specifications
Moto G30 20 Lite,Motorola,2019,Android 11,Helio G88,1560x720,6.5,IPS LCD,50MP+2MP+2MP,8MP,4500,10W,3,32,No,No,USB-C 2.0,167,79,Public specifications
POCO F4 14 Plus,Xiaomi,2022,Android 13,Snapdragon 888+,2400x1080,6.5,pOLED,64MP+8MP+2MP,16MP,4700,67W,8,128,Yes,Yes,USB-C 2.0,199,399,Public specifications
OnePlus 10 29s,OnePlus,2019,Android 14,Exynos 2200,3168x1440,6.2,AMOLED,50MP+12MP+12MP,50MP,4900,45W+15W wireless,12,256,Yes,Yes,USB-C 3.2,203,799,Public specifications
Nokia G2 43+,Nokia,2021,Android 12,Helio G37,1600x720,6.65,IPS LCD,13MP+2MP,5MP,5000,10W,6,64,No,No,USB-C 2.0,203,169,Public specifications
Razr 40 1 Pro,Motorola,2019,Android 13,Apple A17 Pro,2796x1290,6.1,LTPO OLED,200MP+12MP+10MP+10MP,50MP,5000,100W,16,512,Yes,Yes,USB-C 3.2,221,1199,Public specifications
X80 12 Ultra,Vivo,2022,Android 13,Apple A17 Pro,2992x1344,6.8,LTPO AMOLED,50MP+50MP+64MP,32MP,5400,100W+50W wireless,16,512,Yes,Yes,USB-C 3.2,229,1199,Public specifications
Oppo A1 43 Pro,Oppo,2023,Android 12,Snapdragon 450,1600x720,6.6,IPS LCD,13MP+5MP,5MP,4900,10W,3,32,No,No,USB-C 2.0,199,79,Public specifications
GT 2 50+,Realme,2019,Android 13,Exynos 2100,2556x1179,6.7,OLED,50MP+50MP+50MP,16MP,5000,45W+15W wireless,12,512,Yes,Yes,USB-C 3.2,198,999,Public specifications
Spark 10 72 Neo,Tecno,2022,Android 11,Helio G80,1600x720,6.56,IPS LCD,13MP+2MP,8MP,5050,18W,4,64,No,No,USB-C 2.0,174,129,Public specifications
Pova 5 32 Lite,Tecno,2024,Android 13,Snapdragon 7s Gen 2,2400x1080,6.7,IPS LCD,64MP+8MP+2MP,16MP,5000,33W,8,128,Yes,Yes,USB-C 2.0,171,299,Public specifications
TCL 40 7+,TCL,2019,Android 13,Helio G96,2412x1080,6.6,AMOLED,64MP+8MP+2MP,16MP,5100,67W,4,128,Yes,Yes,USB-C 2.0,179,229,Public specifications
Find X7 32+,Oppo,2020,Android 13,Snapdragon 8 Gen 3,2556x1179,5.92,OLED,50MP+50MP+64MP,10.5MP,4900,45W+15W wireless,16,512,Yes,Yes,USB-C 3.2,232,1199,Public specifications
Narzo 60 53 Ultra,Realme,2019,Android 12,Dimensity 1080,2340x1080,6.6,IPS LCD,64MP+2MP+2MP,13MP,4500,33W,6,128,Yes,Yes,USB-C 2.0,172,249,Public specifications
Magic 6 2 Max,Honor,2021,Android 13,Exynos 2100,3168x1440,6.82,AMOLED,108MP+12MP+10MP+10MP,12MP,4700,120W+50W wireless,8,256,Yes,Yes,USB-C 3.2,230,699,Public specifications
Xperia 5 35+,Sony,2020,Android 13,Exynos 2200,2992x1344,6.8,LTPO AMOLED,50MP+50MP+50MP,50MP,4422,27W+15W MagSafe,12,512,Yes,Yes,USB-C 3.2,237,999,Public specifications
Blade A7 10 Neo,ZTE,2019,Android 13,Dimensity 1080,2340x1080,6.6,AMOLED,64MP+2MP+2MP,16MP,5100,67W,6,64,Yes,Yes,USB-C 2.0,193,199,Public specifications
Phone 2a 35+,Nothing,2020,Android 13,Snapdragon 7 Gen 1,2400x1080,6.4,AMOLED,108MP+8MP+2MP,12MP,4600,65W,12,256,Yes,Yes,USB-C 2.0,193,599,Public specifications
OnePlus Nord 3 28 SE,OnePlus,2021,Android 12,Snapdragon 7 Gen 3,2712x1220,6.5,AMOLED,64MP+8MP+2MP,12MP,4700,67W,8,128,Yes,Yes,USB-C 2.0,180,399,Public specifications
Nova 11 6,Huawei,2023,HarmonyOS 2,Dimensity 8200,2400x1080,6.67,AMOLED,108MP+8MP+2MP,16MP,4500,100W,12,256,Yes,Yes,USB-C 2.0,187,599,Public specifications
Nokia X3 17s,Nokia,2020,Android 13,Snapdragon 7 Gen 1,2712x1220,6.78,AMOLED,50MP+12MP+10MP,12MP,4600,80W,6,128,Yes,Yes,USB-C 2.0,176,349,Public specifications
Hot 40 19 Pro,Infinix,2022,Android 14,Dimensity 920,2412x1080,6.67,AMOLED,64MP+2MP+2MP,13MP,5000,44W,4,128,Yes,Yes,USB-C 2.0,178,229,Public specifications
Nokia 8 80 Max,Nokia,2023,Android 12,Snapdragon 695,2340x1080,6.72,IPS LCD,50MP+8MP+5MP,16MP,5000,25W,8,128,Yes,Yes,USB-C 2.0,174,299,Public specifications
OnePlus 8 13,OnePlus,2020,Android 14,Apple A17 Pro,2796x1290,6.7,LTPO OLED,50MP+12MP+12MP,50MP,5000,45W+15W wireless,16,512,Yes,Yes,USB-C 3.2,244,1199,Public specifications
Moto G73 36 SE,Motorola,2022,Android 11,Dimensity 7200,2340x1080,6.67,AMOLED,64MP+8MP+2MP,13MP,5000,25W,6,64,Yes,Yes,USB-C 2.0,186,199,Public specifications
iQOO 11 16 SE,iQOO,2024,Android 13,Kirin 9010,3088x1440,6.82,LTPO AMOLED,50MP+48MP+12MP,32MP,4610,90W+50W wireless,16,512,Yes,Yes,USB-C 3.2,193,1199,Public specifications
V23 80 Ultra,Vivo,2024,Android 14,Dimensity 8200,2400x1080,6.6,AMOLED,64MP+12MP+5MP,16MP,4800,65W,12,512,Yes,Yes,USB-C 2.0,177,699,Public specifications
90 Pro 32 Plus,Honor,2023,Android 14,Snapdragon 7 Gen 3,2772x1240,6.5,AMOLED,50MP+50MP+8MP,16MP,4500,100W,12,512,Yes,Yes,USB-C 2.0,200,699,Public specifications
Spark 10 50 Neo,Tecno,2022,Android 10,Unisoc T606,1600x720,6.65,IPS LCD,50MP+2MP,5MP,4900,10W,2,32,No,No,USB-C 2.0,171,59,Public specifications
Xiaomi 13 51 Max,Xiaomi,2022,Android 13,Apple A15,3200x1440,6.82,LTPO AMOLED,50MP+48MP+12MP,12MP,5400,100W+50W wireless,16,256,Yes,Yes,USB-C 3.2,198,1099,Public specifications
TCL 30 15 5G,TCL,2020,Android 13,Dimensity 1080,2400x1080,6.74,AMOLED,108MP+2MP+2MP,16MP,5000,18W,8,128,Yes,Yes,USB-C 2.0,190,299,Public specifications
Nova 11 8 Ultra,Huawei,2019,HarmonyOS 2,Snapdragon 888,2400x1080,6.78,pOLED,50MP+12MP+10MP,32MP,4600,80W,8,256,Yes,Yes,USB-C 2.0,202,499,Public specifications
Moto G100 11 Pro,Motorola,2022,Android 12,Snapdragon 7 Gen 1,2712x1220,6.78,AMOLED,50MP+12MP+10MP,16MP,4500,100W,12,512,Yes,Yes,USB-C 2.0,208,699,Public specifications
Pixel 6a 7+,Google,2022,Android 13,Dimensity 7050,2340x1080,6.67,AMOLED,50MP+8MP+5MP,8MP,5000,25W,8,128,Yes,Yes,USB-C 2.0,200,299,Public specifications
Y12 21 Max,Vivo,2023,Android 12,Helio G37,1600x720,6.65,IPS LCD,13MP+2MP+2MP,5MP,6000,10W,4,64,No,No,USB-C 2.0,177,99,Public specifications
iPhone SE 79 Pro,Apple,2022,iOS 13,Dimensity 9300,3168x1440,6.2,AMOLED,50MP+48MP+12MP,12MP,4900,45W+15W wireless,16,512,Yes,Yes,Lightning,240,1199,Public specifications
Nokia XR 34 Plus,Nokia,2023,Android 13,Google Tensor G2,2400x1080,6.74,AMOLED,50MP+12MP+10MP,32MP,5000,80W,12,512,Yes,Yes,USB-C 2.0,181,699,Public specifications
Galaxy A2 25 Max,Samsung,2021,Android 13,Helio G90T,2412x1080,6.6,AMOLED,50MP+8MP+5MP,16MP,4600,30W,6,64,Yes,Yes,USB-C 2.0,183,199,Public specifications
Pixel 4 48 Ultra,Google,2022,Android 14,Snapdragon 8 Gen 3,2796x1290,5.92,LTPO OLED,48MP+12MP+12MP,12MP,5000,45W+15W wireless,16,512,Yes,Yes,USB-C 3.2,211,1199,Public specifications
Oppo A3 70 Max,Oppo,2020,Android 11,Snapdragon 480,1600x720,6.56,PLS LCD,13MP+2MP,5MP,4900,10W,6,64,No,No,USB-C 2.0,200,169,Public specifications
Magic 6 49 5G,Honor,2019,Android 14,Exynos 2100,3168x1440,6.1,AMOLED,48MP+12MP+12MP,16MP,5000,45W+15W wireless,12,256,Yes,Yes,USB-C 3.2,226,799,Public specifications
Galaxy F5 64 SE,Samsung,2019,Android 12,Dimensity 1200,2400x1080,6.78,AMOLED,64MP+12MP+5MP,16MP,4800,65W,6,128,Yes,Yes,USB-C 2.0,193,349,Public specifications
Spark 8 29 Neo,Tecno,2021,Android 10,Snapdragon 480,2400x1080,6.5,IPS LCD,13MP+2MP,5MP,6000,10W,6,64,No,No,USB-C 2.0,194,169,Public specifications
Oppo A1 95 Max,Oppo,2024,Android 12,Helio G88,1600x720,6.56,PLS LCD,8MP+2MP,5MP,5000,18W,4,128,No,No,USB-C 2.0,181,149,Public specifications
Moto G20 31,Motorola,2021,Android 12,Snapdragon 632,2400x1080,6.75,IPS LCD,13MP+2MP,8MP,5000,15W,4,64,No,No,USB-C 2.0,198,129,Public specifications
Hot 20 22 SE,Infinix,2022,Android 11,Snapdragon 680,1612x720,6.72,IPS LCD,13MP+2MP+2MP,5MP,5000,10W,3,32,No,No,USB-C 2.0,168,79,Public specifications
Hot 40 17s,Infinix,2022,Android 13,Dimensity 7050,2340x1080,6.6,IPS LCD,50MP+8MP+2MP,16MP,4500,33W,4,128,Yes,Yes,USB-C 2.0,184,229,Public specifications
Xiaomi Civi 65+,Xiaomi,2023,Android 12,Exynos 1280,2412x1080,6.78,AMOLED,50MP+50MP+8MP,16MP,4600,65W,12,256,Yes,Yes,USB-C 2.0,185,599,Public specifications
Nokia XR 12,Nokia,2024,Android 12,Dimensity 8100,2400x1080,6.7,AMOLED,64MP+12MP+5MP,12MP,4700,67W,8,128,Yes,Yes,USB-C 2.0,209,399,Public specifications
Mi 10 4 Pro,Xiaomi,2020,Android 14,Kirin 9000S,3168x1440,6.7,AMOLED,50MP+48MP+12MP,10.5MP,5050,30W+23W wireless,12,512,Yes,Yes,USB-C 3.2,219,999,Public specifications
Camon 20 99 5G,Tecno,2023,Android 13,Helio G96,2400x1080,6.74,AMOLED,48MP+5MP+2MP,13MP,5000,25W,6,128,Yes,Yes,USB-C 2.0,176,249,Public specifications
POCO M5 16+,Xiaomi,2021,Android 13,Snapdragon 732G,2340x1080,6.7,AMOLED,48MP+5MP+2MP,16MP,5000,33W,6,128,Yes,Yes,USB-C 2.0,183,249,Public specifications
Reno 7 3 Max,Oppo,2021,Android 12,Snapdragon 690,2400x1080,6.7,IPS LCD,64MP+2MP+2MP,13MP,5000,25W,6,64,Yes,Yes,USB-C 2.0,210,199,Public specifications
V25 39,Vivo,2021,Android 12,Snapdragon 778G,2400x1080,6.4,Super AMOLED,50MP+32MP+12MP,12MP,4600,65W,8,128,Yes,Yes,USB-C 2.0,197,399,Public specifications
Y12 70,Vivo,2019,Android 12,Helio G80,1560x720,6.65,IPS LCD,50MP+2MP+2MP,8MP,5000,15W,4,64,No,No,USB-C 2.0,199,129,Public specifications
Galaxy A7 47+,Samsung,2024,Android 12,Snapdragon 870,2400x1080,6.74,AMOLED,108MP+8MP+2MP,32MP,4700,67W,8,128,Yes,Yes,USB-C 2.0,183,399,Public specifications
Moto G100 26+,Motorola,2023,Android 13,Dimensity 8200,2400x1080,6.67,Super AMOLED,50MP+32MP+12MP,20MP,5000,67W,12,512,Yes,Yes,USB-C 2.0,200,699,Public specifications
Pixel 7 26s,Google,2024,Android 13,Google Tensor G3,3200x1440,6.2,LTPO AMOLED,50MP+12MP+12MP,12MP,4700,120W+50W wireless,12,512,Yes,Yes,USB-C 3.2,216,999,Public specifications
X70 77 5G,Vivo,2023,Android 14,Dimensity 9300,2556x1179,6.2,OLED,50MP+12MP+12MP,12MP,4610,90W+50W wireless,16,512,Yes,Yes,USB-C 3.2,207,1199,Public specifications
Find X8 22,Oppo,2019,Android 14,Google Tensor G3,2556x1179,6.1,OLED,50MP+50MP+64MP,32MP,5400,100W+50W wireless,16,512,Yes,Yes,USB-C 3.2,196,1199,Public specifications
Note 30 24 Ultra,Infinix,2019,Android 13,Snapdragon 720G,2400x1080,6.67,AMOLED,50MP+8MP+2MP,8MP,4500,33W,8,128,Yes,Yes,USB-C 2.0,170,299,Public specifications
Nokia G6 92 Ultra,Nokia,2022,Android 12,Snapdragon 870,2400x1080,6.4,pOLED,50MP+32MP+12MP,20MP,4700,67W,6,128,Yes,Yes,USB-C 2.0,193,349,Public specifications
Magic 6 14 Plus,Honor,2021,Android 13,Google Tensor G3,3168x1440,6.7,AMOLED,50MP+12MP+12MP,12MP,4610,90W+50W wireless,16,512,Yes,Yes,USB-C 3.2,197,1199,Public specifications
Pixel 9 64,Google,2021,Android 11,Google Tensor G3,3200x1440,6.82,LTPO AMOLED,50MP+12MP+12MP,12MP,5000,100W,12,512,Yes,Yes,USB-C 3.2,222,999,Public specifications
Reno 10 3 5G,Oppo,2020,Android 14,Snapdragon 7 Gen 3,2400x1080,6.6,Super AMOLED,50MP+50MP+8MP,12MP,4600,80W,12,512,Yes,Yes,USB-C 2.0,200,699,Public specifications
Galaxy M2 6 Ultra,Samsung,2021,Android 13,Helio G96,2400x1080,6.74,AMOLED,64MP+8MP+2MP,16MP,5000,33W,6,64,Yes,Yes,USB-C 2.0,187,199,Public specifications
Nokia X3 11 Plus,Nokia,2024,Android 13,Snapdragon 888,2712x1220,6.6,AMOLED,50MP+12MP+10MP,12MP,4600,80W,12,512,Yes,Yes,USB-C 2.0,204,699,Public specifications
GT 2 48 SE,Realme,2021,Android 13,Snapdragon 8+ Gen 1,3088x1440,6.1,LTPO AMOLED,50MP+50MP+50MP,12MP,4422,27W+15W MagSafe,12,512,Yes,Yes,USB-C 3.2,240,999,Public specifications
TCL 30 29 Pro,TCL,2024,Android 13,Snapdragon 690,2400x1080,6.5,IPS LCD,64MP+2MP+2MP,8MP,5100,67W,4,128,Yes,Yes,USB-C 2.0,173,229,Public specifications
Edge 50 7 5G,Motorola,2020,Android 13,Snapdragon 8 Gen 1,2796x1290,5.92,LTPO OLED,50MP+48MP+12MP,16MP,4610,90W+50W wireless,16,256,Yes,Yes,USB-C 3.2,244,1099,Public specifications
Redmi A1 17 Ultra,Xiaomi,2019,Android 10,Snapdragon 439,1612x720,6.72,IPS LCD,8MP+2MP,5MP,4500,10W,6,64,No,No,USB-C 2.0,198,169,Public specifications
8 Pro 62s,Realme,2021,Android 13,Dimensity 1080,2340x1080,6.67,AMOLED,48MP+5MP+2MP,16MP,5000,25W,6,128,Yes,Yes,USB-C 2.0,175,249,Public specifications
Nokia 5 85s,Nokia,2020,Android 10,Exynos 850,1612x720,6.5,IPS LCD,50MP+2MP+2MP,8MP,5000,15W,6,64,No,No,USB-C 2.0,165,169,Public specifications
ROG Phone 7 50 Lite,Asus,2022,Android 14,Kirin 9010,3088x1440,5.92,LTPO AMOLED,50MP+48MP+12MP,10.5MP,5400,100W+50W wireless,16,256,Yes,Yes,USB-C 3.2,226,1099,Public specifications
OnePlus 8 17 Lite,OnePlus,2019,Android 13,Dimensity 9200,3200x1440,6.2,LTPO AMOLED,108MP+12MP+10MP+10MP,12MP,5050,30W+23W wireless,16,512,Yes,Yes,USB-C 3.2,202,1199,Public specifications
X90 74s,Vivo,2022,Android 14,Snapdragon 8+ Gen 1,2992x1344,6.1,LTPO AMOLED,108MP+12MP+10MP+10MP,12MP,5000,45W+15W wireless,12,512,Yes,Yes,USB-C 3.2,196,999,Public specifications
Edge 30 85 Plus,Motorola,2022,Android 13,Dimensity 1300,2712x1220,6.6,AMOLED,108MP+8MP+2MP,16MP,4800,65W,8,128,Yes,Yes,USB-C 2.0,188,399,Public specifications
OnePlus 9 66 Ultra,OnePlus,2022,Android 14,Snapdragon 8 Gen 2,3200x1440,5.92,LTPO AMOLED,48MP+12MP+12MP,32MP,5000,45W+15W wireless,12,256,Yes,Yes,USB-C 3.2,231,799,Public specifications
X90 25 Max,Vivo,2019,Android 14,Apple A16,2556x1179,6.8,OLED,48MP+12MP+12MP,12MP,5000,100W,8,256,Yes,Yes,USB-C 3.2,228,699,Public specifications
Galaxy M0 29+,Samsung,2019,Android 10,Helio G88,1600x720,6.65,IPS LCD,13MP+2MP+2MP,8MP,5000,10W,4,64,No,No,USB-C 2.0,182,99,Public specifications
Xperia Pro 51 Max,Sony,2021,Android 14,Snapdragon 8+ Gen 1,2992x1344,6.2,LTPO AMOLED,48MP+12MP+12MP,50MP,5050,30W+23W wireless,12,512,Yes,Yes,USB-C 3.2,225,999,Public specifications
Moto G50 37,Motorola,2020,Android 13,Snapdragon 690,2400x1080,6.74,IPS LCD,108MP+2MP+2MP,13MP,5000,18W,8,256,Yes,Yes,USB-C 2.0,180,349,Public specifications
Nokia G6 22 Pro,Nokia,2021,Android 12,Dimensity 8200,2400x1080,6.67,pOLED,64MP+8MP+2MP,16MP,5000,80W,12,512,Yes,Yes,USB-C 2.0,176,699,Public specifications
Nord CE 22s,OnePlus,2022,Android 11,Snapdragon 4 Gen 1,2400x1080,6.5,AMOLED,108MP+2MP+2MP,8MP,5000,18W,4,128,Yes,Yes,USB-C 2.0,185,229,Public specifications
Y55 3 SE,Vivo,2020,Android 10,Unisoc T606,1600x720,6.52,PLS LCD,8MP+2MP,5MP,5000,18W,3,32,No,No,USB-C 2.0,171,79,Public specifications
POCO F5 43 Neo,Xiaomi,2021,Android 14,Dimensity 1300,2400x1080,6.6,Super AMOLED,108MP+8MP+2MP,12MP,4500,100W,12,512,Yes,Yes,USB-C 2.0,204,699,Public specifications
Galaxy Z Flip 91 Ultra,Samsung,2020,Android 13,Kirin 9010,3088x1440,6.8,LTPO AMOLED,48MP+12MP+12MP,16MP,4422,27W+15W MagSafe,12,512,Yes,Yes,USB-C 3.2,227,999,Public specifications
OnePlus 10 4 Lite,OnePlus,2024,Android 14,Exynos 2100,2796x1290,6.8,LTPO OLED,50MP+50MP+50MP,16MP,5000,45W+15W wireless,12,512,Yes,Yes,USB-C 3.2,191,999,Public specifications
Moto G72 34s,Motorola,2020,Android 12,Dimensity 8200,2712x1220,6.6,AMOLED,50MP+12MP+10MP,12MP,5000,67W,12,256,Yes,Yes,USB-C 2.0,177,599,Public specifications
P30 Lite 79+,Huawei,2022,HarmonyOS 2,Dimensity 7050,2400x1080,6.5,IPS LCD,108MP+2MP+2MP,8MP,4500,33W,6,128,Yes,Yes,USB-C 2.0,179,249,Public specifications
V20 38 SE,Vivo,2021,Android 13,Dimensity 920,2340x1080,6.5,IPS LCD,50MP+8MP+2MP,8MP,5000,18W,8,256,Yes,Yes,USB-C 2.0,170,349,Public specifications
V21 37 SE,Vivo,2024,Android 11,Snapdragon 690,2400x1080,6.67,AMOLED,50MP+2MP+2MP,8MP,5000,33W,6,64,Yes,Yes,USB-C 2.0,170,199,Public specifications
Galaxy F0 45 5G,Samsung,2020,Android 11,Snapdragon 450,1560x720,6.56,IPS LCD,50MP+2MP+2MP,5MP,5000,15W,2,32,No,No,USB-C 2.0,177,59,Public specifications
X100 29,Vivo,2019,Android 14,Kirin 9010,2796x1290,6.8,LTPO OLED,50MP+50MP+50MP,16MP,4610,90W+50W wireless,16,512,Yes,Yes,USB-C 3.2,242,1199,Public specifications
Edge 40 23 SE,Motorola,2020,Android 14,Exynos 2100,3168x1440,6.7,AMOLED,50MP+48MP+12MP,12MP,4900,45W+15W wireless,12,512,Yes,Yes,USB-C 3.2,211,999,Public specifications
Mate 60 40+,Huawei,2019,HarmonyOS 3,Google Tensor G4,2556x1179,6.8,OLED,108MP+12MP+10MP+10MP,12MP,4900,45W+15W wireless,16,512,Yes,Yes,USB-C 3.2,193,1199,Public specifications
Narzo 50 41 Plus,Realme,2022,Android 13,Helio G96,2340x1080,6.7,IPS LCD,48MP+5MP+2MP,16MP,4500,33W,6,64,Yes,Yes,USB-C 2.0,196,199,Public specifications
V21 4 Max,Vivo,2023,Android 13,Snapdragon 690,2400x1080,6.72,IPS LCD,108MP+2MP+2MP,8MP,5100,67W,8,128,Yes,Yes,USB-C 2.0,193,299,Public specifications
Redmi A2 7 Max,Xiaomi,2019,Android 12,Helio G80,2400x1080,6.6,IPS LCD,50MP+2MP+2MP,8MP,4900,10W,3,32,No,No,USB-C 2.0,170,79,Public specifications
Galaxy F0 43 SE,Samsung,2019,Android 10,Helio G85,1600x720,6.75,PLS LCD,13MP+2MP+2MP,5MP,4500,10W,4,128,No,No,USB-C 2.0,172,149,Public specifications
Blade A7 66,ZTE,2020,Android 13,Helio G90T,2400x1080,6.6,IPS LCD,108MP+2MP+2MP,16MP,4600,30W,6,64,Yes,Yes,USB-C 2.0,210,199,Public specifications
Camon 19 81 5G,Tecno,2019,Android 11,Exynos 850,1600x720,6.52,IPS LCD,8MP+2MP,5MP,5000,18W,2,32,No,No,USB-C 2.0,169,59,Public specifications
Galaxy Z Fold 16 Plus,Samsung,2022,Android 14,Snapdragon 8+ Gen 1,2992x1344,6.82,LTPO AMOLED,50MP+50MP+50MP,12MP,5000,100W,12,256,Yes,Yes,USB-C 3.2,210,799,Public specifications
Galaxy A0 52 Neo,Samsung,2022,Android 12,Helio G80,1612x720,6.72,IPS LCD,8MP+2MP,8MP,6000,10W,3,32,No,No,USB-C 2.0,207,79,Public specifications
90 Pro 19s,Honor,2024,Android 13,Snapdragon 7 Gen 3,2772x1240,6.74,AMOLED,64MP+8MP+2MP,32MP,4700,67W,6,128,Yes,Yes,USB-C 2.0,209,349,Public specifications
Pixel 6 38 5G,Google,2024,Android 11,Snapdragon 8+ Gen 1,2556x1179,6.8,OLED,108MP+12MP+10MP+10MP,32MP,4700,120W+50W wireless,16,512,Yes,Yes,USB-C 3.2,236,1199,Public specifications
POCO X6 55 Pro,Xiaomi,2023,Android 13,Snapdragon 7 Gen 3,2712x1220,6.4,AMOLED,50MP+12MP+10MP,16MP,4800,65W,12,512,Yes,Yes,USB-C 2.0,194,699,Public specifications
Galaxy M3 85 SE,Samsung,2019,Android 13,Dimensity 1080,2400x1080,6.67,AMOLED,48MP+5MP+2MP,16MP,5000,18W,6,64,Yes,Yes,USB-C 2.0,180,199,Public specifications
Nokia 5 27 Ultra,Nokia,2024,Android 12,Snapdragon 632,1600x720,6.52,IPS LCD,13MP+2MP+2MP,5MP,5000,18W,4,64,No,No,USB-C 2.0,174,99,Public specifications
Nokia 3 73 Ultra,Nokia,2022,Android 12,Snapdragon 662,1600x720,6.56,IPS LCD,8MP+2MP,5MP,5050,18W,2,32,No,No,USB-C 2.0,169,59,Public specifications
Pova 5 49 Neo,Tecno,2023,Android 13,Helio G99,2340x1080,6.74,IPS LCD,50MP+8MP+2MP,13MP,5000,44W,4,128,Yes,Yes,USB-C 2.0,186,229,Public specifications
POCO C4 75 SE,Xiaomi,2020,Android 12,Snapdragon 439,2400x1080,6.52,IPS LCD,13MP+2MP,8MP,5000,15W,2,32,No,No,USB-C 2.0,171,59,Public specifications
ROG Phone 8 87 Neo,Asus,2019,Android 14,Dimensity 9300,2992x1344,6.8,LTPO AMOLED,50MP+50MP+50MP,12MP,4900,45W+15W wireless,16,512,Yes,Yes,USB-C 3.2,188,1199,Public specifications
70 5+,Honor,2024,Android 12,Dimensity 1300,2712x1220,6.4,AMOLED,50MP+32MP+12MP,16MP,4700,67W,12,256,Yes,Yes,USB-C 2.0,203,599,Public specifications
Reno 10 74 Plus,Oppo,2020,Android 14,Snapdragon 870,2772x1240,6.5,AMOLED,108MP+8MP+2MP,16MP,5000,67W,12,256,Yes,Yes,USB-C 2.0,185,599,Public specifications
X90 75,Vivo,2023,Android 13,Snapdragon 8+ Gen 1,2992x1344,6.8,LTPO AMOLED,50MP+48MP+48MP,10.5MP,4422,27W+15W MagSafe,16,256,Yes,Yes,USB-C 3.2,219,1099,Public specifications
Fairphone 5 24s,Fairphone,2020,Android 13,Google Tensor G2,2400x1080,6.78,Super AMOLED,64MP+12MP+5MP,12MP,5000,67W,8,256,Yes,Yes,USB-C 2.0,211,499,Public specifications
Smart 6 46 Ultra,Infinix,2022,Android 12,Unisoc T616,1560x720,6.6,IPS LCD,8MP+2MP,5MP,6000,10W,4,64,No,No,USB-C 2.0,205,99,Public specifications
Reno 11 11 Pro,Oppo,2019,Android 14,Snapdragon 888,2412x1080,6.5,AMOLED,108MP+8MP+2MP,16MP,4600,80W,12,512,Yes,Yes,USB-C 2.0,213,699,Public specifications
C25 29 5G,Realme,2019,Android 10,Snapdragon 632,1600x720,6.56,PLS LCD,48MP+2MP,8MP,5000,15W,4,64,No,No,USB-C 2.0,199,129,Public specifications
Nova 9 52 SE,Huawei,2024,HarmonyOS 2,Snapdragon 7 Gen 3,2412x1080,6.6,AMOLED,64MP+12MP+5MP,16MP,4800,65W,12,512,Yes,Yes,USB-C 2.0,176,699,Public specifications
Galaxy A3 34 Lite,Samsung,2019,Android 12,Dimensity 7200,2400x1080,6.74,AMOLED,50MP+8MP+2MP,16MP,4600,30W,8,256,Yes,Yes,USB-C 2.0,185,349,Public specifications
GT 6 45+,Realme,2024,Android 13,Exynos 2100,2556x1179,6.7,OLED,50MP+12MP+12MP,12MP,5000,100W,12,512,Yes,Yes,USB-C 3.2,187,999,Public specifications
Redmi Note 13 65 Lite,Xiaomi,2019,Android 13,Exynos 1280,2712x1220,6.4,AMOLED,50MP+12MP+10MP,16MP,4500,100W,8,256,Yes,Yes,USB-C 2.0,176,499,Public specifications
iQOO Neo 9 78 Max,iQOO,2022,Android 14,Exynos 1280,2400x1080,6.4,Super AMOLED,64MP+12MP+5MP,16MP,4800,65W,12,512,Yes,Yes,USB-C 2.0,199,699,Public specifications
TCL 50 90 Max,TCL,2021,Android 13,Dimensity 920,2400x1080,6.67,IPS LCD,64MP+8MP+2MP,16MP,5000,33W,4,128,Yes,Yes,USB-C 2.0,182,229,Public specifications
Nokia 7 31 Lite,Nokia,2019,Android 11,Snapdragon 690,2412x1080,6.72,AMOLED,64MP+8MP+2MP,16MP,5000,18W,4,128,Yes,Yes,USB-C 2.0,170,229,Public specifications
Fairphone 5 10,Fairphone,2023,Android 12,Snapdragon 778G,2400x1080,6.6,pOLED,64MP+8MP+2MP,20MP,4600,80W,12,256,Yes,Yes,USB-C 2.0,190,599,Public specifications
Moto G73 51 Neo,Motorola,2020,Android 13,Helio G96,2400x1080,6.72,AMOLED,64MP+2MP+2MP,13MP,5000,33W,8,256,Yes,Yes,USB-C 2.0,201,349,Public specifications
TCL 10 29 Neo,TCL,2023,Android 11,Exynos 850,1600x720,6.52,PLS LCD,50MP+2MP,8MP,6000,10W,2,32,No,No,USB-C 2.0,182,59,Public specifications
Nokia G6 7 Ultra,Nokia,2020,Android 12,Dimensity 8100,2400x1080,6.5,Super AMOLED,50MP+32MP+12MP,16MP,4500,100W,8,128,Yes,Yes,USB-C 2.0,208,399,Public specifications
Xperia 5 16 Ultra,Sony,2019,Android 13,Apple A17 Pro,3088x1440,6.1,LTPO AMOLED,50MP+50MP+50MP,16MP,5000,100W,16,512,Yes,Yes,USB-C 3.2,216,1199,Public specifications
Camon 20 36 SE,Tecno,2022,Android 13,Dimensity 7050,2340x1080,6.72,AMOLED,50MP+8MP+5MP,13MP,5000,33W,8,256,Yes,Yes,USB-C 2.0,201,349,Public specifications
Galaxy F5 57,Samsung,2019,Android 13,Snapdragon 870,2772x1240,6.7,AMOLED,50MP+12MP+10MP,32MP,5000,80W,12,512,Yes,Yes,USB-C 2.0,194,699,Public specifications
Galaxy M2 4 SE,Samsung,2019,Android 12,Snapdragon 4 Gen 1,2340x1080,6.6,AMOLED,50MP+8MP+5MP,8MP,5100,67W,4,128,Yes,Yes,USB-C 2.0,191,229,Public specifications
Axon 40 94,ZTE,2023,Android 13,Snapdragon 888,2400x1080,6.78,AMOLED,50MP+32MP+12MP,16MP,5000,80W,12,256,Yes,Yes,USB-C 2.0,204,599,Public specifications
X80 49 Neo,Vivo,2023,Android 13,Apple A14,2992x1344,6.2,LTPO AMOLED,50MP+48MP+48MP,32MP,4700,120W+50W wireless,12,256,Yes,Yes,USB-C 3.2,203,799,Public specifications
Nokia 7 79 5G,Nokia,2019,Android 11,Dimensity 7200,2340x1080,6.5,AMOLED,64MP+2MP+2MP,8MP,5100,67W,4,128,Yes,Yes,USB-C 2.0,189,229,Public specifications
Nova 8 23 Neo,Huawei,2022,HarmonyOS 2,Dimensity 1300,2400x1080,6.6,AMOLED,50MP+12MP+10MP,16MP,5000,67W,8,128,Yes,Yes,USB-C 2.0,215,399,Public specifications
Camon 19 8 SE,Tecno,2021,Android 11,Helio G85,1600x720,6.52,PLS LCD,13MP+2MP+2MP,8MP,5000,15W,6,64,No,No,USB-C 2.0,182,169,Public specifications
Edge 40 30s,Motorola,2024,Android 13,Apple A16,2992x1344,6.2,LTPO AMOLED,50MP+48MP+48MP,10.5MP,5000,45W+15W wireless,12,256,Yes,Yes,USB-C 3.2,217,799,Public specifications
Fairphone 4 6 Plus,Fairphone,2021,Android 13,Google Tensor G2,2772x1240,6.74,AMOLED,50MP+8MP+2MP,20MP,4500,100W,8,128,Yes,Yes,USB-C 2.0,209,399,Public specifications
TCL 20 31 Ultra,TCL,2020,Android 12,Helio G85,1600x720,6.5,IPS LCD,13MP+2MP+2MP,5MP,5000,15W,3,32,No,No,USB-C 2.0,178,79,Public specifications
Nokia G6 88 Max,Nokia,2023,Android 13,Snapdragon 7 Gen 1,2400x1080,6.6,Super AMOLED,50MP+12MP+10MP,20MP,4700,67W,8,128,Yes,Yes,USB-C 2.0,198,399,Public specifications
Nokia 7 61 5G,Nokia,2023,Android 12,Helio G99,2400x1080,6.6,AMOLED,50MP+8MP+2MP,8MP,5000,33W,8,256,Yes,Yes,USB-C 2.0,171,349,Public specifications
POCO F4 41 Plus,Xiaomi,2022,Android 12,Google Tensor G2,2400x1080,6.5,Super AMOLED,50MP+32MP+12MP,12MP,5000,80W,12,256,Yes,Yes,USB-C 2.0,212,599,Public specifications
Galaxy M3 20 Max,Samsung,2023,Android 13,Snapdragon 4 Gen 1,2340x1080,6.72,IPS LCD,64MP+8MP+2MP,13MP,5000,25W,4,128,Yes,Yes,USB-C 2.0,210,229,Public specifications
P50 94+,Huawei,2020,HarmonyOS 2,Snapdragon 8 Gen 2,2556x1179,6.7,OLED,108MP+12MP+10MP+10MP,16MP,5000,100W,16,256,Yes,Yes,USB-C 3.2,238,1099,Public specifications
Nova 8 43 Lite,Huawei,2020,HarmonyOS 3,Snapdragon 888,2712x1220,6.74,AMOLED,64MP+8MP+2MP,16MP,4500,100W,8,128,Yes,Yes,USB-C 2.0,203,399,Public specifications
Axon 40 11 Ultra,ZTE,2020,Android 13,Dimensity 1200,2412x1080,6.7,AMOLED,50MP+8MP+2MP,20MP,5000,80W,12,512,Yes,Yes,USB-C 2.0,203,699,Public specifications
iQOO Z6 73 Pro,iQOO,2020,Android 11,Dimensity 920,2400x1080,6.74,IPS LCD,50MP+8MP+5MP,16MP,5000,44W,4,128,Yes,Yes,USB-C 2.0,208,229,Public specifications
Edge 40 41+,Motorola,2024,Android 14,Snapdragon 8 Gen 1,3200x1440,6.8,LTPO AMOLED,50MP+50MP+64MP,12MP,4900,45W+15W wireless,8,256,Yes,Yes,USB-C 3.2,241,699,Public specifications
iQOO Neo 9 59,iQOO,2022,Android 12,Snapdragon 778G,2400x1080,6.74,AMOLED,50MP+12MP+10MP,20MP,4600,65W,6,128,Yes,Yes,USB-C 2.0,181,349,Public specifications
Redmi 12 4 Pro,Xiaomi,2022,Android 13,Helio G85,1612x720,6.52,IPS LCD,13MP+2MP+2MP,5MP,4900,10W,4,128,No,No,USB-C 2.0,209,149,Public specifications
Mate 60 38+,Huawei,2021,HarmonyOS 2,Dimensity 9300,2796x1290,5.92,LTPO OLED,50MP+12MP+12MP,16MP,4422,27W+15W MagSafe,12,256,Yes,Yes,USB-C 3.2,245,799,Public specifications
X60 58 Max,Vivo,2023,Android 14,Dimensity 8300,2400x1080,6.74,pOLED,64MP+12MP+5MP,32MP,5000,80W,8,256,Yes,Yes,USB-C 2.0,207,499,Public specifications
Xiaomi 13 76 SE,Xiaomi,2023,Android 13,Dimensity 9200,3168x1440,6.2,AMOLED,108MP+12MP+10MP+10MP,50MP,5400,100W+50W wireless,16,512,Yes,Yes,USB-C 3.2,231,1199,Public specifications
Nova 6 30 5G,Huawei,2023,Android 10,Dimensity 1080,2340x1080,6.72,AMOLED,64MP+8MP+2MP,13MP,4600,30W,4,128,Yes,Yes,USB-C 2.0,197,229,Public specifications
Moto G54 41 Pro,Motorola,2023,Android 12,Snapdragon 732G,2400x1080,6.67,AMOLED,50MP+8MP+5MP,16MP,5000,18W,4,128,Yes,Yes,USB-C 2.0,209,229,Public specifications
Nokia XR 37 Pro,Nokia,2021,Android 13,Snapdragon 7 Gen 1,2712x1220,6.5,AMOLED,108MP+8MP+2MP,16MP,5000,67W,8,256,Yes,Yes,USB-C 2.0,191,499,Public specifications
Magic 6 86 5G,Honor,2019,Android 13,Apple A17 Pro,3088x1440,6.82,LTPO AMOLED,50MP+50MP+50MP,12MP,4900,45W+15W wireless,12,256,Yes,Yes,USB-C 3.2,242,799,Public specifications
C15 1 Neo,Realme,2024,Android 10,Snapdragon 439,1600x720,6.6,IPS LCD,50MP+2MP,5MP,5050,18W,3,32,No,No,USB-C 2.0,193,79,Public specifications
8 Pro 38+,Realme,2021,Android 12,Helio G90T,2340x1080,6.7,IPS LCD,50MP+8MP+5MP,13MP,5000,18W,6,64,Yes,Yes,USB-C 2.0,175,199,Public specifications
Fairphone 5 94s,Fairphone,2019,Android 13,Snapdragon 7 Gen 1,2712x1220,6.74,AMOLED,50MP+50MP+8MP,16MP,5000,80W,8,256,Yes,Yes,USB-C 2.0,195,499,Public specifications
Nord CE 3 59s,OnePlus,2022,Android 13,Google Tensor G2,2412x1080,6.4,AMOLED,64MP+12MP+5MP,16MP,5000,80W,12,256,Yes,Yes,USB-C 2.0,181,599,Public specifications
TCL 10 25 Plus,TCL,2022,Android 11,Unisoc T606,1600x720,6.65,IPS LCD,13MP+2MP,8MP,5000,10W,4,64,No,No,USB-C 2.0,179,129,Public specifications
ROG Phone 6 61 Pro,Asus,2024,Android 13,Dimensity 1300,2772x1240,6.5,AMOLED,64MP+12MP+5MP,16MP,4500,100W,8,256,Yes,Yes,USB-C 2.0,180,499,Public specifications
8 Pro 56+,Realme,2022,Android 11,Dimensity 1080,2412x1080,6.5,AMOLED,108MP+2MP+2MP,16MP,5000,44W,8,128,Yes,Yes,USB-C 2.0,186,299,Public specifications
60 Pro 75 Lite,Honor,2020,Android 14,Exynos 1280,2712x1220,6.6,AMOLED,50MP+12MP+10MP,12MP,5000,80W,8,256,Yes,Yes,USB-C 2.0,193,499,Public specifications
Zenfone 10 81 Max,Asus,2021,Android 14,Dimensity 9200,2556x1179,6.1,OLED,108MP+12MP+10MP+10MP,32MP,5000,45W+15W wireless,12,512,Yes,Yes,USB-C 3.2,211,999,Public specifications
V23 85 Max,Vivo,2024,Android 12,Snapdragon 7 Gen 1,2772x1240,6.6,AMOLED,50MP+12MP+10MP,20MP,5000,80W,8,128,Yes,Yes,USB-C 2.0,200,399,Public specifications
TCL 20 63 SE,TCL,2020,Android 11,Snapdragon 680,1600x720,6.65,IPS LCD,13MP+5MP,8MP,5050,18W,4,128,No,No,USB-C 2.0,191,149,Public specifications
Galaxy F0 87 Ultra,Samsung,2019,Android 12,Snapdragon 680,2400x1080,6.56,IPS LCD,8MP+2MP,5MP,4900,10W,6,64,No,No,USB-C 2.0,182,169,Public specifications
GT 2 44s,Realme,2023,Android 13,Snapdragon 8 Gen 2,2796x1290,6.2,LTPO OLED,108MP+12MP+10MP+10MP,50MP,5050,30W+23W wireless,8,256,Yes,Yes,USB-C 3.2,198,699,Public specifications
iQOO 10 79 Ultra,iQOO,2022,Android 14,Snapdragon 778G,2412x1080,6.78,AMOLED,50MP+32MP+12MP,16MP,5000,80W,8,128,Yes,Yes,USB-C 2.0,180,399,Public specifications
iQOO Neo 8 99 Plus,iQOO,2020,Android 13,Snapdragon 7 Gen 1,2400x1080,6.7,Super AMOLED,50MP+8MP+2MP,12MP,4700,67W,12,256,Yes,Yes,USB-C 2.0,185,599,Public specifications
Pova 5 92 Lite,Tecno,2024,Android 13,Snapdragon 750G,2400x1080,6.72,IPS LCD,48MP+5MP+2MP,8MP,5000,18W,8,128,Yes,Yes,USB-C 2.0,185,299,Public specifications
Galaxy S 97 Plus,Samsung,2021,Android 12,Snapdragon 8+ Gen 1,2556x1179,6.7,OLED,50MP+50MP+64MP,50MP,4422,27W+15W MagSafe,12,512,Yes,Yes,USB-C 3.2,186,999,Public specifications
Xperia Pro 5 5G,Sony,2019,Android 13,Snapdragon 8+ Gen 1,3200x1440,6.1,LTPO AMOLED,50MP+50MP+64MP,10.5MP,4700,120W+50W wireless,12,256,Yes,Yes,USB-C 3.2,217,799,Public specifications
Axon 40 2 Plus,ZTE,2023,Android 12,Exynos 1380,2772x1240,6.5,AMOLED,50MP+8MP+2MP,12MP,4600,65W,12,512,Yes,Yes,USB-C 2.0,194,699,Public specifications
iQOO Z6 66,iQOO,2023,Android 12,Snapdragon 750G,2340x1080,6.74,AMOLED,50MP+2MP+2MP,16MP,5000,33W,8,256,Yes,Yes,USB-C 2.0,200,349,Public specifications
Reno 9 12 Lite,Oppo,2020,Android 13,Dimensity 8100,2412x1080,6.7,AMOLED,108MP+8MP+2MP,16MP,4500,100W,6,128,Yes,Yes,USB-C 2.0,199,349,Public specifications
Galaxy F5 51 Ultra,Samsung,2019,Android 14,Snapdragon 888,2412x1080,6.7,AMOLED,64MP+12MP+5MP,16MP,5000,67W,8,256,Yes,Yes,USB-C 2.0,200,499,Public specifications
iQOO Neo 9 48 Neo,iQOO,2024,Android 13,Exynos 1380,2400x1080,6.78,AMOLED,64MP+12MP+5MP,20MP,4500,100W,8,256,Yes,Yes,USB-C 2.0,180,499,Public specifications
POCO F4 27 Neo,Xiaomi,2022,Android 12,Exynos 1380,2772x1240,6.78,AMOLED,50MP+8MP+2MP,32MP,5000,67W,6,128,Yes,Yes,USB-C 2.0,208,349,Public specifications
Axon 50 99 Neo,ZTE,2021,Android 12,Dimensity 8300,2400x1080,6.4,pOLED,108MP+8MP+2MP,20MP,4600,65W,8,256,Yes,Yes,USB-C 2.0,211,499,Public specifications
Magic 5 35 Lite,Honor,2024,Android 13,Kirin 9010,2556x1179,6.8,OLED,108MP+12MP+10MP+10MP,32MP,5050,30W+23W wireless,16,256,Yes,Yes,USB-C 3.2,215,1099,Public specifications
GT Neo 5 55+,Realme,2019,Android 12,Dimensity 8100,2772x1240,6.74,AMOLED,50MP+50MP+8MP,16MP,4700,67W,6,128,Yes,Yes,USB-C 2.0,185,349,Public specifications
Pixel 6 5 Max,Google,2021,Android 14,Kirin 9010,2992x1344,6.1,LTPO AMOLED,108MP+12MP+10MP+10MP,10.5MP,4610,90W+50W wireless,16,512,Yes,Yes,USB-C 3.2,192,1199,Public specifications
X80 67 Ultra,Vivo,2020,Android 14,Dimensity 9200,2556x1179,5.92,OLED,200MP+12MP+10MP+10MP,10.5MP,4700,120W+50W wireless,8,256,Yes,Yes,USB-C 3.2,236,699,Public specifications
70 78 5G,Honor,2023,Android 14,Dimensity 1300,2400x1080,6.5,pOLED,64MP+8MP+2MP,20MP,5000,80W,8,256,Yes,Yes,USB-C 2.0,205,499,Public specifications
Galaxy Z Flip 23 Pro,Samsung,2019,Android 13,Kirin 9010,3088x1440,5.92,LTPO AMOLED,50MP+48MP+48MP,32MP,5050,30W+23W wireless,12,512,Yes,Yes,USB-C 3.2,219,999,Public specifications
Y76 8 SE,Vivo,2021,Android 11,Dimensity 1080,2412x1080,6.6,AMOLED,50MP+8MP+2MP,13MP,4500,33W,4,128,Yes,Yes,USB-C 2.0,210,229,Public specifications
Galaxy Z Fold 37 Max,Samsung,2020,Android 13,Google Tensor G4,2796x1290,6.82,LTPO OLED,50MP+50MP+64MP,32MP,5050,30W+23W wireless,12,256,Yes,Yes,USB-C 3.2,191,799,Public specifications
Axon 50 23 5G,ZTE,2023,Android 13,Exynos 1380,2400x1080,6.6,AMOLED,64MP+8MP+2MP,12MP,4800,65W,12,512,Yes,Yes,USB-C 2.0,212,699,Public specifications
Magic 5 27 Pro,Honor,2022,Android 14,Snapdragon 8 Gen 3,2992x1344,6.2,LTPO AMOLED,50MP+50MP+50MP,12MP,4900,45W+15W wireless,12,512,Yes,Yes,USB-C 3.2,240,999,Public specifications
Galaxy Z Flip 7 Pro,Samsung,2020,Android 12,Kirin 9000S,3200x1440,6.1,LTPO AMOLED,108MP+12MP+10MP+10MP,32MP,4700,120W+50W wireless,8,256,Yes,Yes,USB-C 3.2,220,699,Public specifications
Oppo A7 91 Neo,Oppo,2023,Android 12,Dimensity 7200,2340x1080,6.5,AMOLED,50MP+8MP+5MP,13MP,4500,33W,4,128,Yes,Yes,USB-C 2.0,183,229,Public specifications
Nord CE 3 19 Max,OnePlus,2022,Android 14,Dimensity 1200,2400x1080,6.7,pOLED,50MP+12MP+10MP,20MP,5000,80W,8,128,Yes,Yes,USB-C 2.0,197,399,Public specifications
Nord N3 60s,OnePlus,2022,Android 12,Dimensity 7200,2340x1080,6.6,IPS LCD,50MP+2MP+2MP,16MP,4600,30W,4,128,Yes,Yes,USB-C 2.0,193,229,Public specifications
Nord N3 57 Ultra,OnePlus,2021,Android 11,Dimensity 920,2400x1080,6.5,IPS LCD,64MP+8MP+2MP,13MP,4500,33W,8,256,Yes,Yes,USB-C 2.0,186,349,Public specifications
GT Neo 5 35,Realme,2024,Android 14,Exynos 1280,2712x1220,6.74,AMOLED,64MP+12MP+5MP,16MP,5000,67W,8,128,Yes,Yes,USB-C 2.0,191,399,Public specifications
Edge 30 92 Neo,Motorola,2024,Android 12,Exynos 1380,2400x1080,6.74,Super AMOLED,50MP+12MP+10MP,16MP,4700,67W,12,512,Yes,Yes,USB-C 2.0,209,699,Public specifications
Zero 30 48,Infinix,2022,Android 12,Helio G99,2340x1080,6.5,IPS LCD,50MP+8MP+2MP,16MP,5100,67W,8,128,Yes,Yes,USB-C 2.0,177,299,Public specifications
Galaxy F1 41+,Samsung,2019,Android 10,Snapdragon 439,1560x720,6.72,IPS LCD,50MP+2MP,5MP,4500,10W,3,32,No,No,USB-C 2.0,186,79,Public specifications
Pova 5 91 Pro,Tecno,2024,Android 13,Helio G99,2340x1080,6.7,IPS LCD,48MP+5MP+2MP,13MP,5000,33W,6,64,Yes,Yes,USB-C 2.0,173,199,Public specifications
iPhone 14 19 5G,Apple,2024,iOS 13,Snapdragon 8 Gen 1,2992x1344,6.2,LTPO AMOLED,108MP+12MP+10MP+10MP,12MP,4700,120W+50W wireless,8,256,Yes,Yes,USB-C 2.0,217,699,Public specifications
Oppo A5 96,Oppo,2023,Android 12,Helio A22,1600x720,6.6,PLS LCD,13MP+2MP+2MP,8MP,5000,15W,4,128,No,No,USB-C 2.0,209,149,Public specifications
Mi 10 12+,Xiaomi,2019,Android 14,Snapdragon 8 Gen 1,2992x1344,5.92,LTPO AMOLED,50MP+12MP+12MP,10.5MP,5400,100W+50W wireless,8,256,Yes,Yes,USB-C 3.2,234,699,Public specifications
OnePlus Nord 3 82 Ultra,OnePlus,2024,Android 12,Dimensity 1300,2400x1080,6.74,AMOLED,64MP+12MP+5MP,32MP,4500,100W,8,256,Yes,Yes,USB-C 2.0,183,499,Public specifications
Moto E40 91 5G,Motorola,2020,Android 11,Helio G80,1600x720,6.75,PLS LCD,13MP+5MP,8MP,4900,10W,4,64,No,No,USB-C 2.0,182,129,Public specifications
Meizu 21 38 5G,Meizu,2021,Android 13,Google Tensor G2,2400x1080,6.7,pOLED,108MP+8MP+2MP,16MP,5000,67W,12,256,Yes,Yes,USB-C 2.0,197,599,Public specifications
iQOO Z9 88 Pro,iQOO,2024,Android 14,Snapdragon 7 Gen 3,2412x1080,6.5,AMOLED,50MP+12MP+10MP,32MP,4800,65W,6,128,Yes,Yes,USB-C 2.0,202,349,Public specifications
Nokia 3 37 Lite,Nokia,2020,Android 12,Helio G37,1600x720,6.75,IPS LCD,13MP+2MP+2MP,8MP,5000,15W,3,32,No,No,USB-C 2.0,181,79,Public specifications
Pixel 5a 5+,Google,2023,Android 12,Dimensity 920,2340x1080,6.7,IPS LCD,64MP+2MP+2MP,16MP,5000,18W,8,128,Yes,Yes,USB-C 2.0,190,299,Public specifications
Find X5 42+,Oppo,2024,Android 13,Dimensity 9200,3088x1440,6.7,LTPO AMOLED,200MP+12MP+10MP+10MP,50MP,5000,100W,16,256,Yes,Yes,USB-C 3.2,242,1099,Public specifications
Redmi Note 12 40 Pro,Xiaomi,2023,Android 13,Dimensity 1300,2412x1080,6.67,AMOLED,64MP+8MP+2MP,16MP,5000,67W,6,128,Yes,Yes,USB-C 2.0,211,349,Public specifications
TCL 40 52 Neo,TCL,2024,Android 14,Snapdragon 7s Gen 2,2400x1080,6.7,IPS LCD,48MP+5MP+2MP,8MP,4600,30W,8,256,Yes,Yes,USB-C 2.0,195,349,Public specifications
Moto E40 98 Plus,Motorola,2019,Android 10,Helio G85,2400x1080,6.65,IPS LCD,48MP+2MP,8MP,5000,18W,6,64,No,No,USB-C 2.0,175,169,Public specifications
GT Neo 3 77 Plus,Realme,2019,Android 13,Snapdragon 870,2412x1080,6.78,AMOLED,50MP+50MP+8MP,32MP,4700,67W,12,256,Yes,Yes,USB-C 2.0,180,599,Public specifications
Moto E30 59 Max,Motorola,2021,Android 11,Helio G80,2400x1080,6.56,IPS LCD,13MP+2MP,5MP,5000,10W,4,64,No,No,USB-C 2.0,170,129,Public specifications
Nord N2 56+,OnePlus,2022,Android 11,Helio G90T,2400x1080,6.5,IPS LCD,50MP+8MP+2MP,13MP,5100,67W,8,256,Yes,Yes,USB-C 2.0,180,349,Public specifications
Nokia G2 71s,Nokia,2022,Android 11,Snapdragon 680,1600x720,6.75,IPS LCD,13MP+5MP,5MP,4500,10W,6,64,No,No,USB-C 2.0,210,169,Public specifications
Xperia 10 17 Ultra,Sony,2022,Android 13,Snapdragon 4 Gen 1,2400x1080,6.72,IPS LCD,50MP+2MP+2MP,8MP,4500,33W,6,64,Yes,Yes,USB-C 2.0,204,199,Public specifications
iPhone 13 86 SE,Apple,2023,iOS 14,Snapdragon 8 Gen 3,2992x1344,6.7,LTPO AMOLED,200MP+12MP+10MP+10MP,10.5MP,5400,100W+50W wireless,16,256,Yes,Yes,USB-C 2.0,237,1099,Public specifications
Galaxy Note 83 Lite,Samsung,2019,Android 12,Apple A17 Pro,3200x1440,6.8,LTPO AMOLED,50MP+50MP+50MP,12MP,5050,30W+23W wireless,16,256,Yes,Yes,USB-C 3.2,206,1099,Public specifications
Reno 10 20 5G,Oppo,2020,Android 13,Dimensity 8300,2400x1080,6.67,pOLED,64MP+12MP+5MP,16MP,4600,80W,12,256,Yes,Yes,USB-C 2.0,185,599,Public specifications
Reno 7 11 Ultra,Oppo,2021,Android 12,Helio G96,2340x1080,6.6,IPS LCD,64MP+8MP+2MP,16MP,5100,67W,6,128,Yes,Yes,USB-C 2.0,178,249,Public specifications
P40 Lite 2 Neo,Huawei,2022,HarmonyOS 2,Exynos 1280,2400x1080,6.6,Super AMOLED,50MP+12MP+10MP,16MP,4600,65W,8,128,Yes,Yes,USB-C 2.0,191,399,Public specifications
Blade A7 78 Neo,ZTE,2021,Android 11,Dimensity 920,2340x1080,6.72,AMOLED,50MP+8MP+5MP,16MP,5000,44W,8,256,Yes,Yes,USB-C 2.0,177,349,Public specifications
iQOO Z7 69 Max,iQOO,2023,Android 12,Snapdragon 7s Gen 2,2340x1080,6.74,IPS LCD,64MP+8MP+2MP,16MP,5000,33W,8,256,Yes,Yes,USB-C 2.0,186,349,Public specifications
Pixel 5 56,Google,2019,Android 11,Kirin 9000S,2796x1290,6.7,LTPO OLED,50MP+48MP+48MP,12MP,5000,100W,16,512,Yes,Yes,USB-C 3.2,241,1199,Public specifications
Magic 4 33 Max,Honor,2021,Android 14,Dimensity 9300,3168x1440,6.7,AMOLED,48MP+12MP+12MP,12MP,4700,120W+50W wireless,12,512,Yes,Yes,USB-C 3.2,211,999,Public specifications
Galaxy F5 39s,Samsung,2024,Android 13,Snapdragon 7 Gen 3,2412x1080,6.7,AMOLED,50MP+8MP+2MP,20MP,5000,80W,8,128,Yes,Yes,USB-C 2.0,200,399,Public specifications
Xperia 10 69+,Sony,2022,Android 12,Snapdragon 732G,2340x1080,6.67,IPS LCD,50MP+8MP+2MP,16MP,5000,18W,8,256,Yes,Yes,USB-C 2.0,209,349,Public specifications
Xperia L 10 Ultra,Sony,2023,Android 12,Dimensity 7200,2400x1080,6.7,AMOLED,50MP+8MP+2MP,13MP,5000,44W,6,128,Yes,Yes,USB-C 2.0,175,249,Public specifications
Nokia 8 52,Nokia,2020,Android 12,Snapdragon 732G,2340x1080,6.5,IPS LCD,48MP+5MP+2MP,13MP,5100,67W,6,64,Yes,Yes,USB-C 2.0,206,199,Public specifications
Edge 40 89,Motorola,2024,Android 13,Dimensity 9200,2556x1179,5.92,OLED,108MP+12MP+10MP+10MP,10.5MP,4610,90W+50W wireless,16,256,Yes,Yes,USB-C 3.2,234,1099,Public specifications
Nord CE 86,OnePlus,2020,Android 13,Helio G99,2400x1080,6.7,IPS LCD,50MP+8MP+2MP,8MP,4500,33W,6,128,Yes,Yes,USB-C 2.0,171,249,Public specifications
iQOO Z6 17 5G,iQOO,2019,Android 13,Snapdragon 750G,2400x1080,6.6,IPS LCD,108MP+2MP+2MP,8MP,5000,33W,8,128,Yes,Yes,USB-C 2.0,190,299,Public specifications
Xperia 1 94 SE,Sony,2022,Android 14,Kirin 9000S,2556x1179,6.8,OLED,50MP+50MP+64MP,16MP,5400,100W+50W wireless,8,256,Yes,Yes,USB-C 3.2,244,699,Public specifications
Pura 70 44 Ultra,Huawei,2024,HarmonyOS 3,Dimensity 9200,3200x1440,6.82,LTPO AMOLED,200MP+12MP+10MP+10MP,50MP,5000,100W,12,512,Yes,Yes,USB-C 3.2,195,999,Public specifications
Zenfone 9 52,Asus,2020,Android 13,Exynos 1280,2412x1080,6.4,AMOLED,50MP+8MP+2MP,16MP,4800,65W,12,256,Yes,Yes,USB-C 2.0,208,599,Public specifications
Find X6 97 Ultra,Oppo,2020,Android 14,Kirin 9000S,3168x1440,6.82,AMOLED,108MP+12MP+10MP+10MP,12MP,4900,45W+15W wireless,8,256,Yes,Yes,USB-C 3.2,224,699,Public specifications
Nokia 5 54,Nokia,2020,Android 11,Snapdragon 450,1600x720,6.65,PLS LCD,13MP+2MP+2MP,5MP,5000,10W,6,64,No,No,USB-C 2.0,189,169,Public specifications
Magic 6 51 Lite,Honor,2022,Android 13,Apple A15,3088x1440,6.82,LTPO AMOLED,48MP+12MP+12MP,10.5MP,4900,45W+15W wireless,16,512,Yes,Yes,USB-C 3.2,207,1199,Public specifications
iQOO 12 77 5G,iQOO,2023,Android 14,Dimensity 9300,2796x1290,6.82,LTPO OLED,50MP+12MP+12MP,16MP,5400,100W+50W wireless,8,256,Yes,Yes,USB-C 3.2,210,699,Public specifications
Xperia 5 97 Neo,Sony,2023,Android 14,Google Tensor G4,3200x1440,6.1,LTPO AMOLED,200MP+12MP+10MP+10MP,10.5MP,4610,90W+50W wireless,16,256,Yes,Yes,USB-C 3.2,238,1099,Public specifications
Nokia 7 88+,Nokia,2024,Android 11,Dimensity 7050,2412x1080,6.6,AMOLED,64MP+2MP+2MP,16MP,5000,18W,6,64,Yes,Yes,USB-C 2.0,171,199,Public specifications
90 79 SE,Honor,2021,Android 12,Dimensity 1200,2400x1080,6.4,AMOLED,50MP+32MP+12MP,12MP,5000,80W,12,512,Yes,Yes,USB-C 2.0,214,699,Public specifications
Camon 19 48 Lite,Tecno,2019,Android 11,Helio G80,2400x1080,6.56,IPS LCD,50MP+2MP+2MP,5MP,5050,18W,4,64,No,No,USB-C 2.0,166,129,Public specifications
Pixel 4a 59 Lite,Google,2023,Android 11,Helio G96,2412x1080,6.7,AMOLED,50MP+2MP+2MP,16MP,5100,67W,8,128,Yes,Yes,USB-C 2.0,177,299,Public specifications
Hot 40 21 Lite,Infinix,2024,Android 13,Dimensity 1080,2340x1080,6.74,IPS LCD,64MP+8MP+2MP,13MP,5000,44W,6,128,Yes,Yes,USB-C 2.0,196,249,Public specifications
Fairphone 4 10 Max,Fairphone,2023,Android 13,Dimensity 8300,2400x1080,6.74,Super AMOLED,50MP+32MP+12MP,16MP,5000,80W,6,128,Yes,Yes,USB-C 2.0,176,349,Public specifications
X60 8 5G,Vivo,2023,Android 14,Snapdragon 888,2400x1080,6.74,pOLED,50MP+50MP+8MP,16MP,4500,100W,12,512,Yes,Yes,USB-C 2.0,215,699,Public specifications
Phone 2a 16+,Nothing,2020,Android 14,Snapdragon 778G,2712x1220,6.74,AMOLED,50MP+50MP+8MP,12MP,4600,65W,8,128,Yes,Yes,USB-C 2.0,198,399,Public specifications
Oppo A1 19 Lite,Oppo,2024,Android 11,Snapdragon 450,2400x1080,6.72,IPS LCD,13MP+5MP,8MP,5000,15W,4,128,No,No,USB-C 2.0,169,149,Public specifications
Y75 97 5G,Vivo,2021,Android 11,Dimensity 7200,2340x1080,6.74,AMOLED,64MP+2MP+2MP,16MP,4500,33W,6,64,Yes,Yes,USB-C 2.0,206,199,Public specifications
Edge 30 19 Plus,Motorola,2021,Android 12,Dimensity 8300,2400x1080,6.74,AMOLED,64MP+8MP+2MP,20MP,4800,65W,12,256,Yes,Yes,USB-C 2.0,194,599,Public specifications
TCL 20 82 5G,TCL,2024,Android 12,Snapdragon 662,1600x720,6.75,IPS LCD,48MP+2MP,8MP,5000,10W,2,32,No,No,USB-C 2.0,173,59,Public specifications
OnePlus 8 50 5G,OnePlus,2019,Android 14,Apple A14,3088x1440,6.82,LTPO AMOLED,50MP+50MP+50MP,12MP,4700,120W+50W wireless,12,512,Yes,Yes,USB-C 3.2,201,999,Public specifications
Find X5 80 Pro,Oppo,2022,Android 14,Dimensity 9200,3168x1440,6.7,AMOLED,200MP+12MP+10MP+10MP,12MP,5400,100W+50W wireless,8,256,Yes,Yes,USB-C 3.2,240,699,Public specifications
GT 2 68 Neo,Realme,2021,Android 13,Apple A16,3200x1440,6.2,LTPO AMOLED,50MP+50MP+64MP,12MP,5000,45W+15W wireless,16,256,Yes,Yes,USB-C 3.2,198,1099,Public specifications
Xperia 1 78+,Sony,2024,Android 14,Apple A15,2796x1290,6.2,LTPO OLED,108MP+12MP+10MP+10MP,50MP,4422,27W+15W MagSafe,8,256,Yes,Yes,USB-C 3.2,197,699,Public specifications
Find X8 81+,Oppo,2023,Android 14,Dimensity 9300,2556x1179,6.8,OLED,50MP+12MP+12MP,32MP,5000,45W+15W wireless,12,256,Yes,Yes,USB-C 3.2,218,799,Public specifications
Xperia 10 95 Pro,Sony,2019,Android 13,Helio G90T,2340x1080,6.6,IPS LCD,50MP+8MP+5MP,16MP,5000,25W,6,64,Yes,Yes,USB-C 2.0,208,199,Public specifications
Moto G100 96 Lite,Motorola,2020,Android 12,Google Tensor G2,2400x1080,6.5,AMOLED,64MP+8MP+2MP,12MP,4500,100W,8,128,Yes,Yes,USB-C 2.0,190,399,Public specifications
P30 Lite 60+,Huawei,2022,HarmonyOS 2,Dimensity 920,2400x1080,6.5,AMOLED,48MP+5MP+2MP,13MP,5000,25W,6,64,Yes,Yes,USB-C 2.0,175,199,Public specifications
Y35 70 SE,Vivo,2022,Android 10,Helio P65,1560x720,6.65,IPS LCD,48MP+2MP,8MP,5000,18W,4,64,No,No,USB-C 2.0,172,99,Public specifications
Axon 40 76s,ZTE,2021,Android 12,Exynos 1380,2400x1080,6.7,pOLED,50MP+8MP+2MP,20MP,4600,65W,12,512,Yes,Yes,USB-C 2.0,206,699,Public specifications
X8 65 Neo,Honor,2021,Android 12,Dimensity 920,2340x1080,6.6,AMOLED,64MP+2MP+2MP,8MP,4500,33W,4,128,Yes,Yes,USB-C 2.0,187,229,Public specifications
Zenfone 8 81 Neo,Asus,2022,Android 13,Snapdragon 7 Gen 1,2772x1240,6.67,AMOLED,50MP+12MP+10MP,16MP,4500,100W,6,128,Yes,Yes,USB-C 2.0,185,349,Public specifications
Nord N3 87 5G,OnePlus,2019,Android 12,Snapdragon 690,2400x1080,6.6,IPS LCD,48MP+5MP+2MP,13MP,5100,67W,8,128,Yes,Yes,USB-C 2.0,184,299,Public specifications
Pixel 6a 41 Plus,Google,2024,Android 12,Dimensity 1080,2400x1080,6.72,AMOLED,64MP+2MP+2MP,8MP,4600,30W,8,128,Yes,Yes,USB-C 2.0,179,299,Public specifications
Nokia XR 99 Max,Nokia,2023,Android 12,Snapdragon 888,2772x1240,6.6,AMOLED,50MP+50MP+8MP,32MP,4800,65W,8,256,Yes,Yes,USB-C 2.0,205,499,Public specifications
CMF Phone 93 5G,Nothing,2021,Android 14,Snapdragon 870,2712x1220,6.6,AMOLED,50MP+12MP+10MP,20MP,4500,100W,8,256,Yes,Yes,USB-C 2.0,197,499,Public specifications
Pova 5 58 5G,Tecno,2022,Android 13,Dimensity 7050,2412x1080,6.5,AMOLED,50MP+2MP+2MP,16MP,5000,33W,6,64,Yes,Yes,USB-C 2.0,192,199,Public specifications
Phone 2 99 5G,Nothing,2021,Android 14,Snapdragon 7 Gen 3,2400x1080,6.6,Super AMOLED,64MP+8MP+2MP,32MP,5000,80W,12,256,Yes,Yes,USB-C 2.0,176,599,Public specifications
Nokia X3 42 Plus,Nokia,2021,Android 13,Dimensity 1200,2400x1080,6.67,Super AMOLED,64MP+8MP+2MP,32MP,4800,65W,6,128,Yes,Yes,USB-C 2.0,181,349,Public specifications
iPhone 14 42 Neo,Apple,2023,iOS 16,Kirin 9010,3088x1440,6.7,LTPO AMOLED,50MP+50MP+64MP,16MP,5000,100W,12,512,Yes,Yes,USB-C 2.0,222,999,Public specifications
Reno 11 8s,Oppo,2022,Android 12,Dimensity 8200,2712x1220,6.4,AMOLED,50MP+32MP+12MP,20MP,5000,67W,12,256,Yes,Yes,USB-C 2.0,183,599,Public specifications
Meizu 21 94 Max,Meizu,2020,Android 14,Snapdragon 888+,2772x1240,6.7,AMOLED,50MP+50MP+8MP,32MP,4800,65W,12,256,Yes,Yes,USB-C 2.0,210,599,Public specifications
Mi 11 42 SE,Xiaomi,2024,Android 13,Google Tensor G3,2556x1179,6.1,OLED,48MP+12MP+12MP,16MP,4422,27W+15W MagSafe,12,512,Yes,Yes,USB-C 3.2,230,999,Public specifications
Blade V40 99 Neo,ZTE,2021,Android 12,Helio G90T,2400x1080,6.7,IPS LCD,50MP+8MP+2MP,8MP,5000,18W,8,128,Yes,Yes,USB-C 2.0,191,299,Public specifications
Pixel 4 33 SE,Google,2022,Android 12,Snapdragon 8 Gen 3,2992x1344,6.8,LTPO AMOLED,50MP+12MP+12MP,16MP,4610,90W+50W wireless,16,512,Yes,Yes,USB-C 3.2,236,1199,Public specifications
Galaxy A0 3 SE,Samsung,2021,Android 12,Snapdragon 680,1600x720,6.6,IPS LCD,13MP+2MP+2MP,8MP,6000,10W,3,32,No,No,USB-C 2.0,201,79,Public specifications
Nokia G4 73+,Nokia,2023,Android 11,Dimensity 920,2400x1080,6.5,AMOLED,108MP+2MP+2MP,16MP,5100,67W,4,128,Yes,Yes,USB-C 2.0,199,229,Public specifications
90 99s,Honor,2021,Android 12,Dimensity 8100,2712x1220,6.74,AMOLED,50MP+12MP+10MP,16MP,5000,80W,8,256,Yes,Yes,USB-C 2.0,179,499,Public specifications
OnePlus Nord N 59 Plus,OnePlus,2021,Android 12,Snapdragon 4 Gen 1,2340x1080,6.72,IPS LCD,64MP+2MP+2MP,16MP,5000,33W,6,64,Yes,Yes,USB-C 2.0,170,199,Public specifications
60 Pro 2 Lite,Honor,2024,Android 12,Dimensity 8200,2400x1080,6.7,pOLED,64MP+8MP+2MP,20MP,4600,65W,8,256,Yes,Yes,USB-C 2.0,195,499,Public specifications
C21 86 Lite,Realme,2021,Android 12,Snapdragon 450,1560x720,6.52,IPS LCD,50MP+2MP,5MP,5000,10W,4,64,No,No,USB-C 2.0,176,129,Public specifications
Redmi Note 13 78,Xiaomi,2021,Android 14,Snapdragon 888,2772x1240,6.78,AMOLED,50MP+32MP+12MP,20MP,4600,80W,12,256,Yes,Yes,USB-C 2.0,189,599,Public specifications
ROG Phone 7 39 Pro,Asus,2022,Android 13,Exynos 2100,2796x1290,6.2,LTPO OLED,50MP+50MP+50MP,10.5MP,5400,100W+50W wireless,12,256,Yes,Yes,USB-C 3.2,192,799,Public specifications
Spark 20 57 Lite,Tecno,2022,Android 12,Dimensity 7050,2400x1080,6.6,AMOLED,50MP+2MP+2MP,16MP,5000,18W,8,128,Yes,Yes,USB-C 2.0,207,299,Public specifications
Hot 30 23 Plus,Infinix,2022,Android 10,Snapdragon 632,1560x720,6.5,IPS LCD,50MP+2MP+2MP,8MP,5000,10W,4,64,No,No,USB-C 2.0,203,129,Public specifications
Nokia 3 54 Lite,Nokia,2019,Android 11,Helio P65,1600x720,6.65,IPS LCD,8MP+2MP,8MP,4900,10W,4,128,No,No,USB-C 2.0,194,149,Public specifications
Galaxy A5 54 Max,Samsung,2024,Android 13,Snapdragon 888+,2400x1080,6.67,AMOLED,108MP+8MP+2MP,20MP,4500,100W,8,128,Yes,Yes,USB-C 2.0,194,399,Public specifications
Xperia Pro 84s,Sony,2020,Android 13,Exynos 2200,3200x1440,6.2,LTPO AMOLED,50MP+48MP+48MP,32MP,5400,100W+50W wireless,12,256,Yes,Yes,USB-C 3.2,196,799,Public specifications
Nova 11 67 Pro,Huawei,2020,HarmonyOS 3,Snapdragon 778G,2400x1080,6.78,Super AMOLED,50MP+12MP+10MP,16MP,4600,80W,6,128,Yes,Yes,USB-C 2.0,193,349,Public specifications
Find X5 54 Pro,Oppo,2020,Android 13,Apple A16,2556x1179,6.1,OLED,200MP+12MP+10MP+10MP,16MP,4900,45W+15W wireless,16,256,Yes,Yes,USB-C 3.2,186,1099,Public specifications
GT 6 52s,Realme,2022,Android 14,Dimensity 9200,2796x1290,6.1,LTPO OLED,50MP+48MP+12MP,12MP,4422,27W+15W MagSafe,16,256,Yes,Yes,USB-C 3.2,187,1099,Public specifications
Blade V50 6 Plus,ZTE,2019,Android 12,Dimensity 7050,2412x1080,6.5,AMOLED,64MP+2MP+2MP,13MP,5000,25W,8,128,Yes,Yes,USB-C 2.0,192,299,Public specifications
U23 Pro 54+,HTC,2020,Android 12,Snapdragon 7 Gen 1,2400x1080,6.67,pOLED,50MP+12MP+10MP,16MP,4600,65W,6,128,Yes,Yes,USB-C 2.0,213,349,Public specifications
Hot 40 40 Neo,Infinix,2023,Android 12,Dimensity 1080,2340x1080,6.67,AMOLED,50MP+8MP+2MP,8MP,5000,44W,4,128,Yes,Yes,USB-C 2.0,176,229,Public specifications
Y15 74 Lite,Vivo,2024,Android 12,Helio G80,1612x720,6.52,IPS LCD,13MP+2MP+2MP,5MP,6000,10W,4,64,No,No,USB-C 2.0,170,129,Public specifications
Blade V50 52 5G,ZTE,2024,Android 13,Helio G99,2400x1080,6.74,AMOLED,50MP+8MP+2MP,16MP,4500,33W,8,128,Yes,Yes,USB-C 2.0,189,299,Public specifications
Nokia 7 98 Pro,Nokia,2022,Android 12,Dimensity 7200,2400x1080,6.74,IPS LCD,48MP+5MP+2MP,16MP,4600,30W,6,128,Yes,Yes,USB-C 2.0,210,249,Public specifications
Galaxy M0 2 Pro,Samsung,2019,Android 11,Unisoc T606,1600x720,6.56,IPS LCD,8MP+2MP,5MP,5000,10W,6,64,No,No,USB-C 2.0,201,169,Public specifications
Y15 25s,Vivo,2021,Android 11,Snapdragon 439,1560x720,6.65,IPS LCD,48MP+2MP,5MP,5000,10W,6,64,No,No,USB-C 2.0,199,169,Public specifications
V30 36s,Vivo,2022,Android 14,Snapdragon 888,2412x1080,6.6,AMOLED,108MP+8MP+2MP,20MP,4700,67W,12,256,Yes,Yes,USB-C 2.0,210,599,Public specifications
V21 44 Plus,Vivo,2020,Android 13,Snapdragon 750G,2400x1080,6.72,AMOLED,50MP+8MP+5MP,8MP,5000,18W,6,128,Yes,Yes,USB-C 2.0,176,249,Public specifications
Xperia 5 16 Plus,Sony,2019,Android 13,Google Tensor G4,2992x1344,6.82,LTPO AMOLED,50MP+48MP+12MP,32MP,5000,100W,16,512,Yes,Yes,USB-C 3.2,240,1199,Public specifications
GT Neo 3 66 Lite,Realme,2023,Android 13,Snapdragon 778G,2400x1080,6.7,Super AMOLED,64MP+8MP+2MP,16MP,4700,67W,12,256,Yes,Yes,USB-C 2.0,184,599,Public specifications
Nova 11 70 Lite,Huawei,2020,HarmonyOS 2,Google Tensor G2,2412x1080,6.74,AMOLED,64MP+8MP+2MP,20MP,4700,67W,8,128,Yes,Yes,USB-C 2.0,215,399,Public specifications
Play 5 97 Pro,Honor,2021,Android 11,Dimensity 920,2412x1080,6.7,AMOLED,50MP+2MP+2MP,16MP,4500,33W,6,128,Yes,Yes,USB-C 2.0,194,249,Public specifications
Desire 22 60 Ultra,HTC,2023,Android 13,Snapdragon 778G,2400x1080,6.74,Super AMOLED,108MP+8MP+2MP,16MP,4600,80W,12,256,Yes,Yes,USB-C 2.0,194,599,Public specifications
Pixel 4a 8 Max,Google,2020,Android 14,Snapdragon 732G,2400x1080,6.7,IPS LCD,50MP+2MP+2MP,16MP,5100,67W,8,128,Yes,Yes,USB-C 2.0,196,299,Public specifications
Reno 6 45+,Oppo,2020,Android 11,Snapdragon 720G,2340x1080,6.74,AMOLED,50MP+8MP+2MP,16MP,5000,33W,4,128,Yes,Yes,USB-C 2.0,183,229,Public specifications
V25 36 Ultra,Vivo,2024,Android 14,Snapdragon 7 Gen 3,2400x1080,6.4,Super AMOLED,50MP+8MP+2MP,12MP,4500,100W,6,128,Yes,Yes,USB-C 2.0,213,349,Public specifications
Y35 57 5G,Vivo,2024,Android 12,Snapdragon 439,1600x720,6.75,IPS LCD,13MP+2MP+2MP,5MP,5000,10W,4,64,No,No,USB-C 2.0,186,99,Public specifications
Meizu 20 49 5G,Meizu,2024,Android 13,Snapdragon 7 Gen 1,2400x1080,6.74,Super AMOLED,50MP+12MP+10MP,16MP,4800,65W,8,256,Yes,Yes,USB-C 2.0,206,499,Public specifications
iQOO 11 67+,iQOO,2019,Android 13,Snapdragon 8 Gen 1,3168x1440,6.8,AMOLED,50MP+48MP+12MP,10.5MP,5000,100W,16,512,Yes,Yes,USB-C 3.2,225,1199,Public specifications
POCO F5 94 5G,Xiaomi,2019,Android 14,Dimensity 8300,2400x1080,6.6,Super AMOLED,50MP+32MP+12MP,20MP,5000,67W,12,256,Yes,Yes,USB-C 2.0,175,599,Public specifications
Xiaomi Civi 32 SE,Xiaomi,2024,Android 13,Dimensity 1300,2772x1240,6.4,AMOLED,50MP+32MP+12MP,16MP,5000,80W,12,256,Yes,Yes,USB-C 2.0,206,599,Public specifications
Mate 40 49 SE,Huawei,2019,HarmonyOS 2,Exynos 2200,3088x1440,6.1,LTPO AMOLED,50MP+12MP+12MP,12MP,5000,45W+15W wireless,8,256,Yes,Yes,USB-C 3.2,233,699,Public specifications
Xperia L 51,Sony,2023,Android 13,Dimensity 7200,2340x1080,6.72,IPS LCD,50MP+8MP+5MP,16MP,5100,67W,6,64,Yes,Yes,USB-C 2.0,172,199,Public specifications
Oppo A7 4 Lite,Oppo,2019,Android 13,Helio G99,2400x1080,6.7,IPS LCD,64MP+8MP+2MP,8MP,5000,33W,8,256,Yes,Yes,USB-C 2.0,199,349,Public specifications
Pop 7 88 Ultra,Tecno,2022,Android 11,Helio G37,1612x720,6.56,IPS LCD,50MP+2MP,5MP,6000,10W,4,64,No,No,USB-C 2.0,209,99,Public specifications
X7 27 Plus,Honor,2020,Android 11,Snapdragon 4 Gen 1,2412x1080,6.67,AMOLED,64MP+2MP+2MP,8MP,5000,44W,6,64,Yes,Yes,USB-C 2.0,201,199,Public specifications
Spark 10 46 SE,Tecno,2024,Android 11,Snapdragon 480,1600x720,6.5,IPS LCD,8MP+2MP,5MP,5050,18W,4,128,No,No,USB-C 2.0,170,149,Public specifications
Play 6 80 Neo,Honor,2022,Android 12,Helio G96,2400x1080,6.74,IPS LCD,50MP+8MP+5MP,16MP,5000,25W,8,256,Yes,Yes,USB-C 2.0,192,349,Public specifications
Nokia 7 97 Pro,Nokia,2023,Android 12,Snapdragon 732G,2340x1080,6.67,AMOLED,64MP+8MP+2MP,13MP,5000,25W,4,128,Yes,Yes,USB-C 2.0,205,229,Public specifications
Moto G52 23 Max,Motorola,2023,Android 13,Helio G99,2340x1080,6.74,IPS LCD,64MP+8MP+2MP,16MP,5000,33W,6,128,Yes,Yes,USB-C 2.0,195,249,Public specifications
Pop 7 92 Ultra,Tecno,2024,Android 10,Snapdragon 480,1600x720,6.75,PLS LCD,48MP+2MP,5MP,4900,10W,4,64,No,No,USB-C 2.0,183,99,Public specifications
90 Pro 29 Neo,Honor,2022,Android 13,Snapdragon 888+,2400x1080,6.4,AMOLED,64MP+8MP+2MP,12MP,4700,67W,12,256,Yes,Yes,USB-C 2.0,189,599,Public specifications
Spark 8 54 Plus,Tecno,2022,Android 11,Snapdragon 480,1560x720,6.65,IPS LCD,13MP+5MP,5MP,5000,10W,3,32,No,No,USB-C 2.0,205,79,Public specifications
P40 Lite 91 Ultra,Huawei,2023,HarmonyOS 2,Snapdragon 888,2712x1220,6.6,AMOLED,50MP+12MP+10MP,20MP,4500,100W,8,256,Yes,Yes,USB-C 2.0,197,499,Public specifications
iPhone SE 42 Lite,Apple,2020,iOS 16,Apple A17 Pro,3088x1440,6.82,LTPO AMOLED,108MP+12MP+10MP+10MP,12MP,5400,100W+50W wireless,12,256,Yes,Yes,Lightning,231,799,Public specifications
Nokia 3 83 Plus,Nokia,2023,Android 12,Snapdragon 439,1612x720,6.6,IPS LCD,48MP+2MP,8MP,5000,18W,4,64,No,No,USB-C 2.0,193,99,Public specifications
GT 2 9 Pro,Realme,2024,Android 14,Snapdragon 8 Gen 3,2556x1179,6.8,OLED,108MP+12MP+10MP+10MP,12MP,4422,27W+15W MagSafe,16,256,Yes,Yes,USB-C 3.2,194,1099,Public specifications
iPhone SE 9 5G,Apple,2020,iOS 15,Google Tensor G3,3168x1440,5.92,AMOLED,50MP+48MP+48MP,16MP,5000,100W,16,512,Yes,Yes,Lightning,210,1199,Public specifications
Pixel 5a 69s,Google,2020,Android 12,Snapdragon 750G,2340x1080,6.7,AMOLED,50MP+8MP+2MP,13MP,5100,67W,4,128,Yes,Yes,USB-C 2.0,204,229,Public specifications
Zenfone 8 1 SE,Asus,2019,Android 13,Snapdragon 7 Gen 3,2400x1080,6.78,Super AMOLED,50MP+50MP+8MP,20MP,4800,65W,8,128,Yes,Yes,USB-C 2.0,214,399,Public specifications
iPhone 11 94 Pro,Apple,2019,iOS 14,Apple A15,2992x1344,5.92,LTPO AMOLED,200MP+12MP+10MP+10MP,10.5MP,4422,27W+15W MagSafe,16,512,Yes,Yes,Lightning,206,1199,Public specifications
Xiaomi 14 74s,Xiaomi,2020,Android 14,Exynos 2200,3200x1440,6.7,LTPO AMOLED,50MP+50MP+64MP,16MP,5000,100W,12,512,Yes,Yes,USB-C 3.2,191,999,Public specifications
Moto G30 91 Max,Motorola,2020,Android 10,Snapdragon 632,1600x720,6.6,PLS LCD,48MP+2MP,8MP,5000,10W,4,128,No,No,USB-C 2.0,179,149,Public specifications
Nokia 3 11 Ultra,Nokia,2023,Android 12,Snapdragon 662,1600x720,6.5,IPS LCD,13MP+2MP+2MP,8MP,5000,15W,3,32,No,No,USB-C 2.0,168,79,Public specifications
Zenfone 9 22,Asus,2023,Android 12,Dimensity 1200,2400x1080,6.4,AMOLED,50MP+8MP+2MP,20MP,5000,67W,12,256,Yes,Yes,USB-C 2.0,211,599,Public specifications
Find X8 25s,Oppo,2021,Android 13,Kirin 9010,2992x1344,6.82,LTPO AMOLED,50MP+50MP+50MP,32MP,5000,45W+15W wireless,12,512,Yes,Yes,USB-C 3.2,221,999,Public specifications
Nord N1 99 Pro,OnePlus,2023,Android 13,Dimensity 920,2400x1080,6.5,IPS LCD,50MP+8MP+5MP,16MP,5000,33W,4,128,Yes,Yes,USB-C 2.0,177,229,Public specifications
Note 30 14 Ultra,Infinix,2020,Android 13,Helio G96,2400x1080,6.7,IPS LCD,108MP+2MP+2MP,13MP,5000,25W,6,128,Yes,Yes,USB-C 2.0,208,249,Public specifications
OnePlus 8 59s,OnePlus,2021,Android 14,Exynos 2200,3200x1440,6.2,LTPO AMOLED,50MP+12MP+12MP,16MP,5000,45W+15W wireless,16,256,Yes,Yes,USB-C 3.2,194,1099,Public specifications
Xperia L 52,Sony,2024,Android 12,Dimensity 7200,2400x1080,6.5,AMOLED,50MP+2MP+2MP,13MP,5000,33W,4,128,Yes,Yes,USB-C 2.0,190,229,Public specifications
Narzo 50 83 Lite,Realme,2024,Android 13,Snapdragon 750G,2340x1080,6.67,AMOLED,50MP+8MP+2MP,16MP,5100,67W,8,128,Yes,Yes,USB-C 2.0,197,299,Public specifications
Oppo A7 11 Neo,Oppo,2022,Android 12,Snapdragon 695,2400x1080,6.72,IPS LCD,64MP+8MP+2MP,8MP,4600,30W,6,64,Yes,Yes,USB-C 2.0,189,199,Public specifications
GT 5 68,Realme,2019,Android 13,Apple A15,3088x1440,5.92,LTPO AMOLED,48MP+12MP+12MP,12MP,4900,45W+15W wireless,16,256,Yes,Yes,USB-C 3.2,219,1099,Public specifications
Galaxy A5 50 Lite,Samsung,2020,Android 13,Dimensity 8200,2412x1080,6.7,AMOLED,50MP+8MP+2MP,16MP,5000,80W,6,128,Yes,Yes,USB-C 2.0,207,349,Public specifications
Find X8 13 Neo,Oppo,2023,Android 13,Apple A16,2992x1344,6.2,LTPO AMOLED,50MP+48MP+12MP,12MP,5050,30W+23W wireless,16,512,Yes,Yes,USB-C 3.2,225,1199,Public specifications
90 Pro 49 Lite,Honor,2022,Android 12,Google Tensor G2,2400x1080,6.5,AMOLED,108MP+8MP+2MP,16MP,4700,67W,12,256,Yes,Yes,USB-C 2.0,189,599,Public specifications
Find X5 20 Pro,Oppo,2024,Android 13,Apple A14,2556x1179,5.92,OLED,48MP+12MP+12MP,50MP,4700,120W+50W wireless,12,512,Yes,Yes,USB-C 3.2,243,999,Public specifications
Moto G72 54 Max,Motorola,2023,Android 12,Dimensity 8100,2712x1220,6.6,AMOLED,50MP+50MP+8MP,32MP,4600,65W,12,512,Yes,Yes,USB-C 2.0,175,699,Public specifications
Play 6 90 Neo,Honor,2020,Android 11,Snapdragon 732G,2340x1080,6.5,IPS LCD,64MP+2MP+2MP,16MP,5000,33W,6,128,Yes,Yes,USB-C 2.0,201,249,Public specifications
iPhone 14 42 Pro,Apple,2021,iOS 13,Google Tensor G3,3168x1440,6.82,AMOLED,50MP+50MP+64MP,32MP,4700,120W+50W wireless,16,256,Yes,Yes,Lightning,191,1099,Public specifications
iQOO 12 26+,iQOO,2019,Android 14,Kirin 9010,2992x1344,6.8,LTPO AMOLED,200MP+12MP+10MP+10MP,12MP,4422,27W+15W MagSafe,16,512,Yes,Yes,USB-C 3.2,192,1199,Public specifications
Xperia 1 24+,Sony,2020,Android 14,Snapdragon 8 Gen 1,2992x1344,5.92,LTPO AMOLED,50MP+50MP+64MP,12MP,5400,100W+50W wireless,16,512,Yes,Yes,USB-C 3.2,213,1199,Public specifications
Magic 6 99 Lite,Honor,2021,Android 13,Dimensity 9300,3088x1440,6.2,LTPO AMOLED,50MP+48MP+48MP,10.5MP,5400,100W+50W wireless,16,256,Yes,Yes,USB-C 3.2,214,1099,Public specifications
Pixel 4 51 Max,Google,2024,Android 14,Apple A17 Pro,2796x1290,6.7,LTPO OLED,50MP+12MP+12MP,10.5MP,4900,45W+15W wireless,12,512,Yes,Yes,USB-C 3.2,231,999,Public specifications
V30 9 Lite,Vivo,2021,Android 13,Exynos 1380,2412x1080,6.7,AMOLED,108MP+8MP+2MP,12MP,4700,67W,8,256,Yes,Yes,USB-C 2.0,178,499,Public specifications
Redmi K50 53 Plus,Xiaomi,2019,Android 11,Dimensity 920,2400x1080,6.67,AMOLED,108MP+2MP+2MP,16MP,5000,44W,8,256,Yes,Yes,USB-C 2.0,179,349,Public specifications
U23 Pro 1 Max,HTC,2020,Android 12,Snapdragon 7 Gen 3,2412x1080,6.4,AMOLED,50MP+8MP+2MP,16MP,4600,65W,6,128,Yes,Yes,USB-C 2.0,215,349,Public specifications
Galaxy M2 10,Samsung,2022,Android 13,Helio G96,2400x1080,6.7,IPS LCD,108MP+2MP+2MP,16MP,4500,33W,4,128,Yes,Yes,USB-C 2.0,185,229,Public specifications
Zenfone 9 45s,Asus,2020,Android 13,Dimensity 1300,2400x1080,6.5,pOLED,64MP+8MP+2MP,16MP,4800,65W,12,256,Yes,Yes,USB-C 2.0,193,599,Public specifications
X8 33 Pro,Honor,2019,Android 12,Dimensity 7200,2340x1080,6.6,IPS LCD,64MP+8MP+2MP,16MP,5100,67W,8,256,Yes,Yes,USB-C 2.0,199,349,Public specifications
Oppo A1 30 Max,Oppo,2022,Android 12,Helio G80,1600x720,6.6,IPS LCD,50MP+2MP,5MP,4900,10W,6,64,No,No,USB-C 2.0,193,169,Public specifications
X60 47 Ultra,Vivo,2020,Android 13,Dimensity 8200,2400x1080,6.5,Super AMOLED,50MP+12MP+10MP,32MP,5000,80W,6,128,Yes,Yes,USB-C 2.0,188,349,Public specifications
TCL 20 25s,TCL,2024,Android 12,Snapdragon 450,1560x720,6.56,IPS LCD,50MP+2MP,5MP,5000,18W,6,64,No,No,USB-C 2.0,184,169,Public specifications
Pixel 5a 61+,Google,2019,Android 13,Dimensity 920,2340x1080,6.7,IPS LCD,50MP+2MP+2MP,8MP,5100,67W,4,128,Yes,Yes,USB-C 2.0,182,229,Public specifications
Pixel 6a 85 Max,Google,2023,Android 13,Dimensity 920,2400x1080,6.7,IPS LCD,50MP+8MP+2MP,16MP,5000,33W,8,128,Yes,Yes,USB-C 2.0,181,299,Public specifications
Moto G Stylus 74 Lite,Motorola,2022,Android 13,Snapdragon 778G,2400x1080,6.78,pOLED,108MP+8MP+2MP,16MP,4700,67W,8,256,Yes,Yes,USB-C 2.0,195,499,Public specifications
90 Pro 13+,Honor,2021,Android 14,Snapdragon 7 Gen 1,2400x1080,6.6,AMOLED,50MP+8MP+2MP,16MP,4500,100W,8,128,Yes,Yes,USB-C 2.0,187,399,Public specifications
Blade V50 40+,ZTE,2021,Android 11,Dimensity 7200,2412x1080,6.7,AMOLED,48MP+5MP+2MP,13MP,5100,67W,6,64,Yes,Yes,USB-C 2.0,181,199,Public specifications
Moto G54 72 Pro,Motorola,2020,Android 11,Snapdragon 732G,2400x1080,6.7,IPS LCD,50MP+2MP+2MP,13MP,4600,30W,4,128,Yes,Yes,USB-C 2.0,205,229,Public specifications
P50 36 Lite,Huawei,2022,HarmonyOS 2,Snapdragon 8+ Gen 1,3168x1440,6.2,AMOLED,200MP+12MP+10MP+10MP,50MP,5000,45W+15W wireless,12,256,Yes,Yes,USB-C 3.2,215,799,Public specifications
Reno 8 99,Oppo,2020,Android 12,Exynos 1380,2400x1080,6.7,Super AMOLED,50MP+50MP+8MP,20MP,5000,67W,6,128,Yes,Yes,USB-C 2.0,203,349,Public specifications
U23 Pro 86 SE,HTC,2023,Android 13,Dimensity 8200,2712x1220,6.5,AMOLED,50MP+8MP+2MP,20MP,4600,80W,8,256,Yes,Yes,USB-C 2.0,194,499,Public specifications
Zenfone 9 15s,Asus,2023,Android 12,Snapdragon 870,2400x1080,6.6,Super AMOLED,108MP+8MP+2MP,20MP,5000,80W,8,128,Yes,Yes,USB-C 2.0,206,399,Public specifications
Galaxy F5 47 5G,Samsung,2020,Android 12,Snapdragon 870,2412x1080,6.6,AMOLED,108MP+8MP+2MP,12MP,4600,80W,12,512,Yes,Yes,USB-C 2.0,178,699,Public specifications
Phone 2 34 Neo,Nothing,2019,Android 14,Dimensity 8100,2712x1220,6.74,AMOLED,50MP+8MP+2MP,20MP,5000,80W,12,512,Yes,Yes,USB-C 2.0,196,699,Public specifications
Pura 70 80,Huawei,2019,HarmonyOS 4,Snapdragon 8 Gen 3,2796x1290,6.8,LTPO OLED,50MP+50MP+64MP,10.5MP,5000,100W,16,512,Yes,Yes,USB-C 3.2,229,1199,Public specifications
Zenfone 9 43 Ultra,Asus,2021,Android 13,Snapdragon 888,2412x1080,6.5,AMOLED,50MP+50MP+8MP,16MP,5000,67W,12,256,Yes,Yes,USB-C 2.0,191,599,Public specifications
Mate 60 37 5G,Huawei,2019,HarmonyOS 3,Snapdragon 8 Gen 1,3200x1440,6.1,LTPO AMOLED,50MP+12MP+12MP,16MP,5400,100W+50W wireless,8,256,Yes,Yes,USB-C 3.2,236,699,Public specifications
Redmi 11 10 Pro,Xiaomi,2019,Android 11,Helio G37,1600x720,6.75,IPS LCD,13MP+5MP,5MP,6000,10W,4,64,No,No,USB-C 2.0,165,99,Public specifications
Axon 50 80+,ZTE,2024,Android 13,Snapdragon 778G,2412x1080,6.78,AMOLED,64MP+12MP+5MP,16MP,5000,80W,12,256,Yes,Yes,USB-C 2.0,181,599,Public specifications
90 Pro 91 Pro,Honor,2022,Android 12,Snapdragon 870,2400x1080,6.4,Super AMOLED,50MP+8MP+2MP,32MP,4600,80W,8,128,Yes,Yes,USB-C 2.0,189,399,Public specifications
Pixel 8a 50 Ultra,Google,2022,Android 14,Helio G96,2412x1080,6.74,AMOLED,50MP+8MP+2MP,16MP,5100,67W,8,128,Yes,Yes,USB-C 2.0,208,299,Public specifications
TCL 20 37s,TCL,2020,Android 11,Unisoc T616,1600x720,6.5,IPS LCD,48MP+2MP,5MP,5000,18W,4,64,No,No,USB-C 2.0,177,99,Public specifications
Edge 50 90+,Motorola,2024,Android 13,Snapdragon 8 Gen 1,2992x1344,6.8,LTPO AMOLED,200MP+12MP+10MP+10MP,32MP,5050,30W+23W wireless,12,512,Yes,Yes,USB-C 3.2,238,999,Public specifications
Nova 6 65s,Huawei,2020,HarmonyOS 2,Snapdragon 750G,2400x1080,6.74,IPS LCD,50MP+2MP+2MP,8MP,5100,67W,8,256,Yes,Yes,USB-C 2.0,203,349,Public specifications
Galaxy Z Flip 97 Pro,Samsung,2022,Android 13,Snapdragon 8 Gen 1,3088x1440,6.82,LTPO AMOLED,50MP+12MP+12MP,50MP,5400,100W+50W wireless,12,256,Yes,Yes,USB-C 3.2,190,799,Public specifications
Zenfone 8 2s,Asus,2019,Android 13,Snapdragon 7 Gen 1,2712x1220,6.74,AMOLED,50MP+32MP+12MP,20MP,5000,80W,6,128,Yes,Yes,USB-C 2.0,211,349,Public specifications
Razr 40 58 Ultra,Motorola,2024,Android 14,Kirin 9010,2796x1290,6.82,LTPO OLED,108MP+12MP+10MP+10MP,32MP,5000,100W,16,256,Yes,Yes,USB-C 3.2,197,1099,Public specifications
Xperia Pro 6 Ultra,Sony,2022,Android 13,Exynos 2100,3200x1440,6.8,LTPO AMOLED,108MP+12MP+10MP+10MP,32MP,4610,90W+50W wireless,16,512,Yes,Yes,USB-C 3.2,194,1199,Public specifications
OnePlus Open 54,OnePlus,2019,Android 14,Apple A17 Pro,2796x1290,6.7,LTPO OLED,50MP+50MP+64MP,16MP,4900,45W+15W wireless,16,512,Yes,Yes,USB-C 3.2,212,1199,Public specifications
iQOO Z5 20 SE,iQOO,2021,Android 11,Snapdragon 732G,2400x1080,6.6,IPS LCD,64MP+8MP+2MP,13MP,5000,18W,6,64,Yes,Yes,USB-C 2.0,191,199,Public specifications
Pixel 9 51 Pro,Google,2024,Android 11,Google Tensor G4,2556x1179,6.82,OLED,48MP+12MP+12MP,10.5MP,5050,30W+23W wireless,16,512,Yes,Yes,USB-C 3.2,216,1199,Public specifications
X70 63s,Vivo,2021,Android 13,Snapdragon 8 Gen 2,2796x1290,6.82,LTPO OLED,50MP+12MP+12MP,12MP,5400,100W+50W wireless,16,512,Yes,Yes,USB-C 3.2,194,1199,Public specifications
Xperia L 54 Neo,Sony,2023,Android 12,Snapdragon 695,2340x1080,6.74,AMOLED,64MP+2MP+2MP,16MP,4500,33W,8,256,Yes,Yes,USB-C 2.0,197,349,Public specifications
90 Pro 17 Plus,Honor,2023,Android 14,Dimensity 8300,2712x1220,6.6,AMOLED,64MP+12MP+5MP,20MP,4600,65W,8,256,Yes,Yes,USB-C 2.0,205,499,Public specifications
iPhone 15 48 Max,Apple,2022,iOS 14,Apple A14,2992x1344,5.92,LTPO AMOLED,50MP+48MP+12MP,16MP,5050,30W+23W wireless,16,256,Yes,Yes,Lightning,235,1099,Public specifications
Moto G100 90 Lite,Motorola,2020,Android 13,Snapdragon 778G,2712x1220,6.7,AMOLED,50MP+50MP+8MP,12MP,4700,67W,6,128,Yes,Yes,USB-C 2.0,190,349,Public specifications
GT 2 3 Ultra,Realme,2022,Android 14,Snapdragon 8+ Gen 1,3200x1440,6.82,LTPO AMOLED,200MP+12MP+10MP+10MP,12MP,5400,100W+50W wireless,12,256,Yes,Yes,USB-C 3.2,214,799,Public specifications
Magic 4 9 Neo,Honor,2022,Android 14,Exynos 2200,2992x1344,6.1,LTPO AMOLED,48MP+12MP+12MP,16MP,4900,45W+15W wireless,16,256,Yes,Yes,USB-C 3.2,200,1099,Public specifications
Xperia Pro 42 Ultra,Sony,2023,Android 13,Kirin 9010,2556x1179,6.7,OLED,200MP+12MP+10MP+10MP,32MP,5400,100W+50W wireless,16,512,Yes,Yes,USB-C 3.2,241,1199,Public specifications
C35 25 SE,Realme,2023,Android 12,Unisoc T616,1600x720,6.65,IPS LCD,50MP+2MP,8MP,4500,10W,4,64,No,No,USB-C 2.0,183,129,Public specifications
Xperia L 90,Sony,2024,Android 13,Snapdragon 750G,2340x1080,6.5,AMOLED,50MP+8MP+2MP,16MP,4500,33W,6,128,Yes,Yes,USB-C 2.0,196,249,Public specifications
Xiaomi 12 19 Neo,Xiaomi,2021,Android 14,Exynos 2200,2556x1179,6.1,OLED,200MP+12MP+10MP+10MP,12MP,5000,100W,16,256,Yes,Yes,USB-C 3.2,214,1099,Public specifications
Moto G Stylus 37 Pro,Motorola,2021,Android 13,Exynos 1380,2772x1240,6.78,AMOLED,108MP+8MP+2MP,16MP,4600,80W,8,128,Yes,Yes,USB-C 2.0,210,399,Public specifications
Y22 41 Max,Vivo,2020,Android 10,Snapdragon 480,1600x720,6.6,IPS LCD,50MP+2MP+2MP,5MP,4500,10W,4,128,No,No,USB-C 2.0,185,149,Public specifications
90 Pro 37 Ultra,Honor,2019,Android 14,Exynos 1380,2412x1080,6.67,AMOLED,50MP+8MP+2MP,12MP,4600,80W,8,256,Yes,Yes,USB-C 2.0,179,499,Public specifications
Redmi 10 67 Pro,Xiaomi,2022,Android 10,Exynos 850,1612x720,6.5,IPS LCD,13MP+2MP,8MP,5050,18W,4,128,No,No,USB-C 2.0,186,149,Public specifications
iQOO 12 52 Plus,iQOO,2019,Android 14,Snapdragon 8 Gen 2,2556x1179,6.82,OLED,50MP+50MP+64MP,16MP,4610,90W+50W wireless,12,512,Yes,Yes,USB-C 3.2,237,999,Public specifications
Pixel 5a 15 5G,Google,2024,Android 13,Snapdragon 720G,2400x1080,6.74,IPS LCD,64MP+8MP+2MP,13MP,5000,33W,6,128,Yes,Yes,USB-C 2.0,184,249,Public specifications
Y55 29 Lite,Vivo,2024,Android 10,Helio G80,1612x720,6.75,IPS LCD,13MP+2MP+2MP,8MP,5050,18W,6,64,No,No,USB-C 2.0,207,169,Public specifications
Reno 7 98 5G,Oppo,2020,Android 13,Dimensity 1080,2400x1080,6.5,AMOLED,64MP+2MP+2MP,16MP,4600,30W,6,128,Yes,Yes,USB-C 2.0,207,249,Public specifications
Galaxy A2 75 Neo,Samsung,2020,Android 11,Snapdragon 695,2340x1080,6.72,AMOLED,64MP+2MP+2MP,13MP,4600,30W,8,256,Yes,Yes,USB-C 2.0,195,349,Public specifications
Pixel 7a 81 SE,Google,2020,Android 14,Snapdragon 750G,2340x1080,6.6,AMOLED,108MP+2MP+2MP,8MP,4600,30W,6,64,Yes,Yes,USB-C 2.0,208,199,Public specifications
Edge 40 42 5G,Motorola,2024,Android 13,Exynos 2200,3088x1440,6.82,LTPO AMOLED,48MP+12MP+12MP,50MP,4422,27W+15W MagSafe,16,512,Yes,Yes,USB-C 3.2,227,1199,Public specifications
11 Pro 24+,Realme,2023,Android 12,Snapdragon 7 Gen 3,2400x1080,6.5,pOLED,50MP+50MP+8MP,16MP,5000,80W,8,256,Yes,Yes,USB-C 2.0,194,499,Public specifications
Pova 5 76 5G,Tecno,2023,Android 12,Dimensity 7200,2400x1080,6.6,IPS LCD,64MP+8MP+2MP,16MP,4600,30W,8,256,Yes,Yes,USB-C 2.0,171,349,Public specifications
Moto E40 24 Ultra,Motorola,2022,Android 10,Helio P65,2400x1080,6.6,IPS LCD,50MP+2MP+2MP,5MP,4500,10W,4,128,No,No,USB-C 2.0,203,149,Public specifications
iQOO 12 62 Plus,iQOO,2023,Android 14,Google Tensor G4,3168x1440,6.1,AMOLED,50MP+50MP+50MP,12MP,5000,45W+15W wireless,12,256,Yes,Yes,USB-C 3.2,188,799,Public specifications
Spark 10 1 5G,Tecno,2020,Android 11,Snapdragon 662,2400x1080,6.56,IPS LCD,50MP+2MP+2MP,5MP,5000,15W,4,64,No,No,USB-C 2.0,206,99,Public specifications
Pixel 6 10 5G,Google,2020,Android 12,Exynos 2100,3168x1440,6.7,AMOLED,50MP+48MP+48MP,32MP,4422,27W+15W MagSafe,12,256,Yes,Yes,USB-C 3.2,201,799,Public specifications
V20 82s,Vivo,2024,Android 11,Snapdragon 4 Gen 1,2400x1080,6.5,AMOLED,50MP+2MP+2MP,16MP,5000,33W,6,128,Yes,Yes,USB-C 2.0,185,249,Public specifications
Y76 3 SE,Vivo,2024,Android 12,Dimensity 1080,2400x1080,6.7,AMOLED,64MP+2MP+2MP,16MP,5000,25W,6,128,Yes,Yes,USB-C 2.0,194,249,Public specifications
Galaxy A5 56 Neo,Samsung,2021,Android 13,Dimensity 8100,2772x1240,6.78,AMOLED,50MP+8MP+2MP,12MP,4600,80W,8,128,Yes,Yes,USB-C 2.0,193,399,Public specifications
Axon 40 35,ZTE,2019,Android 12,Exynos 1280,2712x1220,6.78,AMOLED,50MP+50MP+8MP,32MP,4700,67W,12,512,Yes,Yes,USB-C 2.0,177,699,Public specifications
Fairphone 4 30,Fairphone,2022,Android 13,Dimensity 8300,2712x1220,6.78,AMOLED,50MP+8MP+2MP,12MP,4500,100W,12,512,Yes,Yes,USB-C 2.0,209,699,Public specifications
Nord CE 3 48 Plus,OnePlus,2022,Android 14,Dimensity 1200,2772x1240,6.7,AMOLED,108MP+8MP+2MP,20MP,5000,67W,8,256,Yes,Yes,USB-C 2.0,198,499,Public specifications
Y76 19s,Vivo,2019,Android 12,Snapdragon 4 Gen 1,2400x1080,6.7,IPS LCD,64MP+2MP+2MP,13MP,5000,18W,8,256,Yes,Yes,USB-C 2.0,208,349,Public specifications
Edge 50 46s,Motorola,2020,Android 14,Kirin 9000S,3200x1440,5.92,LTPO AMOLED,200MP+12MP+10MP+10MP,12MP,5400,100W+50W wireless,8,256,Yes,Yes,USB-C 3.2,223,699,Public specifications
Nokia G3 27 Max,Nokia,2019,Android 11,Snapdragon 690,2400x1080,6.72,IPS LCD,64MP+8MP+2MP,13MP,4600,30W,6,128,Yes,Yes,USB-C 2.0,206,249,Public specifications
Galaxy Z Flip 86 Pro,Samsung,2021,Android 14,Apple A14,3168x1440,5.92,AMOLED,50MP+48MP+12MP,50MP,5000,45W+15W wireless,16,256,Yes,Yes,USB-C 3.2,220,1099,Public specifications
Oppo A7 74 Ultra,Oppo,2024,Android 11,Helio G90T,2400x1080,6.6,IPS LCD,64MP+2MP+2MP,13MP,5000,25W,6,64,Yes,Yes,USB-C 2.0,182,199,Public specifications
TCL 20 14 Neo,TCL,2020,Android 12,Helio G80,1600x720,6.56,IPS LCD,50MP+2MP+2MP,8MP,5000,10W,6,64,No,No,USB-C 2.0,199,169,Public specifications
X9 4,Honor,2021,Android 11,Snapdragon 695,2340x1080,6.5,AMOLED,64MP+8MP+2MP,16MP,5000,25W,6,128,Yes,Yes,USB-C 2.0,198,249,Public specifications
POCO M5 85 Max,Xiaomi,2020,Android 12,Snapdragon 695,2340x1080,6.67,IPS LCD,108MP+2MP+2MP,8MP,4500,33W,6,64,Yes,Yes,USB-C 2.0,189,199,Public specifications
X70 87 Neo,Vivo,2022,Android 13,Snapdragon 8 Gen 2,3200x1440,5.92,LTPO AMOLED,50MP+48MP+12MP,32MP,4422,27W+15W MagSafe,16,256,Yes,Yes,USB-C 3.2,240,1099,Public specifications
Note 30 99+,Infinix,2022,Android 14,Dimensity 7050,2340x1080,6.5,IPS LCD,108MP+2MP+2MP,13MP,4500,33W,6,64,Yes,Yes,USB-C 2.0,172,199,Public specifications
GT 6 33 Plus,Realme,2024,Android 14,Snapdragon 8 Gen 1,3088x1440,6.8,LTPO AMOLED,50MP+50MP+50MP,16MP,5000,45W+15W wireless,16,512,Yes,Yes,USB-C 3.2,206,1199,Public specifications
Xperia L 42 5G,Sony,2019,Android 12,Dimensity 920,2340x1080,6.7,IPS LCD,50MP+8MP+5MP,16MP,5000,25W,4,128,Yes,Yes,USB-C 2.0,170,229,Public specifications
ROG Phone 6 65 Neo,Asus,2023,Android 12,Snapdragon 7 Gen 1,2412x1080,6.67,AMOLED,64MP+8MP+2MP,16MP,4500,100W,6,128,Yes,Yes,USB-C 2.0,178,349,Public specifications
Razr 40 90 Plus,Motorola,2023,Android 13,Kirin 9010,2992x1344,6.7,LTPO AMOLED,108MP+12MP+10MP+10MP,32MP,4900,45W+15W wireless,12,256,Yes,Yes,USB-C 3.2,206,799,Public specifications
X100 10 Lite,Vivo,2019,Android 13,Kirin 9010,3200x1440,6.8,LTPO AMOLED,50MP+50MP+50MP,12MP,4610,90W+50W wireless,12,512,Yes,Yes,USB-C 3.2,204,999,Public specifications
Nord N2 88 SE,OnePlus,2020,Android 12,Snapdragon 7s Gen 2,2400x1080,6.5,IPS LCD,50MP+8MP+2MP,16MP,5100,67W,6,128,Yes,Yes,USB-C 2.0,178,249,Public specifications
Redmi 12 64 Ultra,Xiaomi,2021,Android 13,Snapdragon 450,1600x720,6.72,IPS LCD,48MP+2MP,8MP,4500,10W,3,32,No,No,USB-C 2.0,205,79,Public specifications
C55 61,Realme,2021,Android 11,Helio A22,2400x1080,6.5,IPS LCD,13MP+2MP+2MP,5MP,5000,15W,4,64,No,No,USB-C 2.0,207,99,Public specifications
Nokia C2 65 Lite,Nokia,2020,Android 11,Snapdragon 632,1612x720,6.65,IPS LCD,13MP+2MP,8MP,5000,10W,4,64,No,No,USB-C 2.0,207,99,Public specifications
Pixel 6 72 5G,Google,2019,Android 12,Kirin 9010,3088x1440,6.82,LTPO AMOLED,200MP+12MP+10MP+10MP,12MP,4610,90W+50W wireless,12,256,Yes,Yes,USB-C 3.2,199,799,Public specifications
Pixel 8 18 Max,Google,2024,Android 12,Snapdragon 8 Gen 3,2796x1290,6.82,LTPO OLED,50MP+48MP+48MP,12MP,4422,27W+15W MagSafe,12,256,Yes,Yes,USB-C 3.2,202,799,Public specifications
P30 Lite 39 Pro,Huawei,2024,Android 10,Dimensity 7200,2400x1080,6.6,IPS LCD,50MP+8MP+5MP,16MP,5100,67W,8,128,Yes,Yes,USB-C 2.0,200,299,Public specifications
Y15 13 Pro,Vivo,2023,Android 10,Snapdragon 680,1560x720,6.52,IPS LCD,50MP+2MP+2MP,8MP,5000,10W,2,32,No,No,USB-C 2.0,174,59,Public specifications
Fairphone 5 66+,Fairphone,2021,Android 13,Exynos 1380,2772x1240,6.5,AMOLED,64MP+8MP+2MP,16MP,4600,65W,12,256,Yes,Yes,USB-C 2.0,201,599,Public specifications
Galaxy F1 42 Max,Samsung,2020,Android 10,Helio G88,1612x720,6.65,IPS LCD,50MP+2MP+2MP,8MP,4900,10W,6,64,No,No,USB-C 2.0,173,169,Public specifications
Y12 53s,Vivo,2022,Android 12,Snapdragon 439,1600x720,6.56,IPS LCD,13MP+5MP,5MP,5000,18W,3,32,No,No,USB-C 2.0,169,79,Public specifications
X100 9 Plus,Vivo,2022,Android 14,Snapdragon 8 Gen 1,3168x1440,6.7,AMOLED,200MP+12MP+10MP+10MP,16MP,4422,27W+15W MagSafe,16,256,Yes,Yes,USB-C 3.2,202,1099,Public specifications
Y76 69 SE,Vivo,2024,Android 12,Dimensity 7200,2340x1080,6.7,AMOLED,50MP+8MP+5MP,16MP,4600,30W,6,64,Yes,Yes,USB-C 2.0,207,199,Public specifications
TCL 30 78 SE,TCL,2022,Android 14,Helio G96,2412x1080,6.74,AMOLED,50MP+8MP+2MP,16MP,4500,33W,6,128,Yes,Yes,USB-C 2.0,191,249,Public specifications
C15 81+,Realme,2023,Android 12,Helio A22,1600x720,6.65,IPS LCD,50MP+2MP,8MP,6000,10W,4,128,No,No,USB-C 2.0,179,149,Public specifications
Nokia X3 73 Lite,Nokia,2021,Android 12,Dimensity 8200,2712x1220,6.6,AMOLED,64MP+8MP+2MP,20MP,4800,65W,12,512,Yes,Yes,USB-C 2.0,213,699,Public specifications
X90 99 5G,Vivo,2023,Android 13,Apple A15,3168x1440,6.8,AMOLED,50MP+48MP+12MP,16MP,5400,100W+50W wireless,12,512,Yes,Yes,USB-C 3.2,218,999,Public specifications
Nord N3 93 5G,OnePlus,2024,Android 13,Helio G96,2400x1080,6.6,IPS LCD,50MP+8MP+2MP,13MP,5100,67W,8,256,Yes,Yes,USB-C 2.0,201,349,Public specifications
Find X7 62 5G,Oppo,2021,Android 14,Kirin 9000S,2556x1179,6.1,OLED,50MP+48MP+12MP,10.5MP,4700,120W+50W wireless,8,256,Yes,Yes,USB-C 3.2,192,699,Public specifications
Reno 8 9 Lite,Oppo,2021,Android 12,Snapdragon 888,2712x1220,6.78,AMOLED,50MP+12MP+10MP,16MP,4800,65W,6,128,Yes,Yes,USB-C 2.0,207,349,Public specifications
P40 Lite 35,Huawei,2022,HarmonyOS 3,Dimensity 8100,2400x1080,6.67,Super AMOLED,50MP+12MP+10MP,12MP,4600,80W,12,512,Yes,Yes,USB-C 2.0,195,699,Public specifications
Redmi Note 10 16 Ultra,Xiaomi,2023,Android 11,Snapdragon 4 Gen 1,2400x1080,6.72,AMOLED,64MP+8MP+2MP,13MP,4500,33W,6,128,Yes,Yes,USB-C 2.0,187,249,Public specifications
Redmi 11 27,Xiaomi,2023,Android 13,Snapdragon 632,1600x720,6.56,IPS LCD,13MP+2MP+2MP,8MP,5000,15W,4,64,No,No,USB-C 2.0,182,99,Public specifications
Moto G53 30 Lite,Motorola,2020,Android 11,Helio G99,2412x1080,6.6,AMOLED,108MP+2MP+2MP,8MP,4600,30W,8,256,Yes,Yes,USB-C 2.0,171,349,Public specifications
Mate 40 98 Lite,Huawei,2023,HarmonyOS 3,Apple A16,3200x1440,6.1,LTPO AMOLED,50MP+50MP+50MP,12MP,4422,27W+15W MagSafe,12,512,Yes,Yes,USB-C 3.2,232,999,Public specifications
70 16+,Honor,2020,Android 13,Snapdragon 870,2400x1080,6.5,pOLED,64MP+8MP+2MP,32MP,5000,67W,6,128,Yes,Yes,USB-C 2.0,189,349,Public specifications
Edge 30 31s,Motorola,2020,Android 12,Dimensity 8300,2400x1080,6.67,pOLED,50MP+32MP+12MP,12MP,4600,65W,12,512,Yes,Yes,USB-C 2.0,189,699,Public specifications
Redmi Note 13 92 Neo,Xiaomi,2022,Android 13,Dimensity 1300,2772x1240,6.78,AMOLED,64MP+12MP+5MP,16MP,4600,65W,6,128,Yes,Yes,USB-C 2.0,176,349,Public specifications
C25 87 Neo,Realme,2023,Android 10,Snapdragon 680,1560x720,6.65,IPS LCD,50MP+2MP,8MP,5000,15W,6,64,No,No,USB-C 2.0,189,169,Public specifications
Spark 20 48 Pro,Tecno,2020,Android 12,Helio G90T,2400x1080,6.6,AMOLED,108MP+2MP+2MP,16MP,5000,25W,6,64,Yes,Yes,USB-C 2.0,190,199,Public specifications
Nokia C2 32 5G,Nokia,2020,Android 11,Snapdragon 632,1612x720,6.65,IPS LCD,48MP+2MP,5MP,5000,15W,2,32,No,No,USB-C 2.0,206,59,Public specifications
TCL 50 92,TCL,2022,Android 13,Dimensity 7050,2412x1080,6.7,AMOLED,48MP+5MP+2MP,8MP,5000,18W,6,128,Yes,Yes,USB-C 2.0,198,249,Public specifications
X100 33 Ultra,Vivo,2020,Android 14,Apple A14,2796x1290,6.2,LTPO OLED,50MP+48MP+12MP,32MP,5000,100W,12,512,Yes,Yes,USB-C 3.2,239,999,Public specifications
P30 Lite 5 Max,Huawei,2023,Android 10,Dimensity 7200,2400x1080,6.5,AMOLED,50MP+8MP+5MP,16MP,5000,33W,8,128,Yes,Yes,USB-C 2.0,205,299,Public specifications
Galaxy F0 68 5G,Samsung,2020,Android 10,Snapdragon 662,1612x720,6.56,IPS LCD,50MP+2MP,5MP,6000,10W,6,64,No,No,USB-C 2.0,179,169,Public specifications
Oppo A3 67+,Oppo,2024,Android 10,Helio P65,1600x720,6.75,IPS LCD,13MP+2MP+2MP,8MP,5000,18W,2,32,No,No,USB-C 2.0,176,59,Public specifications
Moto G52 55 Pro,Motorola,2019,Android 12,Snapdragon 720G,2400x1080,6.5,AMOLED,50MP+8MP+5MP,16MP,4600,30W,6,128,Yes,Yes,USB-C 2.0,187,249,Public specifications
Smart 7 16 Neo,Infinix,2020,Android 12,Snapdragon 480,1600x720,6.52,PLS LCD,50MP+2MP+2MP,5MP,5000,10W,3,32,No,No,USB-C 2.0,165,79,Public specifications
Nokia XR 66,Nokia,2022,Android 13,Dimensity 1200,2412x1080,6.4,AMOLED,50MP+8MP+2MP,16MP,4700,67W,8,256,Yes,Yes,USB-C 2.0,184,499,Public specifications
Camon 19 78 Ultra,Tecno,2019,Android 10,Unisoc T616,1600x720,6.72,PLS LCD,48MP+2MP,5MP,4900,10W,4,64,No,No,USB-C 2.0,210,129,Public specifications
Xperia 10 9 Max,Sony,2022,Android 12,Snapdragon 732G,2400x1080,6.74,AMOLED,48MP+5MP+2MP,16MP,4600,30W,6,64,Yes,Yes,USB-C 2.0,205,199,Public specifications
C11 68 Neo,Realme,2022,Android 11,Unisoc T606,1560x720,6.65,IPS LCD,50MP+2MP,5MP,6000,10W,4,128,No,No,USB-C 2.0,175,149,Public specifications
11 Pro 5 Lite,Realme,2022,Android 12,Snapdragon 7 Gen 1,2412x1080,6.67,AMOLED,108MP+8MP+2MP,20MP,4600,80W,6,128,Yes,Yes,USB-C 2.0,199,349,Public specifications
Moto G30 41 Neo,Motorola,2020,Android 10,Helio P65,1600x720,6.75,IPS LCD,13MP+5MP,5MP,6000,10W,2,32,No,No,USB-C 2.0,193,59,Public specifications
Fairphone 5 51 Lite,Fairphone,2022,Android 13,Snapdragon 778G,2400x1080,6.67,AMOLED,64MP+8MP+2MP,16MP,4500,100W,12,512,Yes,Yes,USB-C 2.0,204,699,Public specifications
Find X7 17 Max,Oppo,2019,Android 14,Snapdragon 8 Gen 2,2992x1344,6.7,LTPO AMOLED,200MP+12MP+10MP+10MP,16MP,5000,45W+15W wireless,16,256,Yes,Yes,USB-C 3.2,207,1099,Public specifications
Y75 56+,Vivo,2022,Android 13,Helio G99,2340x1080,6.5,AMOLED,48MP+5MP+2MP,13MP,4600,30W,6,64,Yes,Yes,USB-C 2.0,174,199,Public specifications
Nokia C3 40 Plus,Nokia,2021,Android 10,Helio G80,1600x720,6.65,IPS LCD,13MP+2MP,5MP,4500,10W,2,32,No,No,USB-C 2.0,168,59,Public specifications
Galaxy A7 67 Ultra,Samsung,2021,Android 14,Snapdragon 7 Gen 3,2400x1080,6.67,pOLED,50MP+12MP+10MP,20MP,4600,65W,6,128,Yes,Yes,USB-C 2.0,214,349,Public specifications
Nokia X3 7 Plus,Nokia,2024,Android 13,Exynos 1380,2400x1080,6.4,AMOLED,50MP+12MP+10MP,16MP,5000,67W,6,128,Yes,Yes,USB-C 2.0,210,349,Public specifications
Axon 50 49 Ultra,ZTE,2020,Android 12,Exynos 1280,2400x1080,6.78,Super AMOLED,50MP+12MP+10MP,20MP,4700,67W,8,256,Yes,Yes,USB-C 2.0,180,499,Public specifications
60 Pro 51 Lite,Honor,2023,Android 13,Snapdragon 7 Gen 3,2400x1080,6.67,AMOLED,108MP+8MP+2MP,16MP,4700,67W,8,256,Yes,Yes,USB-C 2.0,187,499,Public specifications
Oppo A5 71 SE,Oppo,2024,Android 11,Helio A22,1612x720,6.56,IPS LCD,13MP+2MP,8MP,5000,10W,4,64,No,No,USB-C 2.0,195,99,Public specifications
iQOO Z7 60 Pro,iQOO,2023,Android 11,Helio G96,2400x1080,6.67,IPS LCD,64MP+8MP+2MP,13MP,5000,44W,6,64,Yes,Yes,USB-C 2.0,193,199,Public specifications
Spark 8 74 Plus,Tecno,2024,Android 11,Snapdragon 480,1600x720,6.72,IPS LCD,50MP+2MP,8MP,5000,18W,4,64,No,No,USB-C 2.0,210,129,Public specifications
P30 Lite 77 Lite,Huawei,2021,HarmonyOS 2,Snapdragon 720G,2400x1080,6.72,AMOLED,50MP+2MP+2MP,16MP,4500,33W,8,256,Yes,Yes,USB-C 2.0,201,349,Public specifications
Axon 40 76 5G,ZTE,2020,Android 12,Snapdragon 888,2712x1220,6.78,AMOLED,50MP+8MP+2MP,32MP,4800,65W,8,256,Yes,Yes,USB-C 2.0,190,499,Public specifications
V20 90 Plus,Vivo,2021,Android 11,Dimensity 920,2340x1080,6.67,AMOLED,50MP+2MP+2MP,16MP,5000,18W,4,128,Yes,Yes,USB-C 2.0,175,229,Public specifications
Xperia 10 85+,Sony,2022,Android 13,Snapdragon 4 Gen 1,2340x1080,6.6,AMOLED,64MP+8MP+2MP,16MP,5000,18W,6,64,Yes,Yes,USB-C 2.0,200,199,Public specifications
Galaxy M5 16 5G,Samsung,2022,Android 13,Snapdragon 870,2400x1080,6.67,pOLED,50MP+12MP+10MP,16MP,4800,65W,8,256,Yes,Yes,USB-C 2.0,190,499,Public specifications
Moto G73 22 Ultra,Motorola,2019,Android 13,Snapdragon 732G,2412x1080,6.5,AMOLED,48MP+5MP+2MP,13MP,5000,18W,6,128,Yes,Yes,USB-C 2.0,175,249,Public specifications
iQOO Z5 20 Plus,iQOO,2020,Android 11,Dimensity 7050,2400x1080,6.7,IPS LCD,64MP+8MP+2MP,16MP,5000,33W,6,128,Yes,Yes,USB-C 2.0,172,249,Public specifications
POCO C5 87s,Xiaomi,2021,Android 12,Snapdragon 632,1600x720,6.56,IPS LCD,50MP+2MP,8MP,5000,15W,4,64,No,No,USB-C 2.0,171,129,Public specifications
Galaxy M2 6 SE,Samsung,2021,Android 11,Snapdragon 695,2400x1080,6.5,IPS LCD,50MP+8MP+5MP,16MP,5000,18W,6,64,Yes,Yes,USB-C 2.0,207,199,Public specifications
Moto G52 10 SE,Motorola,2024,Android 13,Snapdragon 750G,2400x1080,6.6,IPS LCD,64MP+8MP+2MP,16MP,4600,30W,8,256,Yes,Yes,USB-C 2.0,202,349,Public specifications
POCO X6 29 5G,Xiaomi,2022,Android 14,Snapdragon 7 Gen 3,2400x1080,6.74,pOLED,50MP+50MP+8MP,20MP,5000,80W,8,256,Yes,Yes,USB-C 2.0,203,499,Public specifications
Nokia 5 38s,Nokia,2021,Android 11,Exynos 850,2400x1080,6.72,IPS LCD,48MP+2MP,5MP,6000,10W,4,128,No,No,USB-C 2.0,178,149,Public specifications
Xperia L 91 Pro,Sony,2022,Android 12,Snapdragon 695,2400x1080,6.5,AMOLED,64MP+8MP+2MP,13MP,5000,33W,8,128,Yes,Yes,USB-C 2.0,178,299,Public specifications
OnePlus Open 37 Ultra,OnePlus,2019,Android 13,Dimensity 9300,2556x1179,6.8,OLED,50MP+50MP+50MP,16MP,5000,100W,16,512,Yes,Yes,USB-C 3.2,244,1199,Public specifications
CMF Phone 91 Lite,Nothing,2021,Android 14,Dimensity 1300,2400x1080,6.5,Super AMOLED,50MP+8MP+2MP,20MP,4700,67W,12,512,Yes,Yes,USB-C 2.0,179,699,Public specifications
Galaxy A0 50 Pro,Samsung,2021,Android 12,Snapdragon 439,2400x1080,6.75,IPS LCD,48MP+2MP,5MP,6000,10W,2,32,No,No,USB-C 2.0,193,59,Public specifications
POCO C4 85 Ultra,Xiaomi,2022,Android 13,Snapdragon 632,1560x720,6.56,IPS LCD,8MP+2MP,5MP,5000,15W,4,64,No,No,USB-C 2.0,170,129,Public specifications
GT 5 6 Pro,Realme,2019,Android 13,Apple A14,2556x1179,6.8,OLED,108MP+12MP+10MP+10MP,32MP,5050,30W+23W wireless,12,512,Yes,Yes,USB-C 3.2,234,999,Public specifications
Galaxy Z Flip 44 SE,Samsung,2020,Android 14,Dimensity 9200,2796x1290,6.2,LTPO OLED,50MP+48MP+48MP,12MP,5000,100W,8,256,Yes,Yes,USB-C 3.2,194,699,Public specifications
Nokia 8 68 SE,Nokia,2024,Android 12,Helio G99,2412x1080,6.7,AMOLED,50MP+8MP+2MP,16MP,5100,67W,6,128,Yes,Yes,USB-C 2.0,207,249,Public specifications
P60 97 Neo,Huawei,2019,HarmonyOS 2,Snapdragon 8 Gen 2,2796x1290,5.92,LTPO OLED,50MP+48MP+12MP,12MP,4610,90W+50W wireless,8,256,Yes,Yes,USB-C 3.2,215,699,Public specifications
Spark 20 78 SE,Tecno,2021,Android 13,Snapdragon 720G,2340x1080,6.67,AMOLED,50MP+8MP+5MP,13MP,5000,25W,6,64,Yes,Yes,USB-C 2.0,172,199,Public specifications
Smart 7 75 5G,Infinix,2022,Android 12,Snapdragon 680,1600x720,6.75,PLS LCD,13MP+2MP,5MP,5000,15W,4,64,No,No,USB-C 2.0,180,129,Public specifications
Reno 7 7+,Oppo,2024,Android 12,Snapdragon 4 Gen 1,2340x1080,6.72,AMOLED,108MP+2MP+2MP,13MP,5000,18W,6,128,Yes,Yes,USB-C 2.0,210,249,Public specifications
iQOO Z6 85,iQOO,2019,Android 13,Dimensity 1080,2412x1080,6.67,AMOLED,50MP+8MP+2MP,13MP,5000,44W,4,128,Yes,Yes,USB-C 2.0,185,229,Public specifications
Reno 9 70s,Oppo,2020,Android 12,Snapdragon 870,2400x1080,6.74,AMOLED,64MP+12MP+5MP,16MP,4600,80W,12,256,Yes,Yes,USB-C 2.0,205,599,Public specifications
Galaxy A5 96 5G,Samsung,2020,Android 12,Snapdragon 778G,2400x1080,6.67,Super AMOLED,108MP+8MP+2MP,20MP,5000,67W,8,256,Yes,Yes,USB-C 2.0,185,499,Public specifications
Find X8 40 Plus,Oppo,2021,Android 14,Snapdragon 8 Gen 1,3088x1440,6.1,LTPO AMOLED,200MP+12MP+10MP+10MP,12MP,4422,27W+15W MagSafe,12,512,Yes,Yes,USB-C 3.2,196,999,Public specifications
POCO M5 16 Plus,Xiaomi,2023,Android 12,Snapdragon 4 Gen 1,2412x1080,6.74,AMOLED,50MP+2MP+2MP,13MP,5000,33W,6,64,Yes,Yes,USB-C 2.0,187,199,Public specifications
iQOO Z7 12 Ultra,iQOO,2019,Android 12,Snapdragon 732G,2400x1080,6.74,IPS LCD,50MP+8MP+5MP,16MP,4600,30W,8,256,Yes,Yes,USB-C 2.0,209,349,Public specifications
Zero 30 21 Pro,Infinix,2021,Android 12,Dimensity 7200,2400x1080,6.74,IPS LCD,108MP+2MP+2MP,13MP,5000,25W,6,64,Yes,Yes,USB-C 2.0,171,199,Public specifications
Nokia 7 14 Plus,Nokia,2022,Android 12,Snapdragon 4 Gen 1,2400x1080,6.74,IPS LCD,50MP+8MP+2MP,16MP,5000,25W,4,128,Yes,Yes,USB-C 2.0,207,229,Public specifications
Blade A7 96 Lite,ZTE,2021,Android 11,Snapdragon 7s Gen 2,2340x1080,6.7,IPS LCD,50MP+8MP+5MP,16MP,4600,30W,6,64,Yes,Yes,USB-C 2.0,193,199,Public specifications
Pixel 9 58 Lite,Google,2024,Android 14,Snapdragon 8 Gen 3,2556x1179,6.8,OLED,50MP+48MP+12MP,12MP,5400,100W+50W wireless,16,256,Yes,Yes,USB-C 3.2,238,1099,Public specifications
Galaxy Z Flip 11 Pro,Samsung,2023,Android 13,Snapdragon 8+ Gen 1,2556x1179,6.8,OLED,50MP+12MP+12MP,12MP,4900,45W+15W wireless,16,512,Yes,Yes,USB-C 3.2,220,1199,Public specifications
Axon 40 80,ZTE,2022,Android 12,Snapdragon 888,2400x1080,6.78,Super AMOLED,108MP+8MP+2MP,32MP,4500,100W,6,128,Yes,Yes,USB-C 2.0,193,349,Public specifications
Galaxy A1 39s,Samsung,2022,Android 11,Snapdragon 732G,2340x1080,6.67,IPS LCD,48MP+5MP+2MP,16MP,5000,25W,8,256,Yes,Yes,USB-C 2.0,174,349,Public specifications
Narzo 60 64 5G,Realme,2020,Android 11,Helio G90T,2340x1080,6.67,AMOLED,50MP+2MP+2MP,13MP,5000,33W,8,256,Yes,Yes,USB-C 2.0,175,349,Public specifications
Fairphone 5 47+,Fairphone,2023,Android 12,Snapdragon 7 Gen 1,2712x1220,6.5,AMOLED,50MP+50MP+8MP,20MP,4500,100W,8,128,Yes,Yes,USB-C 2.0,188,399,Public specifications
Nova 7 7 5G,Huawei,2023,Android 10,Snapdragon 750G,2412x1080,6.74,AMOLED,50MP+8MP+5MP,13MP,5100,67W,6,128,Yes,Yes,USB-C 2.0,206,249,Public specifications
Fairphone 4 13 Max,Fairphone,2024,Android 13,Snapdragon 888,2400x1080,6.6,AMOLED,108MP+8MP+2MP,16MP,4600,80W,12,256,Yes,Yes,USB-C 2.0,178,599,Public specifications
Redmi 11 76,Xiaomi,2023,Android 10,Helio G85,2400x1080,6.6,IPS LCD,13MP+2MP,5MP,6000,10W,4,128,No,No,USB-C 2.0,171,149,Public specifications
Edge 50 11 Ultra,Motorola,2024,Android 13,Apple A16,2992x1344,6.2,LTPO AMOLED,50MP+12MP+12MP,16MP,4422,27W+15W MagSafe,16,512,Yes,Yes,USB-C 3.2,230,1199,Public specifications
Redmi 10 53,Xiaomi,2019,Android 11,Unisoc T606,1560x720,6.52,IPS LCD,50MP+2MP,5MP,4900,10W,3,32,No,No,USB-C 2.0,192,79,Public specifications
Pixel 4a 25 Plus,Google,2021,Android 11,Snapdragon 750G,2340x1080,6.72,AMOLED,50MP+8MP+2MP,16MP,4600,30W,6,64,Yes,Yes,USB-C 2.0,187,199,Public specifications
Xperia 10 33s,Sony,2024,Android 13,Helio G99,2400x1080,6.6,IPS LCD,64MP+8MP+2MP,13MP,5000,18W,4,128,Yes,Yes,USB-C 2.0,186,229,Public specifications
TCL 50 24s,TCL,2020,Android 14,Helio G99,2400x1080,6.6,AMOLED,64MP+2MP+2MP,16MP,5000,25W,6,128,Yes,Yes,USB-C 2.0,172,249,Public specifications
Axon 50 18 Lite,ZTE,2019,Android 13,Dimensity 8300,2400x1080,6.74,AMOLED,50MP+32MP+12MP,16MP,5000,80W,8,256,Yes,Yes,USB-C 2.0,175,499,Public specifications
Oppo A5 27 Neo,Oppo,2022,Android 11,Helio G80,1612x720,6.56,IPS LCD,50MP+2MP+2MP,8MP,6000,10W,4,128,No,No,USB-C 2.0,189,149,Public specifications
Zenfone 11 85 Lite,Asus,2022,Android 14,Apple A17 Pro,2992x1344,6.8,LTPO AMOLED,50MP+50MP+64MP,32MP,5050,30W+23W wireless,12,512,Yes,Yes,USB-C 3.2,245,999,Public specifications
Moto G72 33,Motorola,2022,Android 12,Dimensity 8100,2400x1080,6.74,pOLED,64MP+8MP+2MP,16MP,4600,65W,8,128,Yes,Yes,USB-C 2.0,208,399,Public specifications
Moto G73 15 5G,Motorola,2023,Android 12,Snapdragon 732G,2340x1080,6.7,AMOLED,48MP+5MP+2MP,16MP,5000,18W,6,128,Yes,Yes,USB-C 2.0,174,249,Public specifications
Nova 6 39s,Huawei,2021,HarmonyOS 2,Snapdragon 720G,2400x1080,6.7,IPS LCD,50MP+8MP+2MP,8MP,5100,67W,6,64,Yes,Yes,USB-C 2.0,180,199,Public specifications
Y35 18,Vivo,2023,Android 11,Snapdragon 450,1612x720,6.65,IPS LCD,50MP+2MP+2MP,5MP,4900,10W,4,64,No,No,USB-C 2.0,206,129,Public specifications
OnePlus 12 93 Ultra,OnePlus,2019,Android 14,Google Tensor G3,3168x1440,6.1,AMOLED,50MP+12MP+12MP,32MP,4700,120W+50W wireless,16,512,Yes,Yes,USB-C 3.2,221,1199,Public specifications
Meizu 21 37 5G,Meizu,2023,Android 13,Snapdragon 888,2772x1240,6.7,AMOLED,50MP+50MP+8MP,12MP,4600,65W,6,128,Yes,Yes,USB-C 2.0,186,349,Public specifications
Play 6 1 Pro,Honor,2019,Android 13,Snapdragon 695,2340x1080,6.67,AMOLED,50MP+8MP+5MP,13MP,5000,18W,4,128,Yes,Yes,USB-C 2.0,200,229,Public specifications
Pixel 8 94 5G,Google,2023,Android 14,Exynos 2100,2796x1290,5.92,LTPO OLED,48MP+12MP+12MP,12MP,5050,30W+23W wireless,16,512,Yes,Yes,USB-C 3.2,221,1199,Public specifications
Nova 8 49 Neo,Huawei,2022,HarmonyOS 3,Exynos 1380,2772x1240,6.6,AMOLED,64MP+8MP+2MP,20MP,4600,80W,12,256,Yes,Yes,USB-C 2.0,190,599,Public specifications
C25 30 Max,Realme,2020,Android 11,Snapdragon 480,1600x720,6.52,IPS LCD,50MP+2MP+2MP,8MP,5000,15W,3,32,No,No,USB-C 2.0,191,79,Public specifications
Fairphone 5 60 Max,Fairphone,2024,Android 12,Dimensity 1200,2400x1080,6.67,Super AMOLED,50MP+8MP+2MP,16MP,5000,80W,6,128,Yes,Yes,USB-C 2.0,183,349,Public specifications
Xperia Pro 28 Ultra,Sony,2024,Android 13,Snapdragon 8+ Gen 1,3088x1440,6.7,LTPO AMOLED,48MP+12MP+12MP,12MP,4610,90W+50W wireless,12,256,Yes,Yes,USB-C 3.2,222,799,Public specifications
Meizu 20 12 Ultra,Meizu,2023,Android 13,Snapdragon 870,2412x1080,6.78,AMOLED,50MP+8MP+2MP,16MP,4600,65W,12,256,Yes,Yes,USB-C 2.0,209,599,Public specifications
Blade A7 6 Neo,ZTE,2020,Android 11,Helio G90T,2340x1080,6.7,AMOLED,108MP+2MP+2MP,16MP,5000,44W,6,128,Yes,Yes,USB-C 2.0,196,249,Public specifications
Meizu 20 12 Plus,Meizu,2021,Android 13,Exynos 1380,2772x1240,6.74,AMOLED,50MP+32MP+12MP,20MP,4600,80W,12,512,Yes,Yes,USB-C 2.0,197,699,Public specifications
iQOO 11 4+,iQOO,2024,Android 13,Snapdragon 8 Gen 3,3168x1440,6.2,AMOLED,48MP+12MP+12MP,10.5MP,4900,45W+15W wireless,12,512,Yes,Yes,USB-C 3.2,187,999,Public specifications
Axon 50 27 Lite,ZTE,2023,Android 12,Snapdragon 778G,2712x1220,6.5,AMOLED,50MP+12MP+10MP,16MP,5000,80W,12,512,Yes,Yes,USB-C 2.0,183,699,Public specifications
Galaxy A1 93 Lite,Samsung,2024,Android 13,Dimensity 7200,2340x1080,6.6,IPS LCD,50MP+8MP+5MP,8MP,5100,67W,6,64,Yes,Yes,USB-C 2.0,174,199,Public specifications
Camon 20 49,Tecno,2019,Android 13,Snapdragon 732G,2340x1080,6.5,AMOLED,64MP+8MP+2MP,13MP,5000,25W,6,64,Yes,Yes,USB-C 2.0,180,199,Public specifications
Pixel 8a 54+,Google,2023,Android 13,Dimensity 7050,2400x1080,6.74,IPS LCD,64MP+2MP+2MP,16MP,4500,33W,4,128,Yes,Yes,USB-C 2.0,203,229,Public specifications
Desire 22 21 SE,HTC,2023,Android 13,Dimensity 1200,2400x1080,6.5,Super AMOLED,50MP+32MP+12MP,32MP,5000,67W,12,512,Yes,Yes,USB-C 2.0,203,699,Public specifications
Moto G100 78 Lite,Motorola,2023,Android 13,Google Tensor G2,2400x1080,6.78,AMOLED,64MP+8MP+2MP,16MP,4500,100W,12,512,Yes,Yes,USB-C 2.0,204,699,Public specifications
Mi 10 89 Pro,Xiaomi,2023,Android 13,Snapdragon 8 Gen 2,2992x1344,5.92,LTPO AMOLED,50MP+12MP+12MP,12MP,5000,100W,16,512,Yes,Yes,USB-C 3.2,230,1199,Public specifications
Blade V50 67 Pro,ZTE,2023,Android 11,Dimensity 920,2400x1080,6.72,IPS LCD,50MP+8MP+5MP,16MP,5000,25W,6,128,Yes,Yes,USB-C 2.0,204,249,Public specifications
Meizu 21 69 Plus,Meizu,2021,Android 13,Snapdragon 7 Gen 1,2712x1220,6.6,AMOLED,50MP+32MP+12MP,12MP,4600,80W,12,256,Yes,Yes,USB-C 2.0,210,599,Public specifications
Redmi 10 55 Neo,Xiaomi,2023,Android 10,Snapdragon 439,1612x720,6.5,IPS LCD,13MP+5MP,5MP,4500,10W,2,32,No,No,USB-C 2.0,174,59,Public specifications
60 Pro 55s,Honor,2021,Android 12,Dimensity 1200,2400x1080,6.74,AMOLED,64MP+12MP+5MP,20MP,5000,67W,8,256,Yes,Yes,USB-C 2.0,196,499,Public specifications
Galaxy A5 4s,Samsung,2024,Android 12,Google Tensor G2,2400x1080,6.5,AMOLED,50MP+50MP+8MP,16MP,4600,80W,12,256,Yes,Yes,USB-C 2.0,215,599,Public specifications
Nova 7 89 Lite,Huawei,2024,Android 10,Dimensity 1080,2400x1080,6.5,AMOLED,50MP+2MP+2MP,13MP,5000,44W,8,256,Yes,Yes,USB-C 2.0,208,349,Public specifications
Galaxy A7 41 Max,Samsung,2021,Android 13,Exynos 1280,2400x1080,6.78,AMOLED,50MP+50MP+8MP,12MP,5000,80W,12,256,Yes,Yes,USB-C 2.0,191,599,Public specifications
OnePlus Nord 3 19 SE,OnePlus,2019,Android 14,Exynos 1280,2412x1080,6.7,AMOLED,50MP+32MP+12MP,16MP,4500,100W,12,512,Yes,Yes,USB-C 2.0,184,699,Public specifications
Nord CE 80,OnePlus,2019,Android 13,Dimensity 7200,2400x1080,6.7,IPS LCD,50MP+2MP+2MP,13MP,4600,30W,6,64,Yes,Yes,USB-C 2.0,172,199,Public specifications
Magic 6 85 5G,Honor,2024,Android 13,Apple A14,3200x1440,6.7,LTPO AMOLED,50MP+48MP+12MP,16MP,5400,100W+50W wireless,12,256,Yes,Yes,USB-C 3.2,218,799,Public specifications
Moto G Stylus 49 SE,Motorola,2020,Android 13,Snapdragon 7 Gen 1,2772x1240,6.7,AMOLED,50MP+12MP+10MP,32MP,4600,65W,12,256,Yes,Yes,USB-C 2.0,195,599,Public specifications
Find X8 40 Pro,Oppo,2022,Android 14,Exynos 2200,3168x1440,6.1,AMOLED,50MP+48MP+48MP,12MP,4422,27W+15W MagSafe,16,512,Yes,Yes,USB-C 3.2,198,1199,Public specifications
Xperia L 80 Ultra,Sony,2020,Android 13,Snapdragon 4 Gen 1,2400x1080,6.6,AMOLED,50MP+8MP+5MP,13MP,5100,67W,4,128,Yes,Yes,USB-C 2.0,174,229,Public specifications
Galaxy F0 16 Max,Samsung,2021,Android 10,Helio A22,1560x720,6.72,IPS LCD,13MP+2MP,8MP,5050,18W,2,32,No,No,USB-C 2.0,206,59,Public specifications
OnePlus Nord N 64 Lite,OnePlus,2021,Android 12,Dimensity 920,2400x1080,6.7,IPS LCD,50MP+2MP+2MP,16MP,4600,30W,6,128,Yes,Yes,USB-C 2.0,185,249,Public specifications
OnePlus Open 19 Max,OnePlus,2020,Android 13,Google Tensor G4,3168x1440,6.7,AMOLED,200MP+12MP+10MP+10MP,12MP,4700,120W+50W wireless,16,512,Yes,Yes,USB-C 3.2,186,1199,Public specifications
Xperia L 48 Plus,Sony,2022,Android 12,Dimensity 7050,2400x1080,6.5,IPS LCD,64MP+8MP+2MP,8MP,5100,67W,8,256,Yes,Yes,USB-C 2.0,172,349,Public specifications
Smart 6 81 Max,Infinix,2019,Android 11,Helio G80,1600x720,6.75,PLS LCD,8MP+2MP,8MP,6000,10W,4,128,No,No,USB-C 2.0,176,149,Public specifications
Reno 6 87 Ultra,Oppo,2019,Android 13,Dimensity 7200,2412x1080,6.74,AMOLED,64MP+2MP+2MP,16MP,4500,33W,8,128,Yes,Yes,USB-C 2.0,175,299,Public specifications
Y15 53 5G,Vivo,2019,Android 11,Snapdragon 439,1600x720,6.72,PLS LCD,13MP+2MP+2MP,8MP,6000,10W,4,64,No,No,USB-C 2.0,188,129,Public specifications
Xperia 10 43 Pro,Sony,2021,Android 13,Dimensity 1080,2412x1080,6.5,AMOLED,50MP+8MP+5MP,13MP,5000,44W,8,256,Yes,Yes,USB-C 2.0,210,349,Public specifications
Galaxy F0 27 Lite,Samsung,2019,Android 11,Helio P65,1600x720,6.72,PLS LCD,13MP+5MP,8MP,5000,18W,4,128,No,No,USB-C 2.0,190,149,Public specifications
Axon 50 14+,ZTE,2019,Android 12,Snapdragon 7 Gen 1,2400x1080,6.74,Super AMOLED,50MP+32MP+12MP,16MP,4800,65W,12,512,Yes,Yes,USB-C 2.0,209,699,Public specifications
Galaxy M0 76+,Samsung,2024,Android 11,Unisoc T606,1600x720,6.6,IPS LCD,13MP+5MP,5MP,5000,10W,4,64,No,No,USB-C 2.0,185,129,Public specifications
Xperia 1 5+,Sony,2023,Android 14,Snapdragon 8 Gen 1,2556x1179,6.8,OLED,108MP+12MP+10MP+10MP,32MP,4610,90W+50W wireless,12,256,Yes,Yes,USB-C 3.2,239,799,Public specifications
Oppo A1 68,Oppo,2019,Android 12,Helio G88,1612x720,6.65,IPS LCD,13MP+5MP,8MP,6000,10W,4,64,No,No,USB-C 2.0,186,99,Public specifications
iQOO Z9 71 Pro,iQOO,2022,Android 12,Snapdragon 888+,2412x1080,6.6,AMOLED,50MP+32MP+12MP,16MP,4700,67W,12,512,Yes,Yes,USB-C 2.0,215,699,Public specifications
TCL 40 94 5G,TCL,2020,Android 13,Snapdragon 7s Gen 2,2412x1080,6.74,AMOLED,64MP+8MP+2MP,16MP,5000,33W,4,128,Yes,Yes,USB-C 2.0,195,229,Public specifications
Find X6 8+,Oppo,2021,Android 13,Google Tensor G4,2556x1179,6.82,OLED,50MP+12MP+12MP,12MP,4700,120W+50W wireless,12,256,Yes,Yes,USB-C 3.2,199,799,Public specifications
Xperia 5 44,Sony,2023,Android 14,Apple A17 Pro,3200x1440,6.82,LTPO AMOLED,50MP+50MP+50MP,10.5MP,4900,45W+15W wireless,12,512,Yes,Yes,USB-C 3.2,217,999,Public specifications
OnePlus 12 58 5G,OnePlus,2024,Android 13,Dimensity 9300,2796x1290,6.1,LTPO OLED,50MP+50MP+64MP,12MP,5000,45W+15W wireless,16,256,Yes,Yes,USB-C 3.2,232,1099,Public specifications
Pop 7 67 Plus,Tecno,2021,Android 10,Snapdragon 680,1600x720,6.75,IPS LCD,13MP+2MP,8MP,4500,10W,4,64,No,No,USB-C 2.0,180,99,Public specifications
GT 5 56,Realme,2019,Android 14,Snapdragon 8+ Gen 1,3088x1440,6.2,LTPO AMOLED,200MP+12MP+10MP+10MP,50MP,4422,27W+15W MagSafe,12,256,Yes,Yes,USB-C 3.2,218,799,Public specifications
Meizu 21 50 Max,Meizu,2022,Android 14,Exynos 1380,2400x1080,6.74,AMOLED,50MP+50MP+8MP,16MP,5000,67W,8,256,Yes,Yes,USB-C 2.0,179,499,Public specifications
Nokia G6 13 Pro,Nokia,2022,Android 12,Snapdragon 888,2772x1240,6.78,AMOLED,108MP+8MP+2MP,20MP,4500,100W,8,128,Yes,Yes,USB-C 2.0,207,399,Public specifications
Mate 60 74+,Huawei,2023,HarmonyOS 3,Kirin 9010,3168x1440,6.2,AMOLED,108MP+12MP+10MP+10MP,50MP,4900,45W+15W wireless,8,256,Yes,Yes,USB-C 3.2,238,699,Public specifications
Edge 40 15 Lite,Motorola,2021,Android 13,Google Tensor G4,2556x1179,6.7,OLED,50MP+48MP+48MP,12MP,5000,100W,12,512,Yes,Yes,USB-C 3.2,200,999,Public specifications
Y12 68 Pro,Vivo,2024,Android 12,Snapdragon 680,1600x720,6.65,IPS LCD,13MP+5MP,5MP,4500,10W,4,128,No,No,USB-C 2.0,172,149,Public specifications
Galaxy A0 58,Samsung,2019,Android 12,Unisoc T616,1600x720,6.72,IPS LCD,13MP+2MP+2MP,8MP,5000,18W,3,32,No,No,USB-C 2.0,183,79,Public specifications
Moto G52 3 Neo,Motorola,2023,Android 11,Snapdragon 750G,2412x1080,6.74,AMOLED,50MP+8MP+5MP,16MP,5000,18W,4,128,Yes,Yes,USB-C 2.0,209,229,Public specifications
Play 6 74 Max,Honor,2024,Android 13,Snapdragon 7s Gen 2,2340x1080,6.72,IPS LCD,48MP+5MP+2MP,13MP,5000,44W,4,128,Yes,Yes,USB-C 2.0,199,229,Public specifications
Mi 10 19 Plus,Xiaomi,2023,Android 14,Dimensity 9200,2556x1179,6.7,OLED,50MP+50MP+64MP,16MP,5050,30W+23W wireless,12,512,Yes,Yes,USB-C 3.2,191,999,Public specifications
Moto G84 40 SE,Motorola,2021,Android 13,Helio G99,2400x1080,6.6,IPS LCD,50MP+8MP+2MP,16MP,5000,33W,8,128,Yes,Yes,USB-C 2.0,179,299,Public specifications
iQOO Z9 73 Plus,iQOO,2022,Android 13,Snapdragon 7 Gen 3,2400x1080,6.5,pOLED,50MP+32MP+12MP,16MP,4800,65W,12,512,Yes,Yes,USB-C 2.0,215,699,Public specifications
POCO M5 4s,Xiaomi,2020,Android 12,Dimensity 1080,2400x1080,6.74,IPS LCD,64MP+2MP+2MP,16MP,4500,33W,4,128,Yes,Yes,USB-C 2.0,203,229,Public specifications
Magic 6 86s,Honor,2021,Android 14,Dimensity 9200,3168x1440,6.1,AMOLED,50MP+50MP+50MP,12MP,4900,45W+15W wireless,8,256,Yes,Yes,USB-C 3.2,237,699,Public specifications
Galaxy Z Flip 85+,Samsung,2022,Android 13,Apple A17 Pro,3168x1440,6.2,AMOLED,50MP+50MP+64MP,32MP,4422,27W+15W MagSafe,8,256,Yes,Yes,USB-C 3.2,222,699,Public specifications
iQOO 11 56s,iQOO,2024,Android 13,Google Tensor G3,3088x1440,6.8,LTPO AMOLED,50MP+50MP+64MP,12MP,4610,90W+50W wireless,16,256,Yes,Yes,USB-C 3.2,189,1099,Public specifications
Camon 20 72 Neo,Tecno,2021,Android 12,Snapdragon 4 Gen 1,2400x1080,6.72,IPS LCD,64MP+8MP+2MP,16MP,5100,67W,8,128,Yes,Yes,USB-C 2.0,206,299,Public specifications
Nokia G4 25 5G,Nokia,2021,Android 12,Dimensity 7050,2412x1080,6.72,AMOLED,50MP+8MP+2MP,16MP,4600,30W,8,256,Yes,Yes,USB-C 2.0,210,349,Public specifications
U23 Pro 22 Neo,HTC,2023,Android 12,Snapdragon 888,2772x1240,6.67,AMOLED,50MP+8MP+2MP,16MP,5000,80W,6,128,Yes,Yes,USB-C 2.0,200,349,Public specifications
Meizu 20 8+,Meizu,2020,Android 13,Snapdragon 888+,2400x1080,6.74,pOLED,50MP+32MP+12MP,32MP,4600,80W,8,128,Yes,Yes,USB-C 2.0,214,399,Public specifications
Nokia G4 9 Max,Nokia,2023,Android 11,Dimensity 920,2400x1080,6.74,AMOLED,108MP+2MP+2MP,8MP,5000,33W,8,256,Yes,Yes,USB-C 2.0,174,349,Public specifications
Pop 7 59 Max,Tecno,2024,Android 10,Snapdragon 450,1612x720,6.6,IPS LCD,8MP+2MP,5MP,6000,10W,3,32,No,No,USB-C 2.0,191,79,Public specifications
X8 94 Ultra,Honor,2022,Android 11,Snapdragon 720G,2340x1080,6.7,IPS LCD,48MP+5MP+2MP,8MP,5000,33W,6,64,Yes,Yes,USB-C 2.0,208,199,Public specifications
Moto G53 8 Neo,Motorola,2020,Android 11,Snapdragon 732G,2340x1080,6.72,IPS LCD,50MP+2MP+2MP,16MP,5000,44W,8,128,Yes,Yes,USB-C 2.0,192,299,Public specifications
Galaxy A5 63s,Samsung,2023,Android 14,Snapdragon 888+,2400x1080,6.74,pOLED,50MP+12MP+10MP,16MP,4700,67W,6,128,Yes,Yes,USB-C 2.0,179,349,Public specifications
iQOO Neo 8 51 Plus,iQOO,2022,Android 12,Exynos 1280,2412x1080,6.5,AMOLED,108MP+8MP+2MP,16MP,4700,67W,8,256,Yes,Yes,USB-C 2.0,189,499,Public specifications
Xiaomi 13 46 Pro,Xiaomi,2022,Android 14,Apple A15,2796x1290,6.1,LTPO OLED,50MP+50MP+64MP,12MP,5000,100W,8,256,Yes,Yes,USB-C 3.2,185,699,Public specifications
Pixel 7a 11 SE,Google,2023,Android 14,Snapdragon 732G,2400x1080,6.6,AMOLED,50MP+2MP+2MP,13MP,5000,25W,6,64,Yes,Yes,USB-C 2.0,190,199,Public specifications
Redmi A1 70 SE,Xiaomi,2024,Android 13,Helio G37,2400x1080,6.5,IPS LCD,13MP+2MP,5MP,5000,10W,6,64,No,No,USB-C 2.0,199,169,Public specifications
Moto G54 76,Motorola,2022,Android 12,Helio G90T,2400x1080,6.6,IPS LCD,50MP+8MP+5MP,13MP,4500,33W,6,128,Yes,Yes,USB-C 2.0,188,249,Public specifications
GT Neo 5 56 5G,Realme,2019,Android 12,Dimensity 8300,2400x1080,6.78,AMOLED,64MP+8MP+2MP,16MP,4700,67W,12,256,Yes,Yes,USB-C 2.0,200,599,Public specifications
Y12 19 Neo,Vivo,2020,Android 10,Exynos 850,2400x1080,6.5,IPS LCD,50MP+2MP+2MP,5MP,5000,10W,4,64,No,No,USB-C 2.0,205,99,Public specifications
Mi 11 14s,Xiaomi,2024,Android 13,Apple A15,2796x1290,5.92,LTPO OLED,50MP+50MP+64MP,10.5MP,5400,100W+50W wireless,16,512,Yes,Yes,USB-C 3.2,223,1199,Public specifications
V25 30 Plus,Vivo,2021,Android 13,Snapdragon 870,2400x1080,6.74,AMOLED,50MP+50MP+8MP,12MP,4700,67W,6,128,Yes,Yes,USB-C 2.0,201,349,Public specifications
Galaxy M5 74 Neo,Samsung,2024,Android 12,Google Tensor G2,2400x1080,6.67,AMOLED,50MP+12MP+10MP,12MP,4800,65W,12,512,Yes,Yes,USB-C 2.0,182,699,Public specifications
